,num_nodes,edge_prob,number_train_samples_per_dataset,root_std,non_root_std,graph_info_score,baseline_binary,attention_binary,baseline_beta,attention_beta,baseline_uncertain,attention_uncertain
0,19,0.3555389940738678,20,1.242855966091156,0.5456527801496642,0.8919667590027701,0.6440632343292236,0.28010302782058716,0.32224100828170776,0.5182040929794312,0.25378257036209106,0.49222296476364136
1,6,0.30276769399642944,182,0.6870661973953247,0.38215934857726097,0.05555555555555555,0.5036457777023315,0.5036966800689697,0.5037469863891602,0.4978380799293518,0.5041741728782654,0.5025631785392761
2,21,0.3156639337539673,132,1.512876033782959,0.7042707590495839,0.30158730158730157,0.5168952941894531,0.522213339805603,0.5198761820793152,0.5142093896865845,0.5177479982376099,0.5201849937438965
3,16,0.1933257132768631,76,1.0931003540754318,0.4023439437150955,0.0078125,0.10688382387161255,0.11373406648635864,0.11813575029373169,0.10994976758956909,0.11564791202545166,0.11535447835922241
4,6,0.11208929866552353,39,1.1698767617344856,0.5913944244384766,0.6388888888888888,0.006727695465087891,-0.0020061731338500977,0.003750324249267578,0.007376313209533691,0.0023073554039001465,-0.0029410123825073242
5,7,0.3010658919811249,182,1.3830036918322246,0.8051430024206638,0.2857142857142857,0.020575523376464844,-0.003579378128051758,0.019336163997650146,0.023720085620880127,0.02402275800704956,0.028905093669891357
6,16,0.2334229201078415,133,1.6156260013580321,0.5920821211554788,0.2734375,0.08278918266296387,0.107815682888031,0.0733460783958435,0.12879109382629395,0.09019285440444946,0.1402565836906433
7,17,0.3482697904109955,9,1.1216928362846375,0.5334198474884033,0.3737024221453287,0.19134831428527832,-0.1543135643005371,0.26860755681991577,0.11261516809463501,0.25914305448532104,0.1953250765800476
8,10,0.2514602243900299,46,1.2521188348531722,0.5228252828121185,0.72,0.1630449891090393,0.1730968952178955,0.153506338596344,0.16800463199615479,0.15382874011993408,0.15331202745437622
9,25,0.1782471239566803,163,1.1015161201357841,0.646122972880091,0.1904,0.6132354736328125,0.5987704992294312,0.6035729646682739,0.600437581539154,0.6150866746902466,0.6056418418884277
10,5,0.14256551861763,34,0.9351344257593155,0.24786460399627686,0.12,0.08683866262435913,-0.0073468685150146484,0.0723758339881897,0.0689551830291748,0.05878704786300659,0.11172491312026978
11,22,0.31776270270347595,30,1.480141043663025,0.5811516642570496,0.11570247933884298,0.3154367208480835,0.6226980686187744,0.24885553121566772,0.4613008499145508,0.1864711046218872,0.39641237258911133
12,24,0.12240812927484512,27,0.8310628347098827,0.5087231583893299,0.8246527777777778,-0.018493175506591797,-0.03702700138092041,-0.016914725303649902,-0.01700007915496826,-0.021651625633239746,-0.0026183128356933594
13,21,0.1324198693037033,75,0.8039804458618164,0.537313075736165,0.1655328798185941,0.6031854152679443,0.551019549369812,0.5871589779853821,0.6092139482498169,0.5895808935165405,0.6243032813072205
14,21,0.15088887512683868,191,0.9646064241727194,0.5105527907609939,0.1927437641723356,0.008758187294006348,0.1384018063545227,0.010226964950561523,0.11800068616867065,0.021233022212982178,0.1252509355545044
15,20,0.16000540554523468,60,1.1463581204414368,0.5980679412682851,0.8125,0.5648528337478638,0.6847236156463623,0.5522497296333313,0.6438623070716858,0.5512973070144653,0.603529691696167
16,21,0.2526332139968872,166,0.8381684074799219,0.5995824469460381,0.31746031746031744,0.7916890382766724,0.6771657466888428,0.7750290632247925,0.7975008487701416,0.7777241468429565,0.7949073314666748
17,14,0.21358996629714966,179,0.8772914856672287,0.5399620950222015,0.8010204081632653,0.33697259426116943,0.28159278631210327,0.3444429636001587,0.32807254791259766,0.33328956365585327,0.330266535282135
18,18,0.20140720903873444,198,0.6807702158888181,0.4412692648669084,0.8395061728395061,0.3591177463531494,0.13845407962799072,0.3237593173980713,0.3372586965560913,0.3512265682220459,0.3170757293701172
19,7,0.3493962585926056,77,1.6479555169741313,0.48837535828351974,0.7959183673469388,0.5584816932678223,0.5469611883163452,0.5566368103027344,0.548126220703125,0.5491576194763184,0.5573381781578064
20,19,0.12938949465751648,63,0.7608869895339012,0.45291577685963025,0.5096952908587258,0.022150635719299316,0.019842445850372314,0.022849321365356445,0.007544279098510742,0.016247570514678955,0.016572952270507812
21,13,0.18303944170475006,31,0.9835163950920105,0.5601909160614014,0.21301775147928995,0.5628167390823364,0.6566150188446045,0.5584167242050171,0.6612302660942078,0.5986983776092529,0.6515766382217407
22,8,0.22248399257659912,26,1.4288508415222168,0.3304043114185333,0.015625,-0.060050368309020996,0.10418623685836792,-0.06250691413879395,0.03970944881439209,-0.05794644355773926,0.0875622034072876
23,19,0.31850874423980713,27,1.6207609971364338,0.5629656873643398,0.5373961218836565,-0.10798013210296631,-0.09506714344024658,-0.07725632190704346,-0.1763993501663208,-0.07655155658721924,-0.13499033451080322
24,20,0.26833289861679077,152,0.3369428515434265,0.6275288007761303,0.2125,0.001294553279876709,0.01506197452545166,0.0025418996810913086,-0.005493760108947754,0.010513365268707275,-0.01491236686706543
25,25,0.1009364053606987,87,1.418014645576477,0.5344655886292458,0.3424,0.8268566131591797,0.8297909498214722,0.8249565362930298,0.8164861798286438,0.8292602896690369,0.8130172491073608
26,15,0.1176566556096077,146,0.7114134218011584,0.36320043727755547,0.49333333333333335,0.07299357652664185,0.007078349590301514,0.061391472816467285,0.07688051462173462,0.05495721101760864,0.02287125587463379
27,10,0.2291625738143921,114,1.28373521566391,0.6842700727283955,0.28,0.4948815107345581,0.4922593832015991,0.4980708360671997,0.5048578977584839,0.4972255229949951,0.4988747835159302
28,4,0.30443838238716125,33,1.6206474304199219,0.4992067217826843,0.8125,0.8965052366256714,0.8877050876617432,0.8960919976234436,0.8986732363700867,0.8849742412567139,0.8914427757263184
29,7,0.3411843776702881,21,1.0433192253112793,0.5606715853015581,0.4897959183673469,0.9378098845481873,0.7635953426361084,0.9364128708839417,0.8503403067588806,0.9377928972244263,0.947521448135376
30,25,0.2895693778991699,184,0.9823208570480346,0.6101622320711613,0.0096,0.24217045307159424,0.3201007843017578,0.28942304849624634,0.2660753130912781,0.24644917249679565,0.2536987066268921
31,11,0.35680708289146423,176,0.7870989044507345,0.5411800723522902,0.6528925619834711,0.0208665132522583,-0.005501747131347656,0.029412925243377686,-0.0031812191009521484,0.03087329864501953,-0.010204553604125977
32,13,0.10973292589187622,77,1.2293185161219702,0.4961206316947937,0.8284023668639053,0.20485687255859375,0.13173681497573853,0.1984369158744812,0.23957514762878418,0.22146481275558472,0.211592435836792
33,13,0.15810909867286682,53,0.8721994981169701,0.7714179992675781,0.20118343195266272,0.1846866011619568,0.23493623733520508,0.19811832904815674,0.2126750349998474,0.2059788703918457,0.2281513810157776
34,24,0.13575685024261475,85,1.0930285453796387,0.4433844489486594,0.5052083333333334,0.05248314142227173,0.1370711326599121,0.01160341501235962,0.1312795877456665,0.02000558376312256,0.09347879886627197
35,12,0.11801941692829132,162,0.8201790352662405,0.5281096862422096,0.9375,0.5877680778503418,0.48898422718048096,0.5901647806167603,0.5759588479995728,0.5802031755447388,0.5787186622619629
36,12,0.16960828006267548,142,1.4163371721903484,0.4524441237250964,0.3333333333333333,0.24860966205596924,0.23611688613891602,0.2583591938018799,0.1994190812110901,0.21750909090042114,0.22021615505218506
37,15,0.12382780015468597,50,0.650597585099084,0.8275382816791534,0.9866666666666667,0.16615545749664307,0.2910832166671753,0.18666034936904907,0.18868392705917358,0.16900944709777832,0.14955729246139526
38,25,0.3461891710758209,137,1.8180874188741047,0.7491364092989401,0.752,0.7144858241081238,0.6151760220527649,0.6555261015892029,0.6343905925750732,0.6353859901428223,0.6890879273414612
39,13,0.3106696307659149,166,0.5456902459263802,0.6636057330502404,0.28994082840236685,0.20248383283615112,0.17832672595977783,0.2087845802307129,0.18233191967010498,0.21672457456588745,0.21129608154296875
40,8,0.2259078174829483,175,0.6616311172644297,0.7403401970863343,0.890625,0.05510932207107544,-0.015864849090576172,0.059860050678253174,0.008022844791412354,0.0557895302772522,0.0317082405090332
41,5,0.2952379584312439,9,1.1365646719932556,0.5464709252119064,0.08,0.09512734413146973,0.6217994093894958,0.037148356437683105,0.3940649628639221,0.24087166786193848,0.4676031470298767
42,21,0.2905753254890442,98,1.8412283658981323,0.6625022027227614,0.23356009070294784,0.029600858688354492,0.2233310341835022,0.009260296821594238,0.11506420373916626,0.029337406158447266,0.06799352169036865
43,25,0.1216946467757225,140,0.9717638343572617,0.49716881942003965,0.1696,0.5785017013549805,0.5235082507133484,0.533157467842102,0.5148628950119019,0.5717142820358276,0.5665229558944702
44,13,0.2771640717983246,82,0.5267693897088369,0.4849172055721283,0.7928994082840237,0.1452934741973877,0.12571823596954346,0.1369457244873047,0.04643452167510986,0.1407010555267334,0.01324397325515747
45,20,0.18383923172950745,132,0.846708032488823,0.7017180293798446,0.265,0.07489925622940063,0.06215560436248779,0.06833434104919434,0.06184113025665283,0.07656830549240112,0.0633382797241211
46,18,0.2878013253211975,68,0.5885996421178182,0.5579451243082683,0.2654320987654321,0.7564206123352051,0.432375431060791,0.7324957847595215,0.6597011685371399,0.7315940260887146,0.710807204246521
47,18,0.15489111840724945,2,0.38038477301597595,0.6759183911176828,0.09567901234567901,-0.20891714096069336,-0.05857419967651367,-0.2140655517578125,-0.1341562271118164,-0.19680190086364746,-0.10106158256530762
48,16,0.10479135066270828,192,1.3485085027558463,0.5619875523779128,0.98046875,0.5524634718894958,0.503949761390686,0.5481501817703247,0.5519988536834717,0.552937924861908,0.5541874766349792
49,16,0.2491721510887146,103,1.2874348729848861,0.4404827762733806,0.19140625,0.7089812755584717,0.7404359579086304,0.7091736793518066,0.6858019828796387,0.7053781151771545,0.6068665385246277
50,13,0.1024516150355339,199,1.4431244492530824,0.5297718681395054,0.6745562130177515,0.2985561490058899,0.0817076563835144,0.28973525762557983,0.2980128526687622,0.29411983489990234,0.3029704689979553
51,24,0.19772662222385406,46,0.7255875865618387,0.40470173458258313,0.5989583333333334,0.6891186833381653,0.6916539072990417,0.6878170967102051,0.7027045488357544,0.6826111078262329,0.6898435950279236
52,18,0.18815134465694427,59,0.8777332107226054,0.5846671342849732,0.9166666666666666,0.09991228580474854,-0.07184529304504395,0.08499300479888916,0.031524658203125,0.07201528549194336,0.06374073028564453
53,17,0.1311512589454651,50,0.7677928184469541,0.5201629942113702,0.28719723183391005,0.8450362086296082,0.6956351399421692,0.8414427638053894,0.8390601873397827,0.8448585271835327,0.841804027557373
54,5,0.10810928046703339,40,0.5629923455417156,0.45765095949172974,0.68,0.07839840650558472,0.06479930877685547,0.079662024974823,0.08983570337295532,0.08349233865737915,0.09412026405334473
55,13,0.15796512365341187,60,1.454232633113861,0.5821933090686798,0.27218934911242604,0.02421736717224121,0.013422966003417969,0.03617572784423828,0.05196487903594971,0.02458512783050537,0.034876108169555664
56,17,0.1929733157157898,138,1.132278609275818,0.6889915888508161,0.8373702422145328,0.008070051670074463,0.03284132480621338,0.007665455341339111,0.024295389652252197,0.006632506847381592,0.018684744834899902
57,15,0.1952856481075287,131,1.8068889558315278,0.7011871069669724,0.8266666666666667,0.7535631656646729,0.6965014338493347,0.7563924789428711,0.7462562322616577,0.7451109886169434,0.7518262267112732
58,10,0.15129585564136505,199,1.1136508584022522,0.6188571279247602,0.8,0.35347092151641846,0.12207895517349243,0.35343194007873535,0.35107260942459106,0.3565574288368225,0.3525591492652893
59,24,0.150445818901062,53,0.9973384489615759,0.5951710939407349,0.4618055555555556,0.12806928157806396,0.02200716733932495,0.14773809909820557,0.16329878568649292,0.12065845727920532,0.14527344703674316
60,15,0.11386694014072418,9,0.8026171326637268,0.47782958671450615,0.5511111111111111,-0.06371986865997314,-0.1569836139678955,-0.05980491638183594,-0.11669933795928955,-0.04246377944946289,-0.11816036701202393
61,20,0.3145183324813843,192,1.1603192289670308,0.7910018160062677,0.685,0.6169396638870239,0.5464375019073486,0.6058776378631592,0.5922794342041016,0.5928987264633179,0.5994619727134705
62,14,0.12725313007831573,186,1.398304351738521,0.582352203982217,1.0,0.8855527639389038,0.4506118893623352,0.8858748078346252,0.8873103857040405,0.8866572976112366,0.8865307569503784
63,22,0.12080284208059311,90,1.1004019515080885,0.8198123330419714,0.8574380165289256,0.3726353049278259,0.2858033776283264,0.36900246143341064,0.3493596911430359,0.3714413046836853,0.3708372116088867
64,17,0.21693433821201324,93,1.5294443794659205,0.4586096167564392,0.38408304498269896,0.5429288148880005,0.5342705249786377,0.48853248357772827,0.541490912437439,0.43281984329223633,0.5570597052574158
65,9,0.3766584098339081,118,1.0364389941096306,0.6914071321487427,0.2962962962962963,0.5844684839248657,0.5887149572372437,0.5879000425338745,0.5943179130554199,0.5895516872406006,0.593890905380249
66,10,0.2624097764492035,185,1.3215363025665283,0.5368500500917435,0.47,0.7339212894439697,0.7219467759132385,0.7349967956542969,0.7353833913803101,0.7341264486312866,0.7355755567550659
67,23,0.22414878010749817,128,1.3898590207099915,0.42851686626672747,0.24196597353497165,0.8692848682403564,0.8634641170501709,0.8760045766830444,0.8624935150146484,0.8639519214630127,0.8624811768531799
68,14,0.17291028797626495,141,1.7622020483016967,0.5967591305573782,0.7551020408163265,0.9341265559196472,0.9294924139976501,0.9338778257369995,0.9298243522644043,0.932119607925415,0.9337649941444397
69,14,0.21085330843925476,120,1.472732013463974,0.5324472900893953,0.21428571428571427,0.03438675403594971,0.012037694454193115,0.03689908981323242,0.04199838638305664,0.028751611709594727,0.041927337646484375
70,11,0.349735826253891,37,1.007298231124878,0.3897351659834385,0.9504132231404959,0.79407799243927,0.6888977885246277,0.8098442554473877,0.795953094959259,0.7927066683769226,0.804462730884552
71,22,0.15529710054397583,60,1.3577778190374374,0.5027886976798376,0.30578512396694213,0.9676063656806946,0.872686505317688,0.9649369120597839,0.9598914980888367,0.9666462540626526,0.9566356539726257
72,13,0.3714256286621094,172,0.770205557346344,0.45979800671339033,0.5621301775147929,0.07558214664459229,0.0892636775970459,0.05423116683959961,0.046845197677612305,0.06465679407119751,0.07634913921356201
73,10,0.14626920223236084,143,1.042698621749878,0.708058911561966,0.16,0.036612629890441895,0.016033947467803955,0.05254018306732178,0.032871365547180176,0.03835529088973999,0.04407763481140137
74,7,0.2482498437166214,159,0.7591875158250332,0.41692938407262164,0.5306122448979592,0.5446636080741882,0.5400552749633789,0.5534709692001343,0.592134952545166,0.5422428846359253,0.5529868602752686
75,12,0.16058361530303955,195,0.5439672342368534,0.648447972536087,0.5416666666666666,0.3174595236778259,0.1486964225769043,0.31501561403274536,0.3164448142051697,0.314802885055542,0.3159351944923401
76,24,0.13185147941112518,185,0.944225800888879,0.6923445743672988,0.5555555555555556,0.7568989396095276,0.7570874691009521,0.7597634792327881,0.7528027892112732,0.7592206001281738,0.7325527667999268
77,4,0.13803589344024658,141,0.8315977156162262,0.27327369898557663,1.0,0.5780390501022339,0.357166051864624,0.5787784457206726,0.5807439088821411,0.5785518884658813,0.5796433687210083
78,22,0.1287497729063034,195,1.7681407451629638,0.6416551374337253,0.47520661157024796,0.7679895758628845,0.4916899800300598,0.7194854021072388,0.7431674599647522,0.7276064157485962,0.704410195350647
79,12,0.17821866273880005,36,1.0941339612007142,0.6737181629453387,0.041666666666666664,-0.07930421829223633,-0.04793107509613037,-0.07483279705047607,-0.04126942157745361,-0.06834793090820312,-0.061136603355407715
80,24,0.2821713089942932,32,1.4247287660837173,0.592131376943805,0.59375,0.5169186592102051,0.348253071308136,0.4206274747848511,0.5313715934753418,0.41988539695739746,0.46960997581481934
81,20,0.10070698708295822,144,0.8202745980686612,0.5622754950415004,0.225,0.2871477007865906,0.2674890160560608,0.2824387550354004,0.276897132396698,0.2804068326950073,0.28391385078430176
82,3,0.25175997614860535,180,0.47333139181137085,0.5735641121864319,0.1111111111111111,0.29589301347732544,0.29586493968963623,0.29522961378097534,0.2969515919685364,0.2953789234161377,0.2973145842552185
83,22,0.3842160403728485,171,1.0315887729326885,0.5478381812572479,0.25826446280991733,0.26003146171569824,0.1425979733467102,0.2262389063835144,0.23321247100830078,0.24074649810791016,0.22726255655288696
84,4,0.13128769397735596,163,0.9696654081344604,0.45197218656539917,0.9375,0.020874321460723877,-0.0024607181549072266,0.02019292116165161,0.027276575565338135,0.016341328620910645,0.018841266632080078
85,14,0.20935137569904327,36,1.210254567861557,0.4108981324566735,0.9897959183673469,0.023883700370788574,-0.03261721134185791,0.024757862091064453,-0.008734345436096191,0.03224068880081177,0.01819634437561035
86,24,0.11430279165506363,171,0.9937859986509595,0.5261152859996346,0.6770833333333334,0.7393100261688232,0.5494371652603149,0.7273640036582947,0.7513644695281982,0.7316509485244751,0.7333105802536011
87,3,0.3683928847312927,167,1.3223594427108765,0.32264839112758636,0.8888888888888888,0.7582366466522217,0.5621060132980347,0.7517558336257935,0.7603956460952759,0.754179835319519,0.7580105066299438
88,4,0.33305811882019043,114,0.8062642415364584,0.3969736099243164,0.5,0.6350008249282837,0.6294130086898804,0.6332409381866455,0.636304497718811,0.6293424367904663,0.640661358833313
89,8,0.17449548840522766,38,1.4209290742874146,0.26690916419029237,1.0,0.6835635900497437,0.2377927303314209,0.6691057085990906,0.6605284214019775,0.654037594795227,0.6703687310218811
90,18,0.21002423763275146,174,1.397002100944519,0.7865811447302501,0.23148148148148148,0.45766621828079224,0.4614827632904053,0.4354091286659241,0.48544567823410034,0.4559730887413025,0.483598530292511
91,7,0.32924509048461914,84,1.112632691860199,0.6529477298259735,0.10204081632653061,0.5232260823249817,0.5516183376312256,0.528071403503418,0.5451396703720093,0.5171425342559814,0.5531622171401978
92,23,0.10502902418375015,181,1.1515708698166742,0.4836192311985152,0.9187145557655955,-0.008620262145996094,0.0017027854919433594,0.0014965534210205078,-0.056528568267822266,0.003063976764678955,-0.11446154117584229
93,13,0.12951329350471497,126,0.6459702253341675,0.7647932668526968,0.8402366863905325,0.015630722045898438,-0.019553661346435547,0.028396785259246826,-0.01960921287536621,0.0248987078666687,-0.005351901054382324
94,25,0.21658359467983246,108,1.359982614006315,0.5870513725611899,0.8272,0.8605772256851196,0.6207952499389648,0.8569326400756836,0.842110276222229,0.8511590957641602,0.85524582862854
95,19,0.23636753857135773,154,1.1648240064581235,0.7390813689965469,0.8725761772853186,0.8343069553375244,0.6027078628540039,0.8344748616218567,0.8403059840202332,0.8352354168891907,0.8352609872817993
96,3,0.22087933123111725,41,1.2118287980556488,0.9629483819007874,0.7777777777777778,0.2173745036125183,0.18221110105514526,0.21647495031356812,0.22924935817718506,0.21696937084197998,0.22104305028915405
97,21,0.1134147122502327,126,0.9185557901859284,0.6144155656749551,0.9773242630385488,0.4520515203475952,0.2868332266807556,0.4744461178779602,0.4108443260192871,0.4727862477302551,0.4481179118156433
98,15,0.11935263872146606,200,1.3705626279115677,0.6176826705535253,0.9644444444444444,0.44062817096710205,0.03996473550796509,0.4344484210014343,0.4689006209373474,0.4451252222061157,0.45475560426712036
99,22,0.13562683761119843,179,1.0557942787806194,0.623021757373443,0.9008264462809917,0.18405205011367798,0.09367865324020386,0.16953736543655396,0.09944474697113037,0.1742781400680542,0.11047834157943726
100,24,0.1433059424161911,80,1.2143440663814544,0.5771515859024865,0.4826388888888889,-0.058440566062927246,-0.15229177474975586,-0.03772902488708496,-0.0373685359954834,-0.03992760181427002,-0.04224228858947754
101,25,0.21540096402168274,100,0.9972672249589648,0.5732576234473122,0.3872,0.5404993295669556,0.5274413824081421,0.551015317440033,0.5444066524505615,0.5380607843399048,0.570037841796875
102,12,0.3124791383743286,13,1.3950694799423218,0.37854323468425055,0.4722222222222222,0.27462637424468994,0.12805962562561035,0.27757173776626587,0.26590079069137573,0.2178288698196411,0.2558524012565613
103,15,0.149566650390625,57,0.5578653301511493,0.4832834992557764,0.4577777777777778,0.7269879579544067,0.6613385677337646,0.7278192043304443,0.7246640920639038,0.722449004650116,0.7294403314590454
104,9,0.3239986002445221,75,0.8960508853197098,0.4787468250308718,0.3950617283950617,0.9035371541976929,0.8997759819030762,0.9027900099754333,0.8993726968765259,0.9024940729141235,0.8982551693916321
105,8,0.32855772972106934,17,1.1900428334871929,0.5513320446014405,0.546875,-0.01757967472076416,-0.004269719123840332,-0.01393890380859375,-0.03762459754943848,-0.013317465782165527,-0.02506852149963379
106,22,0.2502557039260864,193,1.5408424238363903,0.4740279410034418,0.05991735537190083,0.7216297388076782,0.754404604434967,0.7306955456733704,0.6979551911354065,0.7074456214904785,0.6829667091369629
107,21,0.1363716572523117,63,1.5330851942300796,0.4676384935155511,0.8140589569160998,0.5810216665267944,0.4801288843154907,0.531302809715271,0.5449172258377075,0.5646697282791138,0.5437653064727783
108,12,0.2912696301937103,72,1.076408326625824,0.6183924674987793,0.2013888888888889,0.7836995124816895,0.20009857416152954,0.7582746148109436,0.7486567497253418,0.7924376726150513,0.7061121463775635
109,19,0.14844323694705963,183,0.9326515964099339,0.6633087396621704,0.9667590027700831,0.49031245708465576,0.49087411165237427,0.49393153190612793,0.505781888961792,0.5068227052688599,0.4873538017272949
110,14,0.15395291149616241,14,0.85034808019797,0.39213223941624165,0.8469387755102041,-0.06684434413909912,-0.1529611349105835,-0.05298912525177002,-0.1295245885848999,-0.059372544288635254,-0.07076787948608398
111,19,0.39394786953926086,127,2.9706623554229736,0.7775014837582906,0.9944598337950139,0.981095016002655,0.8761131167411804,0.9783162474632263,0.978643000125885,0.9783880114555359,0.9774418473243713
112,8,0.18823237717151642,41,1.0995162203907967,0.516393393278122,0.734375,0.030380606651306152,-0.03804731369018555,0.04167616367340088,0.00348818302154541,0.04059714078903198,0.07700014114379883
113,4,0.26268520951271057,115,1.6635251839955647,0.3849707841873169,0.625,0.35745060443878174,0.3639404773712158,0.36436378955841064,0.37596094608306885,0.36700212955474854,0.37055665254592896
114,15,0.3864257037639618,189,0.3166194558143616,0.625890946813992,0.06222222222222222,0.7424577474594116,0.7765748500823975,0.6454609632492065,0.6691126823425293,0.6577935814857483,0.7224013805389404
115,14,0.2960103154182434,72,0.6782923638820648,0.7963480042914549,0.6836734693877551,0.772376537322998,0.7507994174957275,0.7741024494171143,0.7764235734939575,0.7715564966201782,0.773101806640625
116,24,0.3942323923110962,88,2.5703885555267334,0.7384390954090201,0.2222222222222222,0.7912038564682007,0.775907039642334,0.7748909592628479,0.7805486917495728,0.7194793224334717,0.8016162514686584
117,17,0.21447616815567017,163,1.0384668171405793,0.5031533787647883,0.2906574394463668,-0.052752017974853516,-0.040497779846191406,-0.04627406597137451,-0.04359424114227295,-0.046145081520080566,-0.037047624588012695
118,15,0.380594938993454,104,0.5737142562866211,0.6891787486771742,0.4711111111111111,0.5000944137573242,0.5211238265037537,0.5571156740188599,0.5010578036308289,0.5287344455718994,0.41030651330947876
119,16,0.15196725726127625,137,1.0219893356164296,0.65206368714571,0.6328125,-0.02180337905883789,-0.013443946838378906,-0.03463256359100342,-0.04407811164855957,-0.02906978130340576,-0.04004693031311035
120,20,0.19219619035720825,48,1.57643381357193,0.6250458717346191,0.0125,0.5808724164962769,0.6338063478469849,0.5675867795944214,0.5697896480560303,0.5733685493469238,0.5826791524887085
121,15,0.3187234401702881,37,1.1939749047160149,0.3778566826473583,0.06222222222222222,0.5065926909446716,0.622713565826416,0.4951106905937195,0.5552494525909424,0.4608972668647766,0.5391255617141724
122,7,0.1282653659582138,34,0.8394692689180374,0.8752313256263733,0.20408163265306123,-0.03162205219268799,-0.02464592456817627,-0.02987813949584961,-0.02662181854248047,-0.01999843120574951,-0.023930072784423828
123,25,0.16059330105781555,145,1.05388024023601,0.6166351528631316,0.0,0.14372968673706055,0.18992996215820312,0.13917005062103271,0.19089967012405396,0.15337544679641724,0.18657398223876953
124,22,0.21716627478599548,119,0.6564734975496928,0.5029491437108893,0.45041322314049587,0.7886132001876831,0.5877115726470947,0.7871595621109009,0.7478176355361938,0.764199435710907,0.7699819803237915
125,10,0.21983100473880768,170,0.5911251902580261,0.5046508386731148,0.21,0.2301464080810547,0.22035223245620728,0.23247408866882324,0.2271401286125183,0.2390139102935791,0.23539239168167114
126,19,0.30141061544418335,76,0.8624705374240875,0.5924309883266687,0.7506925207756233,0.7450994849205017,0.49065566062927246,0.7401354908943176,0.7136567234992981,0.723038911819458,0.6921417713165283
127,11,0.3911846876144409,48,1.3205747827887535,0.46520647075441146,0.2396694214876033,0.7889057397842407,0.7894636988639832,0.7869469523429871,0.7908948659896851,0.7918605804443359,0.7992666959762573
128,21,0.1554446965456009,94,1.1795614883303642,0.6538375937021695,0.8594104308390023,0.6231033802032471,0.5084477066993713,0.5953760147094727,0.6255782842636108,0.6247447729110718,0.6127923130989075
129,7,0.25582584738731384,149,0.8464609384536743,0.8358270168304444,0.5918367346938775,0.8932792544364929,0.7957404255867004,0.897538423538208,0.8974811434745789,0.8952919840812683,0.8935452699661255
130,13,0.16317026317119598,47,1.5459050039450328,0.5075227043458393,0.2603550295857988,0.17474710941314697,0.1750115156173706,0.19460225105285645,0.18279463052749634,0.2210962176322937,0.16244256496429443
131,21,0.2201932966709137,112,1.5276116132736206,0.4035913199186325,0.9002267573696145,-0.045781850814819336,0.008665680885314941,-0.02114689350128174,-0.02003192901611328,-0.02885890007019043,-0.0025484561920166016
132,6,0.33907610177993774,105,1.0595194697380066,0.5313963492711385,0.6666666666666666,-0.026634573936462402,-0.022202491760253906,-0.025492310523986816,-0.018952608108520508,-0.023898959159851074,-0.03019583225250244
133,15,0.37958550453186035,49,0.37339626252651215,0.4295399464093722,0.16444444444444445,-0.01620638370513916,-0.02915322780609131,-0.013940572738647461,-0.016198158264160156,-0.010026216506958008,-0.021025419235229492
134,18,0.1310882568359375,72,0.7398134299686977,0.9374724314971403,0.7345679012345679,0.47089439630508423,0.29780977964401245,0.4837888479232788,0.4535122513771057,0.4800880551338196,0.48603111505508423
135,9,0.24325881898403168,173,1.334642509619395,0.4229046603043874,0.30864197530864196,-0.00556492805480957,-0.015735864639282227,-0.006378650665283203,-0.006907224655151367,-0.004277706146240234,-0.008696794509887695
136,5,0.29390639066696167,108,0.6080006062984467,0.5932306051254272,0.8,-0.04332530498504639,-0.12646079063415527,-0.0614323616027832,-0.06556463241577148,-0.05615973472595215,-0.06582880020141602
137,23,0.26735562086105347,158,1.1334122121334076,0.6056577829938186,0.5160680529300568,0.49930340051651,0.36986708641052246,0.2110377550125122,0.43927454948425293,0.18317747116088867,0.43250131607055664
138,20,0.18121156096458435,72,1.130997009575367,0.7444181367754936,0.54,0.4876008629798889,0.45197075605392456,0.46804630756378174,0.49135667085647583,0.4607454538345337,0.46743708848953247
139,12,0.2299487292766571,146,0.8889107823371887,0.5688455956322807,0.020833333333333332,0.45491838455200195,0.4319648742675781,0.4609965682029724,0.46305203437805176,0.4523580074310303,0.4621514081954956
140,9,0.3545655906200409,54,0.7434929311275482,0.5481874644756317,0.9382716049382716,-0.07307660579681396,-0.06673073768615723,-0.07505536079406738,-0.06744050979614258,-0.06082046031951904,-0.0519183874130249
141,15,0.15259790420532227,15,0.7552703499794007,0.5980152219533921,0.17777777777777778,0.05403512716293335,0.34977245330810547,0.039493024349212646,0.363267183303833,0.0547482967376709,0.2534666061401367
142,18,0.1679256409406662,31,1.209966961826597,0.5798784440213983,0.6265432098765432,0.30568403005599976,0.0744968056678772,0.36262184381484985,0.3387591242790222,0.35917049646377563,0.3476954698562622
143,4,0.2817000448703766,109,1.3496276338895161,0.35653361678123474,0.8125,0.7438127398490906,0.7019047737121582,0.7432358264923096,0.7407177686691284,0.7414151430130005,0.7432039976119995
144,9,0.12050798535346985,24,1.2972973414829798,0.9503232836723328,0.5679012345679012,0.4198157787322998,0.2683889865875244,0.4272601008415222,0.4205012917518616,0.42248010635375977,0.4292150139808655
145,9,0.20541147887706757,170,1.5548209697008133,0.42567482590675354,0.5308641975308642,0.26782912015914917,0.16840553283691406,0.2546250820159912,0.25112175941467285,0.26442450284957886,0.24373000860214233
146,22,0.10508613288402557,197,1.132905401289463,0.5386836358479091,0.8822314049586777,0.09090381860733032,0.008386671543121338,0.07483744621276855,0.05154484510421753,0.07990759611129761,0.0808681845664978
147,7,0.3645479679107666,81,0.659071758389473,0.7496112386385599,0.8775510204081632,0.06318461894989014,0.014884412288665771,0.027157247066497803,0.02514582872390747,0.027527451515197754,0.029169738292694092
148,25,0.10497579723596573,100,1.1841144574185212,0.4992105720134882,0.224,0.7222038507461548,0.752871036529541,0.7209911346435547,0.7301468849182129,0.7082344889640808,0.6918944120407104
149,25,0.21322186291217804,166,1.5000680804252624,0.4311569698154926,0.5024,0.9727798700332642,0.9306648373603821,0.967093288898468,0.9642943739891052,0.9633833169937134,0.9703688621520996
150,19,0.18593211472034454,54,0.7555853600303332,0.5452786122377102,0.16620498614958448,0.823855996131897,0.8266121745109558,0.8204275369644165,0.830256998538971,0.8202546238899231,0.83302903175354
151,7,0.27664390206336975,142,1.1481039226055145,0.4560832500457764,0.10204081632653061,-0.06413710117340088,-0.058211326599121094,-0.05904197692871094,-0.03994178771972656,-0.06439268589019775,-0.05337882041931152
152,10,0.2964136302471161,126,0.4220226854085922,0.46234657934733797,0.85,0.8142567276954651,0.6597566604614258,0.7875443696975708,0.7900379300117493,0.8179633617401123,0.7903433442115784
153,10,0.25484499335289,5,0.6217684348424276,0.5243444485323769,0.15,-0.55389404296875,-0.5563892126083374,-0.5683255195617676,-0.5845619440078735,-0.586800217628479,-0.6041810512542725
154,14,0.15310922265052795,148,1.1553002707660198,0.3259769504268964,0.25510204081632654,0.8395841121673584,0.72659832239151,0.8873253464698792,0.7847704887390137,0.8610808849334717,0.8354673385620117
155,3,0.2535306513309479,29,1.651035726070404,0.35659438371658325,0.4444444444444444,0.09997248649597168,0.04670923948287964,0.10490822792053223,0.05304884910583496,0.10829424858093262,0.11121487617492676
156,18,0.18207836151123047,154,0.9693002700805664,0.48752490603006804,0.07716049382716049,0.8286030292510986,0.8392020463943481,0.8297877311706543,0.8252704739570618,0.8309587836265564,0.8228073120117188
157,7,0.11395658552646637,63,1.9777107387781143,1.2534144123395283,0.14285714285714285,-0.07902741432189941,-0.06030428409576416,-0.08715808391571045,-0.050156235694885254,-0.09115076065063477,-0.046744704246520996
158,6,0.22440074384212494,57,1.8340758681297302,0.5369494445621967,0.8055555555555556,0.6268447637557983,0.632415771484375,0.6307612657546997,0.6289993524551392,0.6323922276496887,0.6330217123031616
159,19,0.12114381045103073,165,1.2108997636371188,0.5830185621976852,0.9695290858725761,0.3510291576385498,0.2756354808807373,0.35183829069137573,0.3348432183265686,0.3470911979675293,0.3416454792022705
160,7,0.2089691460132599,193,1.3322694301605225,0.749011504650116,0.20408163265306123,0.8412833213806152,0.8413182497024536,0.8428717851638794,0.8494522571563721,0.841808557510376,0.8434349298477173
161,3,0.10826463252305984,120,1.2338567674160004,0.2859780192375183,0.7777777777777778,0.6063198447227478,0.5525646209716797,0.6039539575576782,0.6033859252929688,0.6007488965988159,0.6048614382743835
162,4,0.33635401725769043,37,2.0003358721733093,0.3428110033273697,0.3125,0.945839524269104,0.9346703290939331,0.945239245891571,0.9474285840988159,0.9454922080039978,0.9483335018157959
163,16,0.15719370543956757,75,1.4061776200930278,0.48995469361543653,0.9921875,0.20071768760681152,0.009622752666473389,0.21547836065292358,0.1513422727584839,0.1538320779800415,0.1457929015159607
164,25,0.18882198631763458,148,1.297016101224082,0.6051604565646913,0.0352,-0.11477196216583252,-0.04513990879058838,-0.12955498695373535,0.01591426134109497,-0.12112689018249512,0.028582394123077393
165,24,0.13959233462810516,103,1.6122392416000366,0.5780324464042982,0.3836805555555556,-0.057781219482421875,0.003572702407836914,-0.048187851905822754,-0.09381258487701416,-0.04445016384124756,-0.09784603118896484
166,20,0.1433510184288025,129,1.3478182926774025,0.6906175625820955,0.675,-0.050200581550598145,0.012719035148620605,-0.043468356132507324,-0.03613710403442383,-0.03217160701751709,-0.04318249225616455
167,21,0.16171041131019592,29,1.2161580324172974,0.6718764709574836,0.46485260770975056,0.28654199838638306,0.23191994428634644,0.29165971279144287,0.3143327832221985,0.2939714193344116,0.3135313391685486
168,10,0.18490275740623474,170,0.6921597570180893,0.5714796806375185,0.35,0.0007866024971008301,-0.006286144256591797,0.0035440921783447266,-0.011654257774353027,0.007634878158569336,-0.022541522979736328
169,22,0.25273746252059937,142,0.6316769818464915,0.7854764963451185,0.11363636363636363,0.0652315616607666,0.024688899517059326,0.05960482358932495,0.04427570104598999,0.04788917303085327,0.023821711540222168
170,15,0.17271973192691803,53,0.7185742085178694,0.45296959082285565,0.8177777777777778,0.8889884948730469,0.5985449552536011,0.8135328888893127,0.8653548955917358,0.8254474401473999,0.8112779259681702
171,6,0.14250808954238892,199,1.213855803012848,0.40242723375558853,0.75,0.0839076042175293,-0.028368830680847168,0.09190666675567627,0.0834302306175232,0.0896950364112854,0.08644413948059082
172,11,0.1573157012462616,70,1.0269279293715954,0.9805635213851929,0.6611570247933884,0.571311354637146,0.5219343900680542,0.5763728618621826,0.5698491334915161,0.576623797416687,0.56856369972229
173,17,0.20274260640144348,191,1.2684479554494221,0.5796058263097491,0.726643598615917,0.9491868615150452,0.8081451058387756,0.9257073402404785,0.9292620420455933,0.9271008968353271,0.9081308841705322
174,9,0.3497973382472992,182,1.3556409180164337,0.4461665281227657,0.2222222222222222,0.7995034456253052,0.781790018081665,0.7826584577560425,0.8043314814567566,0.7711679935455322,0.7843578457832336
175,24,0.23157306015491486,191,1.283287227153778,0.6464819366281683,0.890625,0.5798493027687073,0.6070486307144165,0.6006268262863159,0.5710203647613525,0.6078470945358276,0.5684804916381836
176,18,0.22431381046772003,175,0.7750608871380488,0.6749510144193968,0.6759259259259259,0.2854904532432556,0.07029563188552856,0.0351794958114624,0.22118890285491943,0.01994931697845459,0.11132067441940308
177,17,0.177008256316185,174,0.7387815356254578,0.5988556109368801,0.903114186851211,0.148800790309906,0.09428805112838745,0.15242093801498413,0.12454915046691895,0.1468103528022766,0.14779537916183472
178,15,0.37397220730781555,176,1.0894733369350433,0.5629472251121814,0.49333333333333335,0.8187333345413208,0.6482875347137451,0.808533787727356,0.806571364402771,0.7836513519287109,0.7742363214492798
179,15,0.11697803437709808,153,1.0299290070931117,0.5624329547087351,0.26666666666666666,0.7965236902236938,0.809450089931488,0.8054285049438477,0.8093387484550476,0.8109227418899536,0.8010962605476379
180,7,0.10298220068216324,85,0.8833192199468612,0.6710261702537537,0.9591836734693877,0.41041117906570435,0.08763903379440308,0.4139358401298523,0.4033218026161194,0.41560304164886475,0.40443164110183716
181,20,0.27437081933021545,74,1.757322371006012,0.6431482815080218,0.88,0.08099842071533203,0.04606437683105469,0.042718708515167236,0.06799900531768799,0.05971968173980713,0.06913667917251587
182,6,0.22220121324062347,85,0.7842006087303162,0.39914844185113907,0.5833333333333334,0.11363697052001953,0.16301429271697998,0.13341593742370605,0.13251471519470215,0.11832749843597412,0.13675779104232788
183,20,0.23236678540706635,141,1.4022501508394878,0.6539505325696048,0.0725,0.6935017108917236,0.7286625504493713,0.6856352090835571,0.7310137748718262,0.694655179977417,0.7196674346923828
184,23,0.18690498173236847,96,0.8527977988123894,0.5226766756352257,0.5973534971644613,0.3267110586166382,0.030995190143585205,0.12907075881958008,0.34104520082473755,0.0027753114700317383,0.22698110342025757
185,24,0.1580609232187271,27,0.5811518728733063,0.5797792971134186,0.5798611111111112,0.7991683483123779,0.42503803968429565,0.7880744934082031,0.8108308911323547,0.7952284216880798,0.8160545229911804
186,4,0.15871873497962952,195,1.064280907313029,0.390913188457489,1.0,0.504360556602478,0.42001408338546753,0.508669376373291,0.5031535625457764,0.5076947212219238,0.505910336971283
187,19,0.10912690311670303,190,0.7478904298373631,0.5075900480151176,0.5512465373961218,0.3827875852584839,0.297481894493103,0.3734176754951477,0.38207948207855225,0.3758923411369324,0.3721924424171448
188,9,0.23369494080543518,173,0.6822872857252756,0.7340984866023064,0.32098765432098764,0.6300604343414307,0.5909724235534668,0.6226979494094849,0.5734904408454895,0.6257070899009705,0.611050009727478
189,8,0.17087091505527496,41,2.00070957839489,1.0681918933987617,0.921875,0.9279913306236267,0.8604048490524292,0.9276310205459595,0.9229447245597839,0.9258344173431396,0.925452470779419
190,23,0.107495978474617,137,0.6806661444050925,0.7326579857617617,0.780718336483932,0.8870280981063843,0.8749459981918335,0.8941428065299988,0.8890400528907776,0.8983624577522278,0.8983979225158691
191,23,0.37182357907295227,54,1.3180874288082123,0.8212507625943736,0.8563327032136105,0.6042140126228333,0.4683611989021301,0.4988057017326355,0.5099223852157593,0.5115166902542114,0.49562329053878784
192,25,0.3439279794692993,199,1.7203882187604904,0.5418038043108854,0.8048,0.7499417066574097,0.6002727746963501,0.741175651550293,0.7633321285247803,0.7299938201904297,0.7688865661621094
193,17,0.39020636677742004,196,1.055495023727417,0.4383412567632539,0.43944636678200694,0.8138875365257263,0.7504119873046875,0.5679048299789429,0.7029224634170532,0.5714671015739441,0.5203428864479065
194,9,0.12904666364192963,172,1.418820321559906,0.4559847190976143,0.9382716049382716,0.8409121036529541,0.7446446418762207,0.8452063798904419,0.8415675163269043,0.8439552783966064,0.8447757363319397
195,23,0.11466805636882782,88,2.020565092563629,0.5675762085353627,0.387523629489603,0.8765227198600769,0.8121671676635742,0.8757202625274658,0.8777238726615906,0.8754254579544067,0.8767736554145813
196,17,0.13480480015277863,17,1.3665548712015152,0.4240507764948739,0.42214532871972316,-0.04982805252075195,-0.289715051651001,-0.08029139041900635,-0.1403217315673828,-0.08222734928131104,-0.07214045524597168
197,10,0.3245401084423065,113,0.6741498708724976,0.5176182919078403,0.77,0.5705158710479736,0.5223070383071899,0.5702203512191772,0.5637374520301819,0.55513596534729,0.5699020028114319
198,18,0.24607153236865997,131,0.8810922279953957,0.4727947839668819,0.040123456790123455,0.8287330865859985,0.8216817378997803,0.7921081781387329,0.7997243404388428,0.7811742424964905,0.8030263781547546
199,3,0.16209673881530762,69,1.3012381196022034,0.3097393810749054,0.0,0.6940767765045166,0.6929640769958496,0.6942514777183533,0.6972544193267822,0.6921614408493042,0.6949206590652466
200,18,0.16649799048900604,105,1.0521533012390136,0.621275225510964,0.5648148148148148,0.3686753511428833,0.38515913486480713,0.3653426766395569,0.3748173713684082,0.37215298414230347,0.3737331032752991
201,25,0.11775843799114227,96,1.3111623600125313,0.5028714676698048,0.984,0.00608593225479126,-0.06418144702911377,0.0026754140853881836,-0.011847138404846191,0.0050528645515441895,-0.0045506954193115234
202,19,0.1659255176782608,92,1.2729434768358867,0.6484057777203046,1.0,0.15688258409500122,0.12087160348892212,0.13728028535842896,0.2198406457901001,0.13486510515213013,0.21031075716018677
203,15,0.15242795646190643,60,1.0087876971811056,0.45827064769608633,0.5155555555555555,0.336884081363678,0.3327983021736145,0.32343000173568726,0.3403457999229431,0.32951033115386963,0.3503428101539612
204,10,0.36960992217063904,38,0.8069078624248505,1.0041875392198563,0.83,0.9237469434738159,0.9102382063865662,0.9214908480644226,0.9172821640968323,0.9203425645828247,0.9198687076568604
205,22,0.3812483251094818,18,0.9261782050132752,0.5878218438695458,0.7582644628099173,0.6359193921089172,0.39672791957855225,0.37749189138412476,0.5172939300537109,0.3900606632232666,0.4338871240615845
206,8,0.2545141875743866,120,0.7468946278095245,0.773689237733682,0.765625,0.8753060102462769,0.669721782207489,0.8785688877105713,0.8783573508262634,0.8725799918174744,0.8737288117408752
207,25,0.20250704884529114,97,0.6620927726229032,0.55030236981417,0.9104,0.6717202663421631,0.5013918876647949,0.6618107557296753,0.666892409324646,0.6575689315795898,0.6638439297676086
208,20,0.27056819200515747,31,0.9443199634552002,0.6152313649654388,0.2775,0.665813684463501,0.6010799407958984,0.5681765079498291,0.49288421869277954,0.5613031983375549,0.4792765974998474
209,23,0.16291894018650055,193,1.3279106865326564,0.4944087293218164,0.7523629489603024,-0.025341153144836426,0.0006917119026184082,-0.018935441970825195,-0.07574236392974854,-0.0258331298828125,-0.06803226470947266
210,23,0.16062912344932556,172,0.7696699599424998,0.6573012208237368,0.27977315689981097,0.6258151531219482,0.4800601601600647,0.6299763917922974,0.6232208013534546,0.6255069971084595,0.6172261238098145
211,18,0.10743256658315659,33,0.7443905969460806,0.47173740300867295,0.35185185185185186,-0.024625062942504883,-0.03345322608947754,-0.03636646270751953,-0.021709203720092773,-0.04094409942626953,-0.015252947807312012
212,24,0.2548172175884247,188,0.7251186557114124,0.6002359896898269,0.6284722222222222,0.3802826404571533,0.3613318204879761,0.3722690939903259,0.39065706729888916,0.3707698583602905,0.37630635499954224
213,10,0.31024762988090515,141,0.6552686363458633,0.5099814504384994,0.46,0.15904968976974487,0.16486471891403198,0.14950406551361084,0.16441071033477783,0.16107088327407837,0.1652659773826599
214,5,0.21646367013454437,81,0.5238393843173981,0.40613311529159546,0.2,0.019554197788238525,-0.010474562644958496,0.02348226308822632,-0.03289008140563965,0.01661592721939087,-0.013271212577819824
215,18,0.13111770153045654,21,1.1816629809992654,0.7658704099330035,0.6604938271604939,0.05208718776702881,-0.0780259370803833,0.09364986419677734,-0.030573606491088867,0.08102434873580933,0.07353168725967407
216,10,0.3023940920829773,67,1.4880202015240986,0.8023028075695038,0.51,0.1626264452934265,0.15686851739883423,0.1830623745918274,0.15937650203704834,0.1679258942604065,0.14774519205093384
217,21,0.24733056128025055,38,1.3276404291391373,0.6753617937073988,0.35827664399092973,0.7127630114555359,0.531305193901062,0.4405405521392822,0.6245697140693665,0.4651954770088196,0.5137176513671875
218,16,0.18922656774520874,51,1.3180589526891708,0.6812743961811065,0.22265625,-0.0781630277633667,-0.09433853626251221,-0.07199633121490479,-0.08245384693145752,-0.07996606826782227,-0.08295035362243652
219,25,0.24451473355293274,43,0.7946315377950668,0.5567995838820934,0.264,-0.016291022300720215,-0.03013789653778076,-0.025446534156799316,-0.0029946565628051758,-0.013174295425415039,-0.0139390230178833
220,17,0.15888595581054688,138,1.8925522225243705,0.38640914410352706,0.3217993079584775,0.6723651885986328,0.6832109689712524,0.6728734374046326,0.6741487383842468,0.6748906970024109,0.6756265759468079
221,17,0.39257511496543884,125,0.6802578270435333,0.5613978187243144,0.23183391003460208,0.7727592587471008,0.7895113229751587,0.7286383509635925,0.7675321102142334,0.7079136967658997,0.7334262132644653
222,15,0.15006037056446075,190,1.5956513658165932,0.4349537874971117,0.5155555555555555,0.3114784359931946,0.3042081594467163,0.3037072420120239,0.3283689618110657,0.31007063388824463,0.322529673576355
223,10,0.16086293756961823,147,0.7395336031913757,0.2806080710142851,0.84,0.8075796365737915,0.8017789721488953,0.8081672191619873,0.8098804354667664,0.8084192872047424,0.808143138885498
224,20,0.3182293176651001,78,1.1578866988420486,0.7246172558516264,0.3925,0.9102085828781128,0.8864855170249939,0.8561949729919434,0.8962311148643494,0.8492093682289124,0.8619849681854248
225,24,0.3380192220211029,128,1.1583667993545532,0.6038004159927368,0.2204861111111111,0.7667768001556396,0.7695749998092651,0.7791013717651367,0.7653844356536865,0.7760928273200989,0.7793399691581726
226,5,0.15471193194389343,127,1.2319697936375935,0.261239193379879,0.48,0.8681095838546753,0.84346604347229,0.866736650466919,0.8644112944602966,0.8695483207702637,0.8676382303237915
227,13,0.23997847735881805,32,0.7527463436126709,0.4125370517373085,0.9940828402366864,0.8699149489402771,0.6820518374443054,0.8743233680725098,0.8750335574150085,0.8717511296272278,0.8736026287078857
228,15,0.1568378508090973,187,0.863393098115921,0.5606176753838857,0.8311111111111111,0.5226659774780273,0.5342415571212769,0.5255281925201416,0.5234882831573486,0.5277372002601624,0.5285667181015015
229,6,0.26371559500694275,197,0.8480166594187418,0.6216429869333903,0.3055555555555556,0.24418199062347412,0.2521865963935852,0.24381190538406372,0.24231332540512085,0.2549822926521301,0.24825602769851685
230,11,0.3479698598384857,175,0.7698964178562164,0.5950880133443408,0.6528925619834711,0.840665340423584,0.8325703144073486,0.8419804573059082,0.8376134634017944,0.8380131125450134,0.8358141183853149
231,6,0.14442408084869385,87,0.8365660905838013,0.4217492341995239,0.6944444444444444,0.2860887050628662,0.05556333065032959,0.28796976804733276,0.28480082750320435,0.287056028842926,0.2883211374282837
232,15,0.18906913697719574,153,0.8935881853103638,0.45212657873829204,0.28,0.9699349999427795,0.9607571959495544,0.9664256572723389,0.9597938656806946,0.9672726988792419,0.9665336608886719
233,25,0.11915227770805359,140,0.6515739466995001,0.5377960599520627,0.6816,-0.030398011207580566,-0.11380183696746826,0.014669358730316162,-0.08018755912780762,0.010646998882293701,-0.041571736335754395
234,24,0.2818567752838135,57,1.0857723951339722,0.5694001487323216,0.7204861111111112,0.39943253993988037,0.1960897445678711,0.3777104616165161,0.4138967990875244,0.4376643896102905,0.42902785539627075
235,5,0.25432366132736206,163,1.4388542175292969,0.8401262164115906,0.24,0.19479483366012573,0.18625718355178833,0.19141167402267456,0.19236385822296143,0.19835561513900757,0.18809080123901367
236,7,0.10877928882837296,145,0.7540544867515564,0.5775633454322815,0.14285714285714285,-0.03475630283355713,-0.017931580543518066,-0.044492483139038086,-0.009215474128723145,-0.04744124412536621,-0.04427230358123779
237,8,0.2703103721141815,191,1.0963980197906493,0.381252646446228,0.1875,0.8646945357322693,0.8575376272201538,0.8650853633880615,0.8629314303398132,0.8621857166290283,0.863898515701294
238,11,0.14317679405212402,4,0.840014785528183,0.4967934957572392,0.9504132231404959,0.2896297574043274,0.22503042221069336,0.2353227138519287,0.28767824172973633,0.24707984924316406,0.2580288052558899
239,5,0.2806417942047119,101,0.6560651063919067,1.4162306785583496,0.4,0.03786659240722656,0.001832425594329834,0.02849292755126953,0.043024420738220215,0.017462968826293945,0.0313725471496582
240,7,0.35723358392715454,16,0.493682861328125,0.4093564922610919,0.3673469387755102,-0.0982438325881958,-0.04971766471862793,-0.11273765563964844,-0.08075499534606934,-0.09345769882202148,-0.07366013526916504
241,18,0.25328806042671204,109,0.5833486020565033,0.5864547165110707,0.8888888888888888,0.6549050807952881,0.48995548486709595,0.6451994180679321,0.6417642831802368,0.6549253463745117,0.6482490301132202
242,12,0.20293202996253967,95,0.8124883621931076,0.65818952023983,0.14583333333333334,0.6295265555381775,0.5987178087234497,0.6185001134872437,0.6117795705795288,0.6317522525787354,0.6238782405853271
243,24,0.1298704594373703,56,1.4072360055787223,0.5995931572773877,0.9496527777777778,0.5045579671859741,0.17289793491363525,0.563547670841217,0.5612057447433472,0.5752910375595093,0.5868100523948669
244,6,0.2795930802822113,78,0.4960564598441124,0.8029498606920242,0.2777777777777778,0.10414111614227295,0.08109748363494873,0.1092156171798706,0.1107410192489624,0.09477472305297852,0.08884662389755249
245,18,0.16526319086551666,49,1.0883579750855763,0.4679953766365846,0.691358024691358,0.008939623832702637,0.14418882131576538,0.02092641592025757,0.09697067737579346,0.01359713077545166,0.12732762098312378
246,23,0.133315309882164,41,1.3329429361555312,0.4692363643220493,0.16824196597353497,0.48591458797454834,0.6476067304611206,0.20560896396636963,0.6801087856292725,0.17850440740585327,0.6721929907798767
247,22,0.17282690107822418,26,0.5526967421174049,0.43717419852813083,0.3450413223140496,0.5231733322143555,0.3547689914703369,0.5122708082199097,0.5248558521270752,0.4857866168022156,0.5249150395393372
248,8,0.24539105594158173,188,1.083730861544609,1.0726064145565033,0.0625,0.6181306838989258,0.5861173868179321,0.6177810430526733,0.6029541492462158,0.6082091331481934,0.5906862020492554
249,17,0.31921935081481934,183,0.6271950602531433,0.5576008677482605,0.1903114186851211,0.8143548369407654,0.6787038445472717,0.7939465641975403,0.7751145958900452,0.7987036108970642,0.7751244306564331
250,25,0.13873054087162018,129,1.082119100860187,0.6554485857486725,0.9424,0.28168684244155884,0.05104351043701172,0.2884274125099182,0.10430198907852173,0.293570339679718,0.25202226638793945
251,9,0.11545923352241516,22,0.963247686624527,0.4177685429652532,0.6172839506172839,0.7406857013702393,0.6702066659927368,0.7742031812667847,0.7649617791175842,0.7565954327583313,0.7708861827850342
252,20,0.19515956938266754,168,1.8590360879898071,0.5431624289069857,0.995,0.7243788242340088,0.6725935935974121,0.7148709297180176,0.7204260230064392,0.7291797399520874,0.7375931143760681
253,20,0.3743536174297333,160,1.4325076540311177,0.5134038285297506,0.25,0.9085914492607117,0.8953552842140198,0.8889073133468628,0.8793904781341553,0.8624147176742554,0.8600006103515625
254,13,0.24090135097503662,100,1.3943692644437153,0.7278693382229123,0.9526627218934911,0.39324092864990234,0.1865149736404419,0.3676884174346924,0.3231256604194641,0.3639751076698303,0.3492112159729004
255,21,0.15992210805416107,177,1.058214823404948,0.777219033241272,0.19954648526077098,0.0007828474044799805,0.007840514183044434,-0.002051115036010742,0.013986170291900635,0.0013253092765808105,0.00779801607131958
256,3,0.1660166084766388,28,1.4992367923259735,0.816819965839386,1.0,0.43620795011520386,0.42053335905075073,0.42471224069595337,0.4165359139442444,0.4208853244781494,0.42426615953445435
257,15,0.29064565896987915,43,0.9286949634552002,0.5564507159094015,0.5333333333333333,0.4292415380477905,0.40847545862197876,0.4268103241920471,0.42818522453308105,0.38975197076797485,0.4210169315338135
258,23,0.18952348828315735,15,0.7707047283649444,0.7346431778536903,0.4914933837429111,0.23510229587554932,0.24158716201782227,0.24271565675735474,0.22358590364456177,0.27251970767974854,0.27624040842056274
259,3,0.20646636188030243,68,1.3118489980697632,0.4668020009994507,0.4444444444444444,0.8324424028396606,0.8327525854110718,0.8321945667266846,0.8313060998916626,0.831759512424469,0.8341954946517944
260,8,0.10649038851261139,46,0.9474627545901707,0.370186448097229,0.046875,0.3213357925415039,0.3034290075302124,0.311282753944397,0.3359180688858032,0.31637436151504517,0.33074867725372314
261,7,0.3012886643409729,131,0.8424306511878967,0.3068685919046402,0.6530612244897959,0.8030321598052979,0.7545064091682434,0.8047870993614197,0.8051851987838745,0.8058592081069946,0.8049060702323914
262,10,0.39442890882492065,185,0.773006538550059,0.5595492805753436,0.48,0.5360335111618042,0.4055114984512329,0.5171136260032654,0.5252975225448608,0.49271583557128906,0.5155948400497437
263,12,0.31575870513916016,9,1.5116687218348186,0.41060475177235073,0.3333333333333333,0.3867540955543518,0.6272425651550293,0.38119781017303467,0.5717116594314575,0.35926055908203125,0.4953784942626953
264,16,0.1305428296327591,200,0.8060064036399126,0.5110482014715672,0.41015625,0.061205387115478516,0.04679340124130249,0.06529790163040161,0.09863108396530151,0.05722510814666748,0.10075622797012329
265,11,0.37848928570747375,194,1.287668228149414,0.630453497171402,0.371900826446281,0.4745461940765381,0.430330753326416,0.47344881296157837,0.47523564100265503,0.4689238667488098,0.48960357904434204
266,23,0.24970941245555878,124,0.934432864189148,0.5641137149773146,0.005671077504725898,0.7134460210800171,0.7749099135398865,0.6278603076934814,0.6528064608573914,0.6182344555854797,0.6212666034698486
267,10,0.1223764717578888,82,1.2902194346700395,0.5678908427556356,0.93,-0.04869210720062256,-0.09759330749511719,-0.04691028594970703,-0.06450629234313965,-0.049147605895996094,-0.06708216667175293
268,21,0.1860087811946869,179,1.6915381054083507,0.5399587174256643,0.909297052154195,0.94212406873703,0.9207963347434998,0.9410621523857117,0.9372584819793701,0.9424673318862915,0.931182324886322
269,6,0.11227981746196747,88,0.8009479284286499,0.3114766478538513,0.1388888888888889,-0.013527750968933105,-0.014715433120727539,-0.0163193941116333,-0.013288617134094238,-0.01617753505706787,-0.010474443435668945
270,8,0.17999832332134247,193,0.4202001765370369,0.35217756778001785,0.46875,0.14537858963012695,0.012296795845031738,0.1401745080947876,0.12892407178878784,0.13998407125473022,0.14325284957885742
271,16,0.21223975718021393,67,0.9272105097770691,0.3571984212506901,0.80078125,0.5946757197380066,0.5179182291030884,0.5966484546661377,0.5845180749893188,0.5878157615661621,0.5780332088470459
272,20,0.10022146999835968,21,0.6248995409562037,0.6333788484334946,0.38,-0.030804157257080078,-0.11420655250549316,-0.022112607955932617,-0.09027969837188721,-0.033039212226867676,-0.10159051418304443
273,18,0.26508140563964844,50,0.508094921708107,0.5176539290696383,0.5648148148148148,1.704692840576172e-05,-0.03232836723327637,0.0053192973136901855,0.009765863418579102,0.0053768157958984375,0.0036578774452209473
274,8,0.22285524010658264,33,1.1290228962898254,0.7515932798385621,0.640625,0.5945428609848022,0.5941886901855469,0.591386079788208,0.6100456118583679,0.5874605178833008,0.5965393781661987
275,25,0.14063811302185059,60,1.2382745891809464,0.5720742110695157,0.096,0.7223845720291138,0.2593652009963989,0.7284161448478699,0.6959446668624878,0.7104679346084595,0.7307590246200562
276,17,0.11806939542293549,112,0.9531056370053973,0.48444264084100724,0.07958477508650519,0.4684205651283264,0.429057240486145,0.46922367811203003,0.47625255584716797,0.46783286333084106,0.4630356431007385
277,22,0.3552245795726776,5,1.354294240474701,0.5881719492375851,0.12190082644628099,-0.18969810009002686,-0.18273568153381348,-0.17578089237213135,-0.08572125434875488,-0.18500852584838867,-0.07578182220458984
278,20,0.1740744560956955,6,0.8494424223899841,0.5565652285630887,0.4875,-0.23703503608703613,-0.26342129707336426,-0.25952017307281494,-0.3692396879196167,-0.28538644313812256,-0.46639490127563477
279,20,0.11713803559541702,30,1.0402923325697582,0.48478236117146234,0.82,0.1432364583015442,0.27097612619400024,0.05948686599731445,0.2242964506149292,0.11094802618026733,0.3036869764328003
280,25,0.17366302013397217,95,1.120541775226593,0.450136099755764,0.4992,-0.004441380500793457,-0.007233858108520508,0.009735524654388428,0.02256542444229126,0.01792764663696289,0.025274217128753662
281,12,0.293107271194458,165,0.7502696886658669,0.5684046130627394,0.5555555555555556,-0.03258347511291504,-0.03384983539581299,-0.03138530254364014,-0.015803217887878418,-0.035933852195739746,-0.02408123016357422
282,23,0.36422601342201233,171,0.48514674603939056,0.6720539543189501,0.03780718336483932,0.8999155759811401,0.9113394618034363,0.8934834599494934,0.8568882346153259,0.8999627828598022,0.8632380366325378
283,14,0.11087638139724731,198,0.8103006817400455,0.8760140190521876,0.8010204081632653,0.007766127586364746,0.010696113109588623,0.00509333610534668,0.011147677898406982,0.005856335163116455,0.007319390773773193
284,4,0.2631189823150635,153,1.052175482114156,0.6157602667808533,0.4375,0.728206992149353,0.73612380027771,0.7263470888137817,0.7302840948104858,0.7295897603034973,0.730791449546814
285,3,0.2179504930973053,139,1.4841746091842651,0.45254355669021606,0.8888888888888888,0.45427751541137695,0.44832688570022583,0.4472634196281433,0.4513193964958191,0.4476849436759949,0.44922447204589844
286,12,0.28123006224632263,165,0.6109392404556274,0.5365855502230781,0.8125,0.25512731075286865,0.018422305583953857,0.22763830423355103,0.2554561495780945,0.24394094944000244,0.24767303466796875
287,21,0.3348259925842285,171,1.2253575921058655,0.553649976849556,0.8979591836734694,0.8363854289054871,0.6767116785049438,0.8002741932868958,0.8092091083526611,0.8140300512313843,0.8039248585700989
288,4,0.22585976123809814,177,0.8229503830273946,0.23383909463882446,0.75,0.15288156270980835,0.03989356756210327,0.15535098314285278,0.14542996883392334,0.15277564525604248,0.1583452820777893
289,20,0.10629522055387497,25,1.349895179271698,0.7326817055543263,0.5575,0.35882240533828735,0.13958191871643066,0.5253459811210632,0.5315436720848083,0.5288304686546326,0.5211418867111206
290,22,0.13760028779506683,67,1.0755778551101685,0.7038510021041421,0.9235537190082644,0.46776896715164185,0.4580283761024475,0.45373743772506714,0.43664854764938354,0.44739478826522827,0.4552319645881653
291,9,0.19355550408363342,80,0.88580272346735,0.5779285579919815,0.09876543209876543,0.37803220748901367,0.3843117356300354,0.374323308467865,0.3914588689804077,0.37758564949035645,0.38920682668685913
292,13,0.2590722441673279,104,0.8527164459228516,0.7713889218866825,0.17159763313609466,0.18858486413955688,0.17441165447235107,0.2036895751953125,0.1816369891166687,0.20263713598251343,0.18298733234405518
293,12,0.1543477475643158,195,0.8583262839487621,0.5498279482126236,0.3194444444444444,0.09441280364990234,0.08618336915969849,0.09614121913909912,0.10593342781066895,0.08907514810562134,0.09547722339630127
294,19,0.14452169835567474,160,0.7530263463656107,0.5442109890282154,0.2409972299168975,0.059554100036621094,0.062423646450042725,0.055124878883361816,0.11000329256057739,0.0830618143081665,0.12092965841293335
295,17,0.10527094453573227,167,1.1230636294931173,0.6823534419139227,0.1384083044982699,0.7259228825569153,0.5936806797981262,0.729215145111084,0.7438396215438843,0.7286803722381592,0.7401865720748901
296,22,0.24172146618366241,100,1.5422506034374237,0.5974588750137223,0.8946280991735537,0.5705766677856445,0.33885687589645386,0.5852398872375488,0.5306589603424072,0.5675777196884155,0.5699156522750854
297,19,0.25957179069519043,196,1.0874113738536835,0.5455056963598027,0.32409972299168976,0.3000488877296448,0.4685477018356323,0.21293598413467407,0.27538514137268066,0.2859463095664978,0.4544667601585388
298,14,0.25248587131500244,4,0.5066640079021454,0.6205048908789953,0.3979591836734694,-1.0425891876220703,-0.9424495697021484,-1.0447280406951904,-1.1265385150909424,-1.0417335033416748,-1.0976505279541016
299,25,0.14131100475788116,9,1.5057279765605927,0.498724954692941,0.9904,0.44474339485168457,0.13007748126983643,0.39951711893081665,0.4202691316604614,0.3286935091018677,0.3900604844093323
300,8,0.103146493434906,195,1.4176004103251867,1.0353896617889404,0.796875,0.6139204502105713,0.59544837474823,0.6213893294334412,0.623569130897522,0.6180259585380554,0.621674656867981
301,25,0.10045066475868225,78,0.8669888033316686,0.8256393074989319,0.328,-0.07211482524871826,-0.02167975902557373,-0.0765761137008667,-0.016283273696899414,-0.07669234275817871,-1.919269561767578e-05
302,21,0.24117138981819153,93,1.4462936123212178,0.7569954726431105,0.8458049886621315,0.14778083562850952,0.16415250301361084,0.11228394508361816,0.18615567684173584,0.11455792188644409,0.15285050868988037
303,5,0.1808711290359497,188,0.7842753628889719,0.4894039183855057,0.32,0.38573509454727173,0.22699737548828125,0.3939574956893921,0.3985840678215027,0.38347452878952026,0.38084834814071655
304,17,0.10029822587966919,102,1.4508396519554987,0.5727006010711193,0.671280276816609,0.2754746675491333,0.28874629735946655,0.2751483917236328,0.2832525968551636,0.2785366177558899,0.28395605087280273
305,20,0.1492128223180771,146,1.0520250896612804,0.582136407494545,0.71,0.764252781867981,0.45310401916503906,0.7658077478408813,0.7442681789398193,0.7677692174911499,0.7431864738464355
306,8,0.22093594074249268,102,1.289850801229477,1.0184795434276264,0.21875,-0.0827169418334961,-0.011230945587158203,-0.10426771640777588,-0.005499720573425293,-0.06612873077392578,-0.006277322769165039
307,3,0.2022564858198166,18,0.24551557004451752,0.36676885187625885,0.2222222222222222,0.00976574420928955,0.0004887580871582031,0.009567320346832275,0.003225088119506836,0.008643567562103271,0.004028975963592529
308,16,0.3121909201145172,133,1.7618649542331695,0.3776871142062274,0.73046875,0.6269803047180176,0.5600885152816772,0.62094646692276,0.6010708808898926,0.6248464584350586,0.6390749216079712
309,18,0.1214640885591507,131,1.051869137212634,0.43808204531669614,0.7469135802469136,0.3056493401527405,0.26492077112197876,0.3059545159339905,0.31089502573013306,0.3076024055480957,0.3078494071960449
310,9,0.1691157966852188,200,1.2009275952974956,0.974152664343516,0.09876543209876543,0.5225862264633179,0.5222814083099365,0.5207163095474243,0.5153177380561829,0.5233951210975647,0.5178171396255493
311,16,0.20113509893417358,121,2.3813536167144775,0.7162044068177541,0.44921875,0.015782594680786133,0.01569455862045288,0.0006858110427856445,0.0332566499710083,0.012830495834350586,0.03821176290512085
312,15,0.14770174026489258,89,0.7390635907649994,0.6540722910846982,0.29333333333333333,0.14883637428283691,0.08018434047698975,0.15247535705566406,0.1426173448562622,0.14729130268096924,0.14592570066452026
313,6,0.10534244775772095,137,0.9517969489097595,0.6088708341121674,0.0,0.09244054555892944,0.09067565202713013,0.09462285041809082,0.09333878755569458,0.09885609149932861,0.08861815929412842
314,20,0.27898821234703064,124,1.3967426896095276,0.5302782416343689,0.315,0.8588206171989441,0.8386101126670837,0.8563671708106995,0.8349177837371826,0.8618988394737244,0.8510381579399109
315,5,0.14492063224315643,68,1.209950640797615,0.6194018721580505,0.4,0.0033852458000183105,0.0022385120391845703,0.004084348678588867,-0.009099841117858887,0.0072310566902160645,-0.002610325813293457
316,7,0.3960116505622864,60,1.2091100613276164,0.44044093042612076,0.4489795918367347,0.8776094317436218,0.887511134147644,0.8774629831314087,0.8858602046966553,0.8747603893280029,0.8865957856178284
317,3,0.14160051941871643,102,1.2498180568218231,0.38685905933380127,0.6666666666666666,0.008437633514404297,0.018408119678497314,0.005830287933349609,0.013453543186187744,0.002904534339904785,0.01669907569885254
318,19,0.2631169557571411,11,0.7537532836198807,0.7028229034372738,0.6094182825484764,0.3177262544631958,0.22104042768478394,0.3307163119316101,0.30264580249786377,0.33011120557785034,0.29396843910217285
319,19,0.3224130868911743,176,0.6871810257434845,0.6829366885563907,0.6066481994459834,0.6225751638412476,0.5750402808189392,0.614216685295105,0.6387975215911865,0.6237646341323853,0.6270199418067932
320,24,0.12257511913776398,11,0.7429405663694654,0.5586512746179805,0.4184027777777778,-0.49723756313323975,-0.4035123586654663,-0.5393854379653931,-0.5470035076141357,-0.5294301509857178,-0.569692850112915
321,25,0.2733352482318878,5,0.4201107919216156,0.46900997920469806,0.2832,0.10096800327301025,0.3233261704444885,0.1027226448059082,0.3814563751220703,0.10778528451919556,0.39845991134643555
322,8,0.15576738119125366,181,0.9556464344263077,0.4091879328091939,0.328125,-0.011594414710998535,-0.02848076820373535,-0.011087179183959961,-0.011174917221069336,-0.013967156410217285,-0.013257026672363281
323,11,0.2935202121734619,36,1.2329971581697463,0.4049064839879672,0.4049586776859504,0.9557305574417114,0.8397036194801331,0.9577178955078125,0.8441733717918396,0.9583223462104797,0.9401198029518127
324,12,0.3645862340927124,39,0.9725465079148611,0.4434932834572262,0.2916666666666667,0.8256942629814148,0.7490811347961426,0.7642829418182373,0.8039460182189941,0.819237470626831,0.7510432004928589
325,21,0.1070888340473175,57,1.1271915391087532,0.498823344707489,0.81859410430839,-0.0075838565826416016,-0.17898714542388916,0.002299010753631592,-0.1350996494293213,-0.0042760372161865234,-0.07267630100250244
326,24,0.12015418708324432,172,0.5588143542408943,0.4199125897139311,0.8923611111111112,-0.0045288801193237305,-0.0009876489639282227,0.006509363651275635,-0.012588858604431152,-0.008085966110229492,-0.02818894386291504
327,6,0.2298755943775177,199,1.565346399943034,0.3585576315720876,1.0,-0.0008338689804077148,-0.013590455055236816,-3.0994415283203125e-06,-0.003430604934692383,-0.001136183738708496,-0.003618478775024414
328,12,0.2928667962551117,74,0.8115554551283518,0.5477585577302508,0.8333333333333334,0.41641026735305786,0.009827136993408203,0.39448612928390503,0.3597707748413086,0.40971702337265015,0.38992124795913696
329,12,0.15331703424453735,100,0.9533796707789103,0.47840922822554904,0.2708333333333333,0.46438300609588623,0.4458405375480652,0.46648019552230835,0.45831143856048584,0.45878225564956665,0.46947264671325684
330,19,0.13587798178195953,32,1.3961752131581306,0.4114774303002791,0.4598337950138504,0.8741559982299805,0.879924476146698,0.8691089749336243,0.8782207369804382,0.8648544549942017,0.8752299547195435
331,23,0.18520553410053253,141,0.4576800763607025,0.6807413573066393,0.054820415879017016,0.7452011108398438,0.7530660629272461,0.7380974888801575,0.7524428367614746,0.7332631349563599,0.7388747930526733
332,18,0.10240601748228073,136,0.7527133988009559,0.6006913781166077,0.691358024691358,0.7000607848167419,0.6095126867294312,0.7019876837730408,0.6882811784744263,0.6951274871826172,0.6730222702026367
333,21,0.24110281467437744,68,0.5902587175369263,0.6070253327488899,0.8321995464852607,0.012049973011016846,0.00580519437789917,0.003592252731323242,0.018162012100219727,0.00765836238861084,0.012924015522003174
334,18,0.10101018846035004,157,1.208230550090472,0.44100213713116115,0.9722222222222222,-0.04928600788116455,-0.11114847660064697,-0.05755758285522461,-0.11604797840118408,-0.03882753849029541,-0.07092201709747314
335,21,0.19283218681812286,183,1.3544614434242248,0.6830189907923341,0.26077097505668934,0.4316468834877014,0.5579853057861328,0.4656836986541748,0.5065417289733887,0.507696270942688,0.5130271315574646
336,23,0.2043561190366745,154,1.3950303665229253,0.533311003819108,0.0831758034026465,-0.023312091827392578,0.013000011444091797,-0.024369120597839355,-0.009771943092346191,-0.029105186462402344,-0.014850735664367676
337,14,0.25048828125,132,0.6989381015300751,0.6376311605175337,0.4489795918367347,0.6184499263763428,0.5821636915206909,0.6128827333450317,0.606153130531311,0.609981894493103,0.6153737306594849
338,25,0.1940578669309616,50,1.355869758874178,0.4215250788700013,0.1424,-0.37143218517303467,-0.020435571670532227,-0.2965353727340698,-0.014829158782958984,-0.21647584438323975,-0.013988971710205078
339,23,0.2706337869167328,187,1.0236737430095673,0.6390136711299419,0.15311909262759923,0.0066904425621032715,0.21755892038345337,0.00985407829284668,0.0962902307510376,0.0021992921829223633,0.027781188488006592
340,20,0.13149233162403107,120,0.8485505521297455,0.6086236000061035,0.1625,0.6339324712753296,0.7191199064254761,0.6367939710617065,0.7024375200271606,0.6157310009002686,0.7012178897857666
341,16,0.250009149312973,136,0.6060828417539597,0.5419355581204096,0.36328125,0.7794574499130249,0.7743837833404541,0.7687960863113403,0.7744554877281189,0.7590554356575012,0.767687201499939
342,8,0.14739713072776794,106,0.53423011302948,0.5289592370390892,0.96875,0.027652323246002197,0.000915825366973877,0.028962254524230957,0.00014001131057739258,0.030132710933685303,0.006119251251220703
343,13,0.16007567942142487,45,1.1836748371521633,0.4957795866898128,0.5029585798816568,0.8790634870529175,0.7536059021949768,0.8796319961547852,0.8789019584655762,0.8824723958969116,0.8742260932922363
344,25,0.24367986619472504,47,1.123055100440979,0.6231950862067086,0.2544,0.7912810444831848,0.8357852697372437,0.7942336797714233,0.833321213722229,0.7877622842788696,0.8389505743980408
345,19,0.3442031741142273,46,0.8286953195929527,0.49671152730782825,0.14127423822714683,0.9350857734680176,0.9395548105239868,0.8713956475257874,0.8266614079475403,0.8667786717414856,0.8294495344161987
346,21,0.2219887375831604,142,0.5890302062034607,0.6042123907490781,0.8276643990929705,-0.04343736171722412,-0.04292619228363037,-0.051377058029174805,-0.08207583427429199,-0.02999293804168701,-0.07894718647003174
347,15,0.10949051380157471,9,1.1235058733395167,0.7426886521279812,0.7777777777777778,-0.14235496520996094,0.03314024209976196,-0.14860975742340088,-0.05467379093170166,-0.16564297676086426,-0.11726951599121094
348,22,0.28022685647010803,200,2.030976891517639,0.5823012597858905,0.6818181818181818,0.8410775661468506,0.6050443053245544,0.7923436760902405,0.7479944229125977,0.7909655570983887,0.8057538270950317
349,9,0.25425782799720764,97,0.5945231735706329,0.5425614789128304,0.8641975308641975,0.42584675550460815,0.12544798851013184,0.44109833240509033,0.38795191049575806,0.4086645245552063,0.407950222492218
350,11,0.17427119612693787,9,0.8455404167373975,0.5459785670042038,0.743801652892562,-0.41276466846466064,-0.2710232734680176,-0.34685635566711426,-0.3966282606124878,-0.2821986675262451,-0.34176695346832275
351,10,0.38312244415283203,29,0.7942880988121033,0.4760643281042576,0.16,0.42962539196014404,0.44296085834503174,0.43053925037384033,0.44771403074264526,0.4180017113685608,0.4408288598060608
352,8,0.21862879395484924,159,1.6567133069038391,0.6777195706963539,0.21875,0.5162734985351562,0.5059249997138977,0.5226669311523438,0.5026586055755615,0.5020751953125,0.49945324659347534
353,23,0.15288673341274261,178,1.1863511323928833,0.6156698498460982,0.6011342155009451,0.5561184883117676,0.5363355278968811,0.5569201707839966,0.5535935163497925,0.5531302094459534,0.5556967258453369
354,18,0.18568077683448792,104,1.397292564312617,0.5736063607037067,0.8240740740740741,0.12004011869430542,0.01465529203414917,0.14942842721939087,0.04978358745574951,0.14001178741455078,-0.03435790538787842
355,7,0.16884396970272064,57,1.8558515906333923,0.5492799282073975,0.3469387755102041,0.8627720475196838,0.8672422766685486,0.8527365922927856,0.8594223260879517,0.8600063920021057,0.8581876158714294
356,15,0.2587745189666748,179,0.5249999463558197,0.5053018588911403,0.04,0.07543164491653442,0.03659665584564209,0.06761956214904785,0.07327073812484741,0.0703580379486084,0.07702779769897461
357,19,0.3860156536102295,130,1.3913545608520508,0.6316609442234039,0.23545706371191136,0.7564500570297241,0.767564058303833,0.758756160736084,0.7673424482345581,0.7541861534118652,0.752448320388794
358,18,0.2151820957660675,57,1.3342363437016804,0.6069227377573649,0.5617283950617284,-0.04155755043029785,-0.28374695777893066,-0.03868603706359863,-0.17963957786560059,-0.045496463775634766,-0.09390652179718018
359,6,0.3982798457145691,53,1.9787569642066956,0.5080653578042984,0.16666666666666666,0.4504457116127014,0.5021110773086548,0.45105063915252686,0.4850150942802429,0.44819706678390503,0.46692997217178345
360,21,0.23141363263130188,62,1.1492413878440857,0.554657076534472,0.9841269841269841,0.7918442487716675,0.7551256418228149,0.7815485000610352,0.7202919125556946,0.7695758938789368,0.7550417184829712
361,6,0.32653355598449707,192,0.38105370849370956,0.46328573673963547,0.5555555555555556,0.08254677057266235,0.013063430786132812,0.07680916786193848,0.08014047145843506,0.08391410112380981,0.08610528707504272
362,16,0.28939345479011536,193,1.6038926442464192,0.550762876868248,0.78125,0.3820955157279968,0.23575443029403687,0.2367151379585266,0.296531617641449,0.2571302056312561,0.23109173774719238
363,8,0.15596073865890503,92,0.43221279978752136,0.4108671024441719,0.046875,0.11844027042388916,0.15652525424957275,0.12958258390426636,0.15111327171325684,0.11007946729660034,0.16291892528533936
364,5,0.1651206761598587,164,1.3101333181063335,0.9273485541343689,0.28,0.2160860300064087,0.19877415895462036,0.21249091625213623,0.2183123230934143,0.21826016902923584,0.21449196338653564
365,12,0.29931068420410156,107,1.1894353032112122,0.6582053273916244,0.6041666666666666,0.5635000467300415,0.5471184849739075,0.562222957611084,0.5682777166366577,0.5658982992172241,0.5716378092765808
366,4,0.12209969013929367,166,0.8207235634326935,0.7677775025367737,0.4375,0.0017828941345214844,0.007873475551605225,0.015456140041351318,-0.003805875778198242,0.007823050022125244,0.011053621768951416
367,15,0.12061344087123871,116,0.8680193424224854,0.7708656162023544,0.8133333333333334,-0.030923008918762207,-0.06186950206756592,-0.0383610725402832,-0.0687408447265625,-0.03163588047027588,-0.02512979507446289
368,20,0.13331685960292816,26,1.2122049033641815,0.5956904952015195,0.7625,0.609316349029541,0.5556520223617554,0.6142597198486328,0.6266300082206726,0.6084359288215637,0.6231520175933838
369,11,0.11370085924863815,188,1.116994023323059,0.472925528883934,0.9090909090909091,0.7568656206130981,0.48771750926971436,0.7582147717475891,0.7550910115242004,0.7597969770431519,0.7601184844970703
370,18,0.31594187021255493,84,1.0266635119915009,0.6332907240305629,0.37962962962962965,0.2297440767288208,0.3468477725982666,0.21907758712768555,0.2503642439842224,0.21967220306396484,0.23799723386764526
371,17,0.13938632607460022,148,0.4840313196182251,0.6716004595160484,0.4913494809688581,0.14786547422409058,0.1702471375465393,0.16411620378494263,0.18379777669906616,0.15264064073562622,0.18214815855026245
372,24,0.1247648149728775,4,1.3096880838274956,0.6840827083215117,0.8298611111111112,-0.16771769523620605,-0.22300779819488525,-0.11796200275421143,-0.19867634773254395,-0.1142958402633667,-0.1219942569732666
373,18,0.28190943598747253,28,1.3020471731821697,0.6671376208464305,0.35185185185185186,0.14439404010772705,0.3049749732017517,0.1383376121520996,0.32785576581954956,0.14737945795059204,0.2998753786087036
374,19,0.1510777771472931,135,1.8563840985298157,0.7254336439073086,0.00554016620498615,0.5503205060958862,0.6389623284339905,0.45802825689315796,0.528988242149353,0.42724794149398804,0.5094568729400635
375,14,0.3536413609981537,82,1.3431834677855174,0.411335905844515,0.47959183673469385,0.051321566104888916,0.051937639713287354,-0.0003197193145751953,-0.027023911476135254,0.015147089958190918,-0.019412875175476074
376,11,0.17345497012138367,192,0.5877147987484932,0.43834256529808047,0.45454545454545453,0.23287713527679443,0.015145182609558105,0.23091340065002441,0.22951525449752808,0.23231226205825806,0.2363983392715454
377,24,0.11403736472129822,96,1.578268587589264,0.5376217644661665,0.9392361111111112,-0.07346606254577637,-0.19231438636779785,-0.06791269779205322,-0.12321603298187256,-0.0671846866607666,-0.07217240333557129
378,12,0.21950289607048035,33,0.9100737273693085,0.8508542825778326,0.08333333333333333,0.6307379007339478,0.6386615633964539,0.6247714757919312,0.6285603046417236,0.6279009580612183,0.6328487396240234
379,11,0.3904668688774109,120,1.4667161703109741,0.5863179340958595,0.9173553719008265,0.0640764832496643,0.04870164394378662,0.07404977083206177,0.05324995517730713,0.07255584001541138,0.06800192594528198
380,25,0.3505006432533264,40,1.4465478360652924,0.5737538990520296,0.4272,0.8673791885375977,0.7258349657058716,0.6870135068893433,0.7607199549674988,0.6534719467163086,0.8082326054573059
381,12,0.2636415362358093,17,0.6022398620843887,0.610571600496769,0.2708333333333333,0.043528735637664795,0.052873432636260986,0.015262484550476074,0.09834021329879761,0.013519346714019775,0.04266244173049927
382,12,0.27220964431762695,181,0.7513801753520966,0.593925952911377,0.9583333333333334,0.5980117321014404,0.21229994297027588,0.5197130441665649,0.5790784358978271,0.5792403221130371,0.5229060649871826
383,20,0.15257114171981812,41,1.5264005263646443,0.5116600660341126,0.275,0.6151888370513916,0.13066506385803223,0.4935793876647949,0.5482222437858582,0.4178212881088257,0.4861658215522766
384,4,0.3958086371421814,32,1.0201337933540344,0.5766159892082214,0.25,0.7540122866630554,0.7474295496940613,0.746330976486206,0.7589625716209412,0.7473338842391968,0.7499059438705444
385,22,0.21421411633491516,84,0.8229008913040161,0.5153285904842264,0.08471074380165289,0.5735082626342773,0.6065260171890259,0.47176826000213623,0.5257035493850708,0.5131306648254395,0.4005669355392456
386,23,0.10943413525819778,100,0.6088098039229711,0.4300860545851968,0.4158790170132325,0.014635622501373291,0.04304617643356323,0.018743038177490234,0.008202791213989258,0.025355517864227295,0.051423847675323486
387,6,0.3727051317691803,144,1.4857540130615234,1.1437190771102905,0.027777777777777776,0.6794325709342957,0.6800279021263123,0.6785212159156799,0.677696704864502,0.6776653528213501,0.6761620044708252
388,10,0.3675149381160736,34,1.2031685560941696,0.8003137186169624,0.21,-0.005994915962219238,0.11031651496887207,-0.047150373458862305,0.2644384503364563,-0.0514523983001709,0.09423613548278809
389,25,0.1637003868818283,90,0.9794239103794098,0.5054399807538305,0.4576,0.7634264230728149,0.7251803874969482,0.7556934356689453,0.7480906248092651,0.7546803951263428,0.7508031129837036
390,23,0.17525604367256165,198,0.8797930240631103,0.5492885683973631,0.3705103969754253,0.1591089367866516,0.11061334609985352,0.1554046869277954,0.245100200176239,0.1424446702003479,0.1545109748840332
391,18,0.15503527224063873,38,0.7451874067385992,0.6033296945194403,0.2037037037037037,0.8039175271987915,0.39797425270080566,0.8105014562606812,0.8019144535064697,0.8134117722511292,0.8001732230186462
392,6,0.29246893525123596,17,0.605788704007864,0.5638240352272987,0.5833333333333334,-0.430698037147522,-0.3268827199935913,-0.33588576316833496,-0.4066507816314697,-0.2353973388671875,-0.4151250123977661
393,22,0.21007807552814484,169,0.8669245503842831,0.6349130090739992,0.4194214876033058,0.2923405170440674,0.2907533049583435,0.279127836227417,0.29729801416397095,0.25333625078201294,0.29385238885879517
394,11,0.14075399935245514,33,1.0652851036616735,0.3690498359501362,0.35537190082644626,-0.009659767150878906,-0.029090285301208496,-0.011292099952697754,-0.06971597671508789,-0.007449746131896973,-0.03746902942657471
395,4,0.1729220300912857,199,0.4341782381137212,0.22088804841041565,0.375,0.22535020112991333,0.2639327049255371,0.2212556004524231,0.22174358367919922,0.23469644784927368,0.1947433352470398
396,12,0.16832153499126434,16,1.419652745127678,0.6994751195112864,0.5694444444444444,0.405023455619812,0.2824285626411438,0.4186304211616516,0.36849886178970337,0.41944199800491333,0.3693641424179077
397,19,0.1624484807252884,15,1.5539206132292747,0.3819018205006917,0.5069252077562327,0.06891679763793945,-0.03970992565155029,0.06292229890823364,0.07435894012451172,0.06092590093612671,0.10962545871734619
398,16,0.22862893342971802,97,0.48375606536865234,0.479105297814716,0.2421875,0.5152196884155273,0.5165150165557861,0.5036973357200623,0.5182517170906067,0.5238349437713623,0.5142866373062134
399,23,0.14894407987594604,78,0.28501532673835756,0.5045805209212832,0.718336483931947,0.08311295509338379,0.027232587337493896,0.049973249435424805,-0.009194254875183105,0.11491590738296509,0.02484583854675293
400,3,0.19553200900554657,9,1.0155552476644516,0.8596948981285095,0.8888888888888888,-0.774154782295227,-0.43695151805877686,-0.6023621559143066,-0.742786169052124,-0.8016331195831299,-0.734471321105957
401,17,0.29688212275505066,62,0.8302898705005646,0.396439266204834,0.1695501730103806,0.08350485563278198,0.14336824417114258,0.11151623725891113,0.10200875997543335,0.12825071811676025,0.17051029205322266
402,3,0.14344066381454468,106,1.2468937635421753,0.5540499985218048,0.5555555555555556,0.002936065196990967,0.005413651466369629,0.0006077289581298828,0.0010582804679870605,0.0006595253944396973,0.0034292936325073242
403,11,0.12783700227737427,100,0.6050066997607549,0.6320428133010865,1.0,-0.004064202308654785,0.00038170814514160156,-0.002972722053527832,0.005850315093994141,-0.0020568370819091797,0.0058498382568359375
404,6,0.3046700358390808,83,1.2585108876228333,0.3871174057324727,0.4444444444444444,0.91172194480896,0.903429388999939,0.9164252281188965,0.9062584638595581,0.9164786338806152,0.9109781384468079
405,14,0.3663669526576996,139,0.5454215407371521,0.5218606415120038,0.0,0.5435100793838501,0.5686056613922119,0.5396735668182373,0.5327914953231812,0.5326272249221802,0.5381086468696594
406,12,0.271761029958725,126,1.0929133892059326,0.5022420097481121,0.9791666666666666,0.29027479887008667,0.23415017127990723,0.30459439754486084,0.2955983877182007,0.3028751015663147,0.297463595867157
407,6,0.23791857063770294,32,0.5924691781401634,0.6529880985617638,0.6111111111111112,-0.12043511867523193,-0.09209144115447998,-0.09705507755279541,-0.08996784687042236,-0.09692835807800293,-0.09402084350585938
408,4,0.33308863639831543,77,0.9943566918373108,0.5012095173199972,0.25,0.2521275281906128,0.25430142879486084,0.25007426738739014,0.14621824026107788,0.2607380151748657,0.24182307720184326
409,8,0.22396525740623474,149,1.3125054389238358,0.8462362587451935,0.484375,0.1800861358642578,0.1102176308631897,0.19011402130126953,0.19033634662628174,0.18875271081924438,0.19053930044174194
410,25,0.31412696838378906,153,0.6102898120880127,0.5126735133429369,0.8928,0.5076391696929932,0.4736986756324768,0.5114829540252686,0.5031946897506714,0.5010720491409302,0.5162363052368164
411,19,0.11943331360816956,196,0.5989101678133011,0.4137043689305966,0.8254847645429363,0.652457594871521,0.5646945238113403,0.6600614786148071,0.653131365776062,0.6583608388900757,0.6650858521461487
412,10,0.15472188591957092,56,1.132936692237854,0.9568870455026627,0.41,-0.006627917289733887,-0.0011385679244995117,-0.0036067962646484375,-1.5616416931152344e-05,-0.007194042205810547,0.008743226528167725
413,13,0.3587140142917633,80,0.6496828734874726,0.5486714132130146,0.8165680473372781,0.0733022689819336,0.05270183086395264,0.009173572063446045,0.056765973567962646,0.05901777744293213,0.05684256553649902
414,21,0.21286708116531372,68,1.2034163922071457,0.6362636675437291,0.2675736961451247,0.7910394668579102,0.8489497303962708,0.7578770518302917,0.7884621024131775,0.7206657528877258,0.8035575151443481
415,11,0.26269960403442383,33,1.2979860852162044,0.3827534429728985,0.4049586776859504,0.8855744004249573,0.9211447834968567,0.8744293451309204,0.8689241409301758,0.8794047832489014,0.8678258657455444
416,13,0.17715412378311157,119,0.7716090281804403,0.6128519603184291,0.40828402366863903,-0.07129907608032227,-0.03399455547332764,-0.08430659770965576,-0.021678805351257324,-0.07488429546356201,-0.023313522338867188
417,22,0.10814207047224045,95,1.111451397339503,0.4056175316755588,0.7665289256198347,0.4432041049003601,0.24075758457183838,0.4581083655357361,0.40853989124298096,0.4570823907852173,0.4220198392868042
418,7,0.293302446603775,165,0.7741114795207977,0.7360905945301056,0.08163265306122448,0.16999685764312744,0.16408896446228027,0.16857928037643433,0.18035542964935303,0.16634100675582886,0.16787129640579224
419,15,0.35606181621551514,191,1.2677998542785645,0.6227804880875808,0.48,0.4622969627380371,0.49115216732025146,0.4515373110771179,0.47216761112213135,0.4529687762260437,0.4625350832939148
420,18,0.14793962240219116,143,0.8698649150984628,0.6788680079308423,0.2222222222222222,0.9497706890106201,0.9459189176559448,0.9492232203483582,0.9444114565849304,0.9472275376319885,0.946520984172821
421,19,0.3322506844997406,109,1.1490134596824646,0.5940251797437668,0.8614958448753463,0.5027602910995483,0.4799553155899048,0.47712695598602295,0.5111894607543945,0.4940189719200134,0.4968470335006714
422,23,0.310533344745636,40,0.7974755068620046,0.5643882542848587,0.05103969754253308,0.5325928926467896,0.5989307165145874,0.4810634255409241,0.5664387941360474,0.4936800003051758,0.5232263803482056
423,18,0.2071712166070938,77,0.6325323904554049,0.5501719489693642,0.06172839506172839,0.017695963382720947,0.06898945569992065,0.025013983249664307,0.05174487829208374,0.022812068462371826,0.04923504590988159
424,20,0.14503005146980286,142,0.9541785849465264,0.8097344067963687,0.8875,0.25603175163269043,0.0283963680267334,0.25209665298461914,0.22719275951385498,0.25494444370269775,0.24841684103012085
425,6,0.11104150861501694,130,1.3490933328866959,0.5771609544754028,0.7222222222222222,0.3035133481025696,0.28931379318237305,0.29865962266921997,0.29889243841171265,0.2904544472694397,0.29192328453063965
426,25,0.3481178283691406,106,1.7308566967646282,0.6276414130221714,0.6432,0.8079473376274109,0.754499077796936,0.7886449098587036,0.7793366312980652,0.7879467606544495,0.7740045785903931
427,6,0.37961727380752563,3,0.6808454394340515,0.36285319924354553,0.6944444444444444,0.15419840812683105,0.41962671279907227,0.14246070384979248,0.37283051013946533,0.1552157998085022,0.25586873292922974
428,20,0.33777961134910583,56,1.4065472036600113,0.5814006235450506,0.0625,0.925520658493042,0.9404423236846924,0.8293833136558533,0.8942298889160156,0.9145267009735107,0.8928067088127136
429,20,0.11260470747947693,111,1.112360600914274,0.517001252907973,0.5575,0.36817675828933716,0.34306830167770386,0.3624870181083679,0.3500171899795532,0.35528886318206787,0.37551403045654297
430,23,0.11402469873428345,10,0.7528286327918371,0.5576447695493698,0.44045368620037806,-0.1715545654296875,-0.7846353054046631,-0.142075777053833,-0.2047863006591797,-0.13605833053588867,-0.16889238357543945
431,9,0.1458916813135147,118,0.8490358491738638,0.44980109731356305,0.7160493827160493,0.00042641162872314453,0.002593398094177246,-0.002519965171813965,0.0016232728958129883,-0.003759145736694336,0.0016502141952514648
432,12,0.2021772712469101,86,0.9094074964523315,0.6069288892405373,0.6388888888888888,0.32746511697769165,0.14889878034591675,0.33460694551467896,0.31309837102890015,0.32921719551086426,0.30265021324157715
433,17,0.11033041775226593,151,0.9513006955385208,0.6293372511863708,0.36678200692041524,0.6550021171569824,0.48962604999542236,0.6517685055732727,0.6545451879501343,0.6522271037101746,0.649705171585083
434,21,0.19765865802764893,71,1.122928962111473,0.7709425144335803,0.47165532879818595,0.47115659713745117,0.17775499820709229,0.4674656391143799,0.3821168541908264,0.4546828866004944,0.42830073833465576
435,12,0.17576441168785095,78,0.938700944185257,0.4763050228357315,0.6666666666666666,0.27920377254486084,0.15991073846817017,0.28460490703582764,0.2752798795700073,0.2866023778915405,0.2893558144569397
436,21,0.187257781624794,119,1.2330057322978973,0.6865908523400625,0.9909297052154195,-0.019477128982543945,0.0031371712684631348,0.00435405969619751,0.00903385877609253,-0.0046193599700927734,-0.043413519859313965
437,18,0.14714626967906952,88,1.059674710035324,0.500916910442439,0.7623456790123457,0.5911242961883545,0.5746482014656067,0.5916329622268677,0.575578510761261,0.58638596534729,0.5921704769134521
438,19,0.1738133728504181,94,0.6419505402445793,0.6341477724222037,0.8753462603878116,0.06081801652908325,0.06460857391357422,0.06374454498291016,0.11638569831848145,0.0679243803024292,0.0831483006477356
439,4,0.19329193234443665,85,0.8720536828041077,0.9659841656684875,0.8125,-0.009124398231506348,0.008306026458740234,-0.008956551551818848,-0.011072516441345215,-0.005804896354675293,-0.01265859603881836
440,14,0.18184226751327515,108,0.9120914704269834,0.3131226092576981,0.9387755102040817,0.9463313817977905,0.9308577179908752,0.9467943906784058,0.9455767273902893,0.9461531043052673,0.9470874071121216
441,22,0.1432601362466812,90,0.8223077207803726,0.5694396514445543,0.6115702479338843,0.809553861618042,0.796302855014801,0.8136039972305298,0.8072159290313721,0.8133121728897095,0.8129861354827881
442,23,0.2494298219680786,152,1.5382142305374145,0.6278461706307199,0.7410207939508506,0.8372402787208557,0.8078324794769287,0.8692243695259094,0.8460555076599121,0.8636449575424194,0.8514049053192139
443,9,0.2482336312532425,150,0.49787403146425885,0.5581936289866766,0.6172839506172839,0.1531764268875122,0.05774003267288208,0.16067123413085938,0.15681815147399902,0.14163094758987427,0.16268378496170044
444,21,0.1422824263572693,87,0.586090725660324,0.6340966929088939,0.14285714285714285,0.007257342338562012,-0.0014352798461914062,0.011084020137786865,-0.0007790327072143555,0.010217845439910889,-0.002659320831298828
445,23,0.10190769284963608,185,0.9126179605722428,0.9188145376168765,0.7542533081285444,0.20045936107635498,0.24313151836395264,0.21783947944641113,0.2528771758079529,0.22273987531661987,0.2512829303741455
446,21,0.10164324939250946,119,1.338809259235859,0.5343219878581854,0.38095238095238093,0.14934152364730835,0.021327972412109375,0.14398783445358276,0.14656990766525269,0.14492267370224,0.13670605421066284
447,17,0.14315326511859894,48,1.2321687440077465,0.5533692376180128,0.7162629757785467,0.016292333602905273,-0.00943303108215332,0.0018297433853149414,-0.004882097244262695,0.006163597106933594,0.012266099452972412
448,25,0.3827994465827942,97,0.6464847475290298,0.6792949632458065,0.6336,0.6525591015815735,0.6676586270332336,0.4468775987625122,0.7038025856018066,0.43647444248199463,0.5627126693725586
449,11,0.16038824617862701,2,1.344517449537913,0.4851080272346735,0.8099173553719008,-0.0494304895401001,0.031204283237457275,0.02315652370452881,-0.007378101348876953,0.003555595874786377,0.07459163665771484
450,4,0.3651158809661865,188,1.4308403432369232,0.8713461756706238,0.625,0.3979681134223938,0.3944525718688965,0.39844638109207153,0.3972736597061157,0.39698249101638794,0.39649564027786255
451,22,0.39451146125793457,40,0.28815987706184387,0.6324347193752017,0.5867768595041323,0.25285059213638306,0.18967312574386597,0.19238942861557007,0.2901706099510193,0.2189655900001526,0.27254021167755127
452,11,0.3043707013130188,149,0.48458218574523926,1.0337246888213687,0.9338842975206612,0.570923388004303,0.5229228734970093,0.5573326349258423,0.5683037042617798,0.5577495098114014,0.5502535104751587
453,9,0.24375230073928833,161,1.116269622530256,0.8280470669269562,0.3950617283950617,-0.03187823295593262,-0.008085131645202637,-0.03833210468292236,-0.026274800300598145,-0.03402507305145264,-0.0299299955368042
454,22,0.1703779101371765,15,1.1512831002473831,0.6440699966624379,0.11983471074380166,0.5505189299583435,0.6000677347183228,0.5655765533447266,0.5991426706314087,0.560418963432312,0.6089175939559937
455,16,0.3825777769088745,150,0.48561665415763855,0.5037801446659225,0.109375,0.19213896989822388,0.185105562210083,0.20142823457717896,0.21733391284942627,0.20148253440856934,0.21765398979187012
456,22,0.298791766166687,127,0.2943832278251648,0.582920740544796,0.768595041322314,0.3164252042770386,0.2641085386276245,0.30688685178756714,0.2790061831474304,0.30788230895996094,0.3052387237548828
457,11,0.2902878224849701,174,0.7382702827453613,0.5668101627379656,0.38016528925619836,0.007144510746002197,-0.014008879661560059,0.0008869767189025879,0.0016255378723144531,-0.002681136131286621,-0.012637853622436523
458,4,0.36696839332580566,78,2.0692660808563232,0.3340313881635666,0.625,0.9414578676223755,0.892078161239624,0.9403796195983887,0.9387149214744568,0.9415716528892517,0.9407477378845215
459,17,0.1554490029811859,13,1.2034344502857752,0.5432134017348289,0.8961937716262975,-0.008372783660888672,-0.06209397315979004,-0.04350090026855469,-0.03876197338104248,-0.044113755226135254,-0.04645073413848877
460,18,0.22765065729618073,116,0.5045205354690552,0.4646544019381205,0.4845679012345679,-0.096779465675354,-0.06843197345733643,-0.09558284282684326,-0.06798386573791504,-0.0848846435546875,-0.06662499904632568
461,22,0.1357816606760025,59,0.9230391316943698,0.5534251687618402,0.9400826446280992,-0.11627006530761719,-0.08559048175811768,-0.11414706707000732,-0.15653955936431885,-0.11011457443237305,-0.11139345169067383
462,11,0.2609572410583496,92,0.7616058588027954,0.5631569363176823,0.6611570247933884,0.4926854372024536,0.26367759704589844,0.4803609251976013,0.5047979950904846,0.40912455320358276,0.4259223937988281
463,8,0.26558876037597656,88,0.7713074237108231,0.6199733316898346,0.15625,-0.007454037666320801,-0.01367652416229248,-0.00695645809173584,-0.0056383609771728516,-0.007693290710449219,-0.0053403377532958984
464,21,0.3192852735519409,113,1.0411178419987361,0.5927790535820855,0.3129251700680272,0.8132620453834534,0.8965126276016235,0.77669358253479,0.8369908332824707,0.8001161217689514,0.807604193687439
465,13,0.18694448471069336,189,1.4675116539001465,0.7453428263014014,0.24260355029585798,0.8246731758117676,0.8236767053604126,0.8300084471702576,0.809218168258667,0.8206643462181091,0.8146605491638184
466,22,0.32914745807647705,12,1.4685777127742767,0.6614477893239573,0.22933884297520662,-0.051505208015441895,0.23375248908996582,-0.0675201416015625,0.1636873483657837,-0.07254409790039062,0.0450320839881897
467,7,0.22355161607265472,77,1.8997305780649185,0.6835880180199941,0.9183673469387755,0.6649783849716187,0.5486889481544495,0.6643713116645813,0.6638309955596924,0.667605996131897,0.6587061882019043
468,11,0.18913933634757996,83,0.7690249383449554,0.37399332438196453,0.30578512396694213,0.2800872325897217,0.29614317417144775,0.29627543687820435,0.30664926767349243,0.29451847076416016,0.298107385635376
469,4,0.24033799767494202,185,0.6398057738939921,0.8848535418510437,1.0,-0.05892038345336914,-0.013275384902954102,-0.05526864528656006,-0.02849555015563965,-0.043991804122924805,-0.041838884353637695
470,16,0.16837982833385468,44,1.428928812344869,0.5851018339395523,0.515625,0.20365536212921143,0.03511345386505127,0.17700427770614624,0.16556328535079956,0.14751535654067993,0.13257920742034912
471,19,0.1709408313035965,156,1.0926102910723006,0.63267178957661,0.0886426592797784,0.1857098937034607,0.16963505744934082,0.21788322925567627,0.21229690313339233,0.2121051549911499,0.197970449924469
472,12,0.21137292683124542,51,1.0477784276008606,0.5998019129037857,0.7013888888888888,0.7245043516159058,0.6704108715057373,0.7233338356018066,0.7235279083251953,0.7207081913948059,0.7256696224212646
473,10,0.1555478572845459,132,0.996191956102848,0.6502422591050466,0.68,0.14620715379714966,0.1856812834739685,0.15070480108261108,0.15671247243881226,0.1551716923713684,0.14227527379989624
474,8,0.16462725400924683,134,0.6124552860856056,0.6462017819285393,0.0,-0.01788043975830078,-0.02281332015991211,-0.022051095962524414,-0.014916300773620605,-0.010733366012573242,-0.018610835075378418
475,3,0.14936256408691406,122,0.9497194290161133,1.7043819427490234,0.6666666666666666,-0.002657771110534668,-0.0034104585647583008,-0.00023925304412841797,0.0033538341522216797,-0.000700831413269043,0.003025650978088379
476,19,0.11832662671804428,189,0.9209939479827881,0.49019194713660647,0.08310249307479224,0.819888710975647,0.8277859091758728,0.8208292722702026,0.8265795111656189,0.8225225210189819,0.8273670673370361
477,10,0.24817506968975067,127,1.5054114609956741,0.5260011230905851,0.69,0.5869415402412415,0.038493454456329346,0.5524893999099731,0.5314304828643799,0.5081371068954468,0.5226994752883911
478,7,0.3334481716156006,39,2.2440932989120483,0.6320611573755741,0.3469387755102041,0.008536875247955322,0.011824846267700195,0.009859025478363037,0.011184275150299072,0.009231865406036377,0.0156327486038208
479,16,0.38171863555908203,103,0.6422422925631205,0.43916925214804137,0.46484375,0.5916727781295776,0.5611451864242554,0.5776728391647339,0.5961323976516724,0.5743608474731445,0.5921647548675537
480,13,0.39716029167175293,58,1.040378451347351,0.5668555398782095,0.10059171597633136,0.5014805793762207,0.5618331432342529,0.48979538679122925,0.5032167434692383,0.4737047553062439,0.48705416917800903
481,23,0.3243989646434784,83,1.1659070439636707,0.4364061888895537,0.15311909262759923,0.8017911911010742,0.8854898810386658,0.779167652130127,0.7924656271934509,0.7846404314041138,0.828821063041687
482,19,0.19459345936775208,149,1.9728803873062133,0.5585075095295906,0.1634349030470914,0.5057146549224854,0.4868272542953491,0.43742501735687256,0.4871677756309509,0.4508557915687561,0.4938492178916931
483,11,0.3104274570941925,52,1.6798433512449265,0.5823314913681575,0.45454545454545453,0.42058414220809937,0.4243003726005554,0.4234791398048401,0.41141295433044434,0.4219764471054077,0.42402082681655884
484,23,0.3660210371017456,2,0.38614802559216815,0.5348803043365479,0.775047258979206,-0.04992854595184326,0.09647458791732788,-0.08589529991149902,0.06895297765731812,-0.04219508171081543,0.061110734939575195
485,18,0.16784702241420746,137,1.1045477867126465,0.6200365103208102,0.36728395061728397,-0.060904741287231445,-0.015560388565063477,-0.035251736640930176,-0.011145591735839844,-0.062398314476013184,-0.06646215915679932
486,25,0.1093476265668869,179,0.6939541175961494,0.5741589148839314,0.0656,0.23165130615234375,0.00025779008865356445,0.2327297329902649,0.22547829151153564,0.2297382354736328,0.2394840121269226
487,20,0.2875027656555176,132,0.6506074965000153,0.5385991359750429,0.525,0.08025169372558594,0.056429505348205566,0.03816413879394531,0.0883370041847229,0.040307581424713135,0.09208959341049194
488,6,0.11776459217071533,141,0.5845913589000702,0.5842733979225159,0.19444444444444445,0.7204962372779846,0.7208406925201416,0.7202240228652954,0.7266895174980164,0.720115602016449,0.7187201976776123
489,9,0.18877245485782623,83,0.46048983931541443,0.3677607902458736,0.7530864197530864,0.1275177001953125,0.009272754192352295,0.10939496755599976,0.09518450498580933,0.10423469543457031,0.08922791481018066
490,3,0.3822142779827118,173,0.520467072725296,0.8172706961631775,0.7777777777777778,-0.005248427391052246,0.02599090337753296,0.004193425178527832,-0.003943920135498047,-0.005504965782165527,-0.0050803422927856445
491,21,0.3761390447616577,17,0.6280741691589355,0.7244763332936499,0.780045351473923,-0.009443521499633789,-0.021665453910827637,-0.02179694175720215,0.04317808151245117,-0.03168201446533203,0.00978308916091919
492,23,0.16880784928798676,96,1.0554317951202392,0.729017491141955,0.3780718336483932,0.4179410934448242,0.07395428419113159,0.43621671199798584,0.44008517265319824,0.3891605734825134,0.44001322984695435
493,11,0.10077207535505295,89,0.8025195279291698,0.29598649591207504,0.2231404958677686,0.9165202975273132,0.912310004234314,0.9156793355941772,0.9155236482620239,0.9152020215988159,0.9174450039863586
494,13,0.26981255412101746,26,1.1953429579734802,0.5408840369094502,0.0,0.6402443647384644,0.646041989326477,0.6421907544136047,0.5486183166503906,0.6373895406723022,0.6127846240997314
495,20,0.2723606526851654,46,0.9916448682546616,0.4866574674844742,0.7875,0.0868040919303894,-0.08456945419311523,0.030026018619537354,-0.07415008544921875,0.043428897857666016,-0.07629919052124023
496,22,0.28266122937202454,164,0.55037988225619,0.5545977344736457,0.621900826446281,0.8565199375152588,0.6158757209777832,0.8503133058547974,0.8292883634567261,0.8447192311286926,0.8367858529090881
497,8,0.2612319588661194,175,1.1585866585373878,0.5346314832568169,0.515625,0.22574371099472046,0.208016037940979,0.22666805982589722,0.21081358194351196,0.22980642318725586,0.21946090459823608
498,8,0.13380901515483856,129,1.5743988752365112,0.5269985884428025,0.1875,0.36949586868286133,0.374014675617218,0.36745065450668335,0.3826802968978882,0.36675095558166504,0.3787097930908203
499,17,0.1714693158864975,4,1.117224633693695,0.6518516024717917,0.2041522491349481,-0.40348196029663086,-0.3888394832611084,-0.37143468856811523,-0.42518699169158936,-0.39272594451904297,-0.37103474140167236
500,22,0.1709621548652649,68,0.9357835836708546,0.8288043013640812,0.26239669421487605,0.01697671413421631,-0.008433938026428223,0.0040223002433776855,0.0012663006782531738,0.007616698741912842,-0.008210539817810059
501,12,0.22053223848342896,172,1.4527084231376648,0.6091305050585005,0.7708333333333334,0.8246203660964966,0.8074612021446228,0.8247228264808655,0.829407811164856,0.8239909410476685,0.8304104804992676
502,14,0.34015369415283203,67,0.9135573108990988,0.8081388365138661,0.413265306122449,0.9239170551300049,0.8679296970367432,0.9222868084907532,0.9242017865180969,0.9215290546417236,0.9257069230079651
503,21,0.14688831567764282,126,0.97542964220047,0.573498023673892,0.41043083900226757,-0.028177976608276367,-0.0271073579788208,-0.02452266216278076,-0.06017792224884033,-0.023130178451538086,-0.05803859233856201
504,24,0.14398682117462158,53,1.5045378108819325,0.5796379248301188,0.4097222222222222,0.007536709308624268,-0.02990424633026123,0.010740816593170166,0.013940691947937012,0.008146882057189941,-0.0008400678634643555
505,7,0.324893593788147,143,1.4532394409179688,0.5841982692480088,0.2857142857142857,0.11327469348907471,0.14806658029556274,0.12662959098815918,0.15730714797973633,0.11741185188293457,0.15134197473526
506,9,0.17126086354255676,110,1.4660314917564392,0.6024450833598772,0.4444444444444444,0.16999244689941406,0.1601467728614807,0.16559594869613647,0.17274528741836548,0.17056840658187866,0.16918081045150757
507,20,0.13666914403438568,104,1.0566367613417762,0.5153079124597403,0.7,0.7264021039009094,0.5368737578392029,0.716277003288269,0.7321722507476807,0.65876305103302,0.7226169109344482
508,8,0.11084476858377457,151,0.9123229895319257,0.38411882519721985,0.09375,0.4787307381629944,0.47319501638412476,0.48097896575927734,0.47854119539260864,0.4785078763961792,0.4761847257614136
509,23,0.21027393639087677,104,0.7462997635205587,0.4980146358994877,0.13988657844990549,0.7680711150169373,0.4597738981246948,0.7385565042495728,0.8016281723976135,0.7439395189285278,0.7790310382843018
510,22,0.16936782002449036,68,1.1543327569961548,0.6119867563247681,0.5743801652892562,0.5656946897506714,0.5276808738708496,0.5289696455001831,0.5299645662307739,0.48320138454437256,0.4980928897857666
511,10,0.2482910454273224,8,0.30742621421813965,0.5623444219430288,0.63,0.03731578588485718,-0.2946118116378784,0.04039573669433594,0.2118648886680603,0.011448562145233154,0.19129222631454468
512,14,0.3100764751434326,175,0.9782816370328268,0.5384641696106304,0.6224489795918368,0.8391677737236023,0.8080518245697021,0.8276388645172119,0.8337575197219849,0.8315761685371399,0.8244112133979797
513,22,0.16255806386470795,119,1.161801556746165,0.5717092117196635,0.7458677685950413,0.6947807669639587,0.12110918760299683,0.698741614818573,0.10372006893157959,0.702336311340332,0.4687677025794983
514,16,0.269325315952301,91,1.0052344004313152,0.37101499621684736,0.234375,0.8334449529647827,0.8062419295310974,0.8388659954071045,0.8541111350059509,0.8195691704750061,0.8452439904212952
515,17,0.14410385489463806,187,0.8908214867115021,0.4377710805697875,0.3771626297577855,0.4728638529777527,0.3062126636505127,0.44206684827804565,0.4972825050354004,0.44989854097366333,0.5014774799346924
516,17,0.3380637466907501,43,0.9995269328355789,0.4940452461059277,0.6678200692041523,0.3741980791091919,0.3424499034881592,0.35964375734329224,0.43852996826171875,0.4094342589378357,0.42474138736724854
517,24,0.1833679974079132,82,1.2734384536743164,0.8045993651214399,0.9722222222222222,0.9059720039367676,0.8210009932518005,0.9078584313392639,0.9003950953483582,0.9076592326164246,0.9013233780860901
518,8,0.1996847689151764,182,1.3389698664347331,0.3879655510187149,0.703125,0.4018414616584778,0.17565685510635376,0.4005144238471985,0.41429269313812256,0.3963339328765869,0.40385937690734863
519,17,0.10499034076929092,38,0.717132106423378,0.5584792781334657,0.18339100346020762,0.09109878540039062,0.13791650533676147,0.07637637853622437,0.12838560342788696,0.07041847705841064,0.131466805934906
520,21,0.1021304726600647,81,1.1111073046922684,0.5883192270994186,0.6122448979591837,0.46606194972991943,0.29960155487060547,0.5040021538734436,0.4731576442718506,0.4731677174568176,0.5247856378555298
521,13,0.1557961404323578,72,1.0811541080474854,0.6023800503462553,0.3727810650887574,0.8479657769203186,0.7442517280578613,0.8199222683906555,0.8622226715087891,0.8318669199943542,0.84568190574646
522,24,0.25409072637557983,34,0.9002827286720276,0.6278719117766932,0.5121527777777778,0.6699097156524658,0.5765490531921387,0.5680232644081116,0.650867223739624,0.5510634779930115,0.5936760902404785
523,25,0.10227606445550919,17,1.1938183416019787,0.6446250932557243,0.0368,0.8470011949539185,0.901942789554596,0.8255312442779541,0.8668376207351685,0.8243708610534668,0.8813413381576538
524,18,0.24183112382888794,170,0.6536046788096428,0.5850557408162526,0.9969135802469136,0.7669174671173096,0.6383006572723389,0.7671286463737488,0.7674746513366699,0.7634986639022827,0.7636952996253967
525,3,0.2513163089752197,59,0.32505035400390625,0.39006930589675903,0.2222222222222222,0.018933594226837158,0.011564791202545166,0.012432336807250977,-0.0043375492095947266,0.017529726028442383,-0.007863998413085938
526,20,0.20101536810398102,6,0.892777544260025,0.6553435027599335,0.435,-0.4708651304244995,-0.9654622077941895,-0.5058488845825195,-0.8211953639984131,-0.5660125017166138,-0.6309285163879395
527,10,0.17234548926353455,90,1.3918408453464508,0.4892208456993103,0.8,0.40987998247146606,0.18792253732681274,0.4081011414527893,0.3987111449241638,0.41192126274108887,0.3993992805480957
528,15,0.11057888716459274,10,0.9256192613393068,0.6749041037900108,0.5955555555555555,-0.49149060249328613,-0.4911172389984131,-0.43200933933258057,-0.1413123607635498,-0.4315207004547119,-0.1257561445236206
529,12,0.15249136090278625,191,0.8717863091400692,0.38073912262916565,0.2777777777777778,0.0802847146987915,0.043560147285461426,0.07231295108795166,0.09191310405731201,0.07288634777069092,0.09129434823989868
530,15,0.38147154450416565,26,0.7165102362632751,0.8194099022791936,0.40444444444444444,0.5339111089706421,0.11573797464370728,0.5473107099533081,0.4209234118461609,0.5020787715911865,0.504920244216919
531,3,0.1910327523946762,25,0.3649616539478302,0.5522753894329071,0.2222222222222222,-0.03434896469116211,-0.0349193811416626,-0.034545063972473145,-0.03521168231964111,-0.033963680267333984,-0.03693890571594238
532,18,0.13571429252624512,26,0.8868589931064181,0.5210429926713308,0.25617283950617287,0.846359133720398,0.8771355152130127,0.7799358367919922,0.8530831336975098,0.7614598274230957,0.8563023805618286
533,25,0.12667199969291687,98,0.8860946953296661,0.5592537902295589,0.4592,0.7170559167861938,0.6881374716758728,0.7153310775756836,0.7023189067840576,0.7056155800819397,0.718936026096344
534,10,0.10666947811841965,172,1.3943969408671062,0.3808297940662929,0.71,0.13727253675460815,0.01864171028137207,0.13615769147872925,0.1304594874382019,0.1390364170074463,0.13034236431121826
535,11,0.34895259141921997,133,1.0106299668550491,0.812490314245224,0.10743801652892562,0.026873350143432617,0.038479506969451904,0.052237510681152344,0.021791577339172363,0.033875882625579834,0.03552979230880737
536,15,0.1264680027961731,122,1.2773951888084412,0.6136887833476067,0.06222222222222222,0.4137764573097229,0.40988850593566895,0.41076546907424927,0.41337382793426514,0.41451239585876465,0.4126890301704407
537,11,0.1945093423128128,130,1.1967987169822056,0.8044384688138961,0.024793388429752067,0.8628708720207214,0.8637226819992065,0.8628124594688416,0.860511839389801,0.8622370362281799,0.8605043888092041
538,10,0.3195406496524811,185,0.4460478027661641,0.427374216062682,0.39,0.010056257247924805,0.012184858322143555,0.012378334999084473,0.010151326656341553,0.01155698299407959,0.002229630947113037
539,10,0.37454667687416077,69,0.4913090243935585,0.5832398012280464,0.43,0.4654964208602905,0.4916243553161621,0.47459638118743896,0.48921746015548706,0.46734583377838135,0.48472124338150024
540,17,0.26307281851768494,98,1.0596827665964763,0.5622052763189588,0.8062283737024222,0.8187463283538818,0.6787875890731812,0.7878521680831909,0.7715691328048706,0.8115440607070923,0.771750807762146
541,8,0.3382743000984192,144,0.9745922684669495,0.3786461076566151,0.953125,0.8859278559684753,0.742991030216217,0.8816302418708801,0.8705055117607117,0.8808531761169434,0.8852286338806152
542,11,0.29576897621154785,139,0.4385460317134857,0.6162973925471306,0.8347107438016529,0.7337380051612854,0.648347020149231,0.739911675453186,0.7424755692481995,0.7405896186828613,0.7404620051383972
543,12,0.16498777270317078,153,1.4524073004722595,0.6979074842400022,0.7013888888888888,-0.013077735900878906,-0.025748848915100098,-0.015519380569458008,-0.01558387279510498,-0.014841437339782715,-0.01537787914276123
544,24,0.15228092670440674,16,1.0897141993045807,0.6554865099489688,0.3559027777777778,0.7701740264892578,0.7565540075302124,0.7918610572814941,0.8031261563301086,0.8019996285438538,0.8059199452400208
545,20,0.27072614431381226,16,0.7862158045172691,0.691813150420785,0.8675,0.031623661518096924,-0.06542074680328369,0.023466885089874268,-0.025696873664855957,0.03229725360870361,0.0161629319190979
546,21,0.1392425000667572,158,0.621546379157475,0.6281416235225541,0.6462585034013606,0.8734987378120422,0.8482077121734619,0.8687610030174255,0.8557391166687012,0.8630991578102112,0.8623813986778259
547,8,0.1709829419851303,147,1.3433219144741695,0.5734722197055817,0.953125,0.39662641286849976,0.3829506039619446,0.39845871925354004,0.4028431177139282,0.3974241018295288,0.4020577669143677
548,17,0.1820482313632965,62,0.6585655212402344,0.5660221150943211,0.7612456747404844,-0.24355995655059814,-0.23081839084625244,-0.20787322521209717,-0.17382991313934326,-0.2360934019088745,-0.18864870071411133
549,5,0.10947782546281815,107,0.7163026332855225,0.7939500361680984,0.76,0.5606006383895874,0.07913702726364136,0.5571332573890686,0.5606056451797485,0.5564595460891724,0.5624231100082397
550,19,0.10395929962396622,195,0.7641449570655823,0.6228506453335285,0.4376731301939058,0.2413339614868164,0.2035018801689148,0.28082114458084106,0.30744028091430664,0.25616633892059326,0.2714921236038208
551,17,0.15584661066532135,187,0.612002931535244,0.7599164981108445,0.49480968858131485,0.3542172908782959,0.3537212610244751,0.3368101716041565,0.36140626668930054,0.33363986015319824,0.3718510866165161
552,15,0.14442504942417145,44,0.8777673294146856,0.6487843493620554,0.14222222222222222,-0.09008121490478516,-0.03462624549865723,-0.07808864116668701,-0.04313361644744873,-0.030208468437194824,-0.04190719127655029
553,25,0.23872627317905426,107,1.1713907271623611,0.578304124729974,0.6464,0.5615549087524414,0.3400424122810364,0.5627208948135376,0.5655254125595093,0.5562645196914673,0.5564860105514526
554,20,0.31282109022140503,199,1.2159361839294434,0.43028806067175335,0.085,0.8135986924171448,0.8131105899810791,0.7795644402503967,0.7861272096633911,0.7787685394287109,0.781652569770813
555,16,0.22494810819625854,22,2.002228230237961,0.48699473092953366,0.66796875,0.1644616723060608,0.14917051792144775,0.29597026109695435,0.19109821319580078,0.2603657841682434,0.25601863861083984
556,7,0.26590442657470703,82,0.945483136177063,0.45600490272045135,0.7551020408163265,0.45023030042648315,0.22717076539993286,0.437934935092926,0.426724910736084,0.4297727942466736,0.4159628748893738
557,24,0.1617935746908188,124,1.5385192513465882,0.6959165726837359,0.3836805555555556,0.33884233236312866,0.37767326831817627,0.3384666442871094,0.3680601119995117,0.3345722556114197,0.3798641562461853
558,12,0.1281599998474121,83,0.7475708772738775,0.5527314990758896,0.9652777777777778,0.6445435285568237,0.5678414106369019,0.6249505877494812,0.6112442016601562,0.637913703918457,0.6289180517196655
559,6,0.12156496196985245,145,0.7793166190385818,0.857038676738739,0.6666666666666666,0.09513050317764282,0.004064321517944336,0.08879107236862183,0.09912145137786865,0.09512442350387573,0.09007227420806885
560,12,0.2951902449131012,143,0.6148079633712769,0.7132582863171896,0.4236111111111111,0.5693480968475342,0.509834349155426,0.5678788423538208,0.5517081022262573,0.5682426691055298,0.5533746480941772
561,24,0.27442994713783264,24,0.5914659748474757,0.6007345103555255,0.8524305555555556,0.8174021244049072,0.6578081250190735,0.8249180316925049,0.8310003280639648,0.8311030268669128,0.7720910906791687
562,24,0.2623634934425354,46,0.47233667472998303,0.6489078303178152,0.7083333333333334,0.3347669243812561,0.28574568033218384,0.298125684261322,0.2924547791481018,0.26855647563934326,0.2623503804206848
563,20,0.19852067530155182,5,1.0648126261574882,0.5642952483433944,0.9775,-0.05982780456542969,-0.399111270904541,-0.05076277256011963,-0.08591282367706299,-0.05079531669616699,-0.08052897453308105
564,12,0.15407896041870117,107,1.1562313934167225,0.6234366471568743,1.0,0.6129149794578552,0.4573593735694885,0.6040358543395996,0.6175229549407959,0.6034647226333618,0.616913914680481
565,13,0.38854897022247314,51,1.24929940700531,0.7760461121797562,0.14792899408284024,0.8063820004463196,0.797709584236145,0.8152592778205872,0.8152666687965393,0.8107008934020996,0.799237072467804
566,8,0.34774765372276306,121,0.6061859130859375,0.6757044742504755,0.421875,0.24856477975845337,0.28729087114334106,0.25033146142959595,0.28286558389663696,0.25286269187927246,0.25454074144363403
567,6,0.29716235399246216,17,1.0418463587760924,1.4919795989990234,0.027777777777777776,0.03770291805267334,0.05662113428115845,0.07339471578598022,0.10263639688491821,0.07098233699798584,0.11438614130020142
568,18,0.18877330422401428,2,2.166103553771973,0.657479023704162,0.8209876543209876,-0.990402102470398,-1.7202372550964355,-0.8123551607131958,-1.342836856842041,-0.906440019607544,-1.0601775646209717
569,19,0.3794921636581421,29,1.0730446577072144,0.5315179112884734,0.3767313019390582,0.6548264026641846,0.5629392862319946,0.5877608060836792,0.6105266809463501,0.6479403972625732,0.6288871765136719
570,19,0.1715947389602661,161,0.5026861548423767,0.5231497947658811,0.9058171745152355,0.20036303997039795,0.07763880491256714,0.218339741230011,0.19298535585403442,0.21972304582595825,0.17308580875396729
571,23,0.1077115535736084,122,1.1493044793605804,0.7470612057617733,0.24763705103969755,0.7285259962081909,0.5364958643913269,0.7257153391838074,0.7265278100967407,0.7244291305541992,0.7233970165252686
572,21,0.3473966419696808,115,0.7631996870040894,0.6157126426696777,0.18140589569160998,0.0696149468421936,0.10916304588317871,0.03519779443740845,0.12383991479873657,0.11424535512924194,0.10100424289703369
573,23,0.34237271547317505,51,1.6254045963287354,0.5953150505111331,0.5765595463137996,0.8984037041664124,0.758920431137085,0.8316619396209717,0.8625468015670776,0.8379168510437012,0.8847693204879761
574,19,0.22925247251987457,195,0.855719193816185,0.7225502967834473,0.518005540166205,0.5352174043655396,0.3024601936340332,0.5158885717391968,0.5541573762893677,0.5369102358818054,0.5198160409927368
575,13,0.27023255825042725,25,0.7469803914427757,0.5381559431552887,0.7337278106508875,0.07680898904800415,-0.017069101333618164,0.08545088768005371,0.19653838872909546,0.1391056776046753,0.22343289852142334
576,8,0.16212806105613708,66,1.3315919399261475,0.5685533980528513,0.859375,0.48443150520324707,0.5144516229629517,0.6707645654678345,0.6722068786621094,0.6468614935874939,0.6854716539382935
577,22,0.22256354987621307,39,1.7032092639378138,0.5526855329672495,0.2334710743801653,0.08861750364303589,0.002119779586791992,0.10507947206497192,0.07263314723968506,0.0805463194847107,-0.03054213523864746
578,13,0.1998743861913681,164,0.8326949357986451,0.8390014506876469,0.7100591715976331,0.714035153388977,0.23027491569519043,0.44309329986572266,0.557698667049408,0.43630433082580566,0.6889941096305847
579,7,0.2670920789241791,168,1.013882577419281,0.5784611940383911,0.2857142857142857,0.7778333425521851,0.768409013748169,0.7521989941596985,0.7293747663497925,0.7428957223892212,0.7530694603919983
580,15,0.23469258844852448,4,0.8758043125271797,0.6306151205843146,0.47555555555555556,0.22350889444351196,0.7994136214256287,0.09296077489852905,0.6197150349617004,0.2643665075302124,0.6018621921539307
581,19,0.27131977677345276,31,1.6887039542198181,0.5950610200564067,0.6011080332409973,0.8837911486625671,0.6045469045639038,0.8423835635185242,0.8729244470596313,0.8555411100387573,0.8670629262924194
582,23,0.11465657502412796,44,0.9079927546637399,0.6139777209609747,0.725897920604915,0.8449662923812866,0.7703933715820312,0.8536130785942078,0.8468073010444641,0.8524314165115356,0.8382663130760193
583,22,0.38109874725341797,149,0.9096220930417379,0.6780065752957997,0.7706611570247934,0.7647250294685364,0.5273786783218384,0.6998063325881958,0.6537676453590393,0.7399065494537354,0.6792020201683044
584,13,0.19707897305488586,180,1.5301859974861145,0.6748287464891162,0.8165680473372781,0.97007817029953,0.8304356336593628,0.9693773984909058,0.9669715166091919,0.967526376247406,0.9612622857093811
585,12,0.16740508377552032,30,0.772046186029911,0.5190444663167,0.5486111111111112,0.27726274728775024,0.25588321685791016,0.27700620889663696,0.260234534740448,0.2754673361778259,0.26624178886413574
586,18,0.17643404006958008,175,1.1366941571235656,0.6090749868979821,0.9166666666666666,0.601599931716919,0.05612868070602417,0.5766879320144653,0.5417227149009705,0.552512526512146,0.5668869614601135
587,16,0.1788843274116516,76,1.3421961814165115,0.5546822994947433,0.37890625,0.36871659755706787,0.3762766122817993,0.33952683210372925,0.3715248107910156,0.3390727639198303,0.35054856538772583
588,15,0.1932596117258072,105,0.6011204173167547,0.5468101418680615,0.06222222222222222,0.03976261615753174,0.05308222770690918,0.04456353187561035,0.025199532508850098,0.03545093536376953,0.030219614505767822
589,4,0.20145544409751892,14,0.7022859553496043,1.4098589420318604,0.875,0.0029677152633666992,0.011106431484222412,0.006078839302062988,0.00868690013885498,0.01299959421157837,0.009802699089050293
590,5,0.2547041177749634,107,0.9235543757677078,0.5823525786399841,0.0,-0.023468375205993652,-0.021846890449523926,-0.025918245315551758,-0.030369281768798828,-0.025942564010620117,-0.023117423057556152
591,3,0.1318238526582718,165,0.5739567279815674,0.3047507405281067,0.5555555555555556,0.5003807544708252,0.49618130922317505,0.503036379814148,0.49556833505630493,0.49711543321609497,0.4993221163749695
592,10,0.11627909541130066,121,0.8978236541152,0.6407083347439766,0.01,0.22355437278747559,0.22813010215759277,0.22636276483535767,0.22120356559753418,0.22747504711151123,0.22287756204605103
593,12,0.11882532387971878,21,0.8497076417718615,0.6868174254894257,0.2152777777777778,-0.09073507785797119,-0.11362600326538086,-0.06796276569366455,-0.2202514410018921,-0.07027113437652588,-0.11376035213470459
594,14,0.307943731546402,144,0.6576702818274498,0.7677022870630026,0.7653061224489796,0.10993695259094238,0.11381000280380249,0.14257407188415527,0.15159088373184204,0.13218635320663452,0.1402498483657837
595,5,0.3965470492839813,178,0.8531526029109955,0.5618026554584503,0.28,0.31083691120147705,0.268226683139801,0.3092328906059265,0.31223762035369873,0.30937910079956055,0.31086957454681396
596,8,0.3848912715911865,3,1.7787289023399353,0.40768666565418243,0.1875,0.7867153286933899,0.6901189088821411,0.7593624591827393,0.7668880224227905,0.7652779817581177,0.750048041343689
597,12,0.1119379848241806,190,0.797426720460256,0.6521794895331064,0.13194444444444445,0.015120744705200195,0.007224142551422119,0.012766122817993164,0.002129197120666504,0.012762606143951416,0.001622617244720459
598,14,0.22231373190879822,9,1.2798502892255783,0.663930332660675,0.23469387755102042,0.4122233986854553,0.5832183361053467,0.38749581575393677,0.6421980857849121,0.3912375569343567,0.6668950915336609
599,20,0.36774370074272156,32,0.33568906784057617,0.49637118923036677,0.255,0.47025585174560547,0.4937795400619507,0.40843677520751953,0.46453964710235596,0.4269269108772278,0.4111526608467102
600,6,0.31063908338546753,165,0.9616069396336874,0.5633164048194885,0.4166666666666667,0.6905226707458496,0.6909530162811279,0.6948628425598145,0.6952878832817078,0.6922582387924194,0.6958788633346558
601,14,0.19482775032520294,84,1.5161949634552,0.5270489040348265,0.6377551020408163,0.16404682397842407,0.09403198957443237,0.16583186388015747,0.16718000173568726,0.14194709062576294,0.13406091928482056
602,15,0.28776779770851135,52,0.8257297217845917,0.6519150033593177,0.1688888888888889,0.7047278881072998,0.6870522499084473,0.6772972941398621,0.6596581935882568,0.658586323261261,0.6649923324584961
603,12,0.12181644886732101,192,1.2181278824806214,0.7227138791765485,0.4791666666666667,0.013000726699829102,0.04682934284210205,0.013757526874542236,0.010306835174560547,0.011210322380065918,0.012131154537200928
604,17,0.34305205941200256,20,1.426865577697754,0.4551360259453456,0.2698961937716263,0.5777609944343567,0.7154501676559448,0.42797625064849854,0.7261744737625122,0.2992386817932129,0.6635595560073853
605,22,0.23686490952968597,81,0.3562312126159668,0.5379288622311184,0.731404958677686,0.5529114007949829,0.28959041833877563,0.5647621750831604,0.4973260760307312,0.5297501087188721,0.5193411707878113
606,17,0.289469450712204,21,1.7046058475971222,0.4935370305409798,0.3806228373702422,0.5930823087692261,0.465192973613739,0.560836911201477,0.5316175222396851,0.5722309350967407,0.5549200177192688
607,18,0.24723681807518005,155,0.8732451995213827,0.6571759720643361,0.8549382716049383,0.45962095260620117,0.11105751991271973,0.453522264957428,0.4544089436531067,0.45003563165664673,0.4310319423675537
608,12,0.3443049490451813,133,1.6570874253908794,0.4375940048032337,0.2986111111111111,0.14705097675323486,0.04168981313705444,0.11934125423431396,0.16808319091796875,0.07325220108032227,0.1965808868408203
609,24,0.16732878983020782,7,1.5032787919044495,0.6650647819042206,0.8385416666666666,-0.04326367378234863,-0.2200697660446167,-0.025486230850219727,-0.08759522438049316,-0.04349923133850098,-0.06598305702209473
610,20,0.3089129328727722,178,1.7406024138132732,0.47663011270410877,0.2675,0.10404312610626221,0.0749543309211731,0.09614419937133789,0.09158790111541748,0.09731268882751465,0.10258007049560547
611,21,0.13784123957157135,87,0.8618326761892864,0.6312964196716037,0.21768707482993196,0.6053755283355713,0.5838325023651123,0.6118226647377014,0.6109275817871094,0.6082020998001099,0.6136088371276855
612,15,0.3299994468688965,154,1.324664036432902,0.5613525559504827,0.48444444444444446,0.13054728507995605,0.021882057189941406,0.07995760440826416,0.0914272665977478,0.08289510011672974,0.12056970596313477
613,18,0.1082550585269928,2,1.0542953714728356,0.6564856935292482,0.45987654320987653,-1.3474836349487305,-1.0395450592041016,-1.3625922203063965,-1.1054613590240479,-1.3180038928985596,-1.155534267425537
614,16,0.2202783226966858,131,0.7329075336456299,0.7006890017252702,0.16015625,0.2898139953613281,0.43590641021728516,0.27409929037094116,0.4279608726501465,0.28383731842041016,0.4185534715652466
615,23,0.31761789321899414,32,1.892048716545105,0.6376805871725082,0.6559546313799622,0.7958894371986389,0.7764570713043213,0.790490448474884,0.8368930220603943,0.7708182334899902,0.8111604452133179
616,19,0.14015938341617584,164,1.0680824319521587,0.6212675112944382,0.8199445983379502,-0.00541996955871582,-0.004439711570739746,-0.010499715805053711,-0.0036009550094604492,-0.003529191017150879,-0.018654465675354004
617,21,0.11319303512573242,153,1.6711414098739623,0.5374799054116011,0.10204081632653061,0.5773481130599976,0.6250929832458496,0.5753432512283325,0.619675874710083,0.5614173412322998,0.6140376329421997
618,6,0.12832951545715332,189,0.8029056847095489,0.2283167839050293,0.3611111111111111,-0.00896298885345459,5.245208740234375e-06,-0.00894320011138916,0.007244408130645752,-0.010742545127868652,0.007936477661132812
619,18,0.17270876467227936,148,1.0020251423120499,0.674597981785025,0.09876543209876543,0.8496725559234619,0.832451581954956,0.8476448655128479,0.8504812121391296,0.8350558280944824,0.8392454385757446
620,16,0.1721247285604477,149,0.913123369216919,0.8084466338157654,0.00390625,0.5953416228294373,0.6252208352088928,0.5867437124252319,0.5916113257408142,0.5946308374404907,0.5903780460357666
621,23,0.31803467869758606,165,1.1750513277947903,0.48538163382756083,0.20226843100189035,0.9581223130226135,0.9645779132843018,0.9433819055557251,0.9249628186225891,0.939410388469696,0.9369842410087585
622,22,0.18584787845611572,97,1.1134913563728333,0.5355347088154625,0.512396694214876,0.4660826325416565,0.35776567459106445,0.46674418449401855,0.47359293699264526,0.45904070138931274,0.47198450565338135
623,5,0.11591441184282303,79,1.205765277147293,0.3697877526283264,0.36,0.5649155378341675,0.5681489706039429,0.5693681240081787,0.580730676651001,0.5670918822288513,0.5640575885772705
624,8,0.34217292070388794,115,1.8433746695518494,0.8466235101222992,0.109375,0.030545949935913086,0.008090674877166748,0.03596997261047363,0.023184537887573242,0.0393330454826355,0.027616143226623535
625,14,0.32291609048843384,19,1.323291579882304,0.5539048314094543,0.8010204081632653,0.8917258977890015,0.7818348407745361,0.8862144351005554,0.8922068476676941,0.8889880776405334,0.8911087512969971
626,11,0.18969346582889557,104,0.965490867694219,0.6872927784919739,0.4793388429752066,-0.1448897123336792,-0.18842589855194092,-0.13867497444152832,-0.15105688571929932,-0.1449192762374878,-0.14434397220611572
627,6,0.1474352926015854,145,1.0497510731220245,0.37391629070043564,0.9166666666666666,0.21211493015289307,0.18768459558486938,0.2116047739982605,0.21989941596984863,0.22535401582717896,0.21388167142868042
628,24,0.1197931244969368,190,1.03047095797956,0.695656219497323,0.0798611111111111,0.03769266605377197,-0.033191680908203125,0.02389127016067505,0.0014516711235046387,0.018337905406951904,0.014816045761108398
629,23,0.1298440545797348,94,1.0559224367141724,0.5767321487267812,0.6257088846880907,-0.021641969680786133,0.01542288064956665,-0.01953291893005371,-0.011838555335998535,-0.028048157691955566,-0.015496969223022461
630,13,0.19999659061431885,30,0.4911937216917674,0.43774795085191726,0.6745562130177515,0.5327353477478027,0.43200159072875977,0.5551214814186096,0.5324076414108276,0.551348090171814,0.5446532368659973
631,10,0.11031613498926163,97,0.9693637830870492,0.5568013687928518,0.67,0.009484589099884033,0.042591392993927,0.011331260204315186,0.035479724407196045,0.01803213357925415,0.028092622756958008
632,14,0.15976542234420776,150,0.7907921288694654,0.44933466400418964,0.9744897959183674,0.015629887580871582,-0.008134126663208008,0.030109763145446777,0.02145141363143921,0.025669872760772705,0.047752201557159424
633,24,0.2728723883628845,197,0.7307659387588501,0.5108674784952943,0.5069444444444444,0.5801222324371338,0.5105105042457581,0.5171761512756348,0.49740248918533325,0.5434107780456543,0.5435515642166138
634,10,0.20291215181350708,50,0.8110054016113282,0.9247462153434753,0.54,0.20833700895309448,0.1913401484489441,0.18988502025604248,0.2346472144126892,0.18384653329849243,0.23341423273086548
635,9,0.3631017208099365,89,2.613400936126709,0.5833781162897745,0.8024691358024691,0.891178548336029,0.8774445056915283,0.8919830322265625,0.9012706279754639,0.8955740332603455,0.8973098993301392
636,18,0.11520985513925552,158,1.1780446001461573,0.3774175603281368,0.5370370370370371,0.43774843215942383,0.3444828987121582,0.4497779607772827,0.4359251856803894,0.4411540627479553,0.44291234016418457
637,20,0.19909100234508514,70,0.7747387240330378,0.6102085560560226,0.4975,0.8559973835945129,0.8539422154426575,0.8470863103866577,0.8508775234222412,0.8392639756202698,0.8491286039352417
638,15,0.13453054428100586,115,0.9698371514678001,0.3799272669213159,0.1688888888888889,0.7444992661476135,0.7494168281555176,0.7490280866622925,0.7516096830368042,0.7409994006156921,0.7494781017303467
639,19,0.1761915534734726,20,0.8144600731985909,0.5213740915060043,0.4155124653739612,0.058609068393707275,0.2087109088897705,0.12342023849487305,0.29758548736572266,0.12376594543457031,0.3134194612503052
640,17,0.1193758025765419,152,0.6058233231306076,0.6935864578593861,0.3356401384083045,0.5768840909004211,0.5811606645584106,0.5777343511581421,0.5720643997192383,0.5804002285003662,0.5845140218734741
641,21,0.1007426455616951,52,1.253651151433587,0.6906604732458408,0.30839002267573695,0.726485550403595,0.7095195055007935,0.74027419090271,0.7251256704330444,0.7437725067138672,0.7393810153007507
642,24,0.2031676024198532,76,1.1140327056248982,0.49639239339601426,0.3680555555555556,0.5170230269432068,0.2959415912628174,0.5190560221672058,0.4797157645225525,0.5107471346855164,0.45025575160980225
643,22,0.23930984735488892,182,1.1690831065177918,0.5416950855185004,0.8801652892561983,0.2534486651420593,0.058669984340667725,0.0865054726600647,0.21574193239212036,0.06595420837402344,0.1424870491027832
644,10,0.3726917803287506,10,1.2784254550933838,0.7555365231302049,0.64,0.30424320697784424,0.32279956340789795,0.23402249813079834,0.20781773328781128,0.28839564323425293,0.2584860920906067
645,13,0.2915562689304352,73,1.1050781458616257,0.7133004913727442,0.023668639053254437,-0.0774921178817749,-0.03018367290496826,-0.06290864944458008,-0.014472484588623047,-0.05202603340148926,-0.025077223777770996
646,19,0.1337733119726181,128,1.191335407750947,0.6143522361914316,0.05263157894736842,0.28001564741134644,0.3332270383834839,0.29139453172683716,0.32052159309387207,0.2980918884277344,0.30751609802246094
647,21,0.14971880614757538,188,1.1737466876705487,0.5614874134461085,0.655328798185941,0.7972403764724731,0.6317750215530396,0.8015658259391785,0.8058470487594604,0.8007173538208008,0.8039301037788391
648,10,0.1367795318365097,57,0.6744497120380402,0.5392571325813021,0.07,0.3563292622566223,0.351775586605072,0.3629278540611267,0.3742538094520569,0.3514794707298279,0.36084067821502686
649,3,0.361013799905777,161,0.43960659205913544,0.25295960903167725,0.7777777777777778,0.6394326686859131,0.3293314576148987,0.6381629705429077,0.6379445791244507,0.6388041377067566,0.6368240118026733
650,17,0.17142294347286224,194,0.7473865896463394,0.8386218462671552,0.5017301038062284,0.3990039825439453,0.31122708320617676,0.40869683027267456,0.4156067371368408,0.39297056198120117,0.42500901222229004
651,22,0.10114029794931412,57,1.0982438226540883,0.6220779959112406,0.22107438016528927,0.000766754150390625,-0.00020122528076171875,0.0045662522315979,0.011460721492767334,0.005675077438354492,0.013055980205535889
652,17,0.12096778303384781,135,0.7761584848165513,0.5949464465181032,0.3944636678200692,0.38609743118286133,0.3667742609977722,0.3851483464241028,0.3852243423461914,0.3719800114631653,0.41250473260879517
653,12,0.33519282937049866,86,2.2263849079608917,0.5365337640047073,0.7361111111111112,0.9664126038551331,0.8898484110832214,0.968089759349823,0.9632711410522461,0.9692906141281128,0.9650213122367859
654,16,0.1293451189994812,80,0.8224185151713235,0.6005557858281665,0.37109375,-0.09116506576538086,-0.012513995170593262,-0.08091378211975098,0.014964938163757324,-0.0730752944946289,0.011210143566131592
655,19,0.2619214951992035,57,1.34647835791111,0.7847574164470037,0.3074792243767313,0.11664044857025146,0.13968998193740845,0.04869258403778076,0.0794292688369751,0.07157868146896362,0.13420099020004272
656,20,0.16594043374061584,68,1.3350071161985397,0.554986990056932,0.765,0.6044932007789612,0.3868924379348755,0.5419824719429016,0.5502302646636963,0.4576658606529236,0.4395294785499573
657,25,0.3838716745376587,175,0.6099839210510254,0.6664218927423159,0.6592,0.6272379755973816,0.5560069680213928,0.605635941028595,0.6184834241867065,0.6197519302368164,0.6161361336708069
658,11,0.1168203130364418,130,0.5360720157623291,0.6201509667767419,0.5454545454545454,0.07464689016342163,0.15093159675598145,0.06683462858200073,0.10744136571884155,0.05838435888290405,0.1003759503364563
659,24,0.34053730964660645,176,0.7519539992014567,0.5088177387203489,0.9270833333333334,0.82927006483078,0.6468006372451782,0.8231455087661743,0.8316416144371033,0.8296347856521606,0.8310351371765137
660,21,0.34122681617736816,36,1.2752537528673809,0.5852283404933082,0.8253968253968254,0.7567496299743652,0.7988162040710449,0.7279131412506104,0.8263738751411438,0.75169438123703,0.7949098348617554
661,17,0.13515342772006989,165,1.5929385870695114,0.5778435468673706,0.11418685121107267,0.10407257080078125,0.15423369407653809,0.08668601512908936,0.14076083898544312,0.09210866689682007,0.14151239395141602
662,12,0.21313880383968353,75,1.1800735890865326,0.6011227406561375,0.4583333333333333,-0.001966714859008789,-0.06236410140991211,-0.0035260915756225586,-0.03206431865692139,-0.001841902732849121,-0.025339484214782715
663,14,0.10329755395650864,157,1.06296691937106,0.44045387847082956,0.7448979591836735,0.09063869714736938,0.06918215751647949,0.09075021743774414,0.08506602048873901,0.09155833721160889,0.09508031606674194
664,12,0.3143269121646881,26,0.4752657612164815,0.7043677171071371,0.3194444444444444,-0.03271448612213135,0.049564242362976074,-0.021724462509155273,0.11576765775680542,-0.017890334129333496,0.06156426668167114
665,19,0.10817386955022812,75,0.9225819177097745,0.7422472327947617,0.6371191135734072,0.352222740650177,0.31545859575271606,0.3538590669631958,0.3187639117240906,0.3530844449996948,0.3436129689216614
666,17,0.3140121102333069,113,0.7724433541297913,0.60395780702432,0.17993079584775087,0.4849908947944641,0.4921397566795349,0.47056150436401367,0.5062938928604126,0.4712459444999695,0.46933436393737793
667,24,0.10069109499454498,50,0.6357809684493325,0.5172674724688897,0.5555555555555556,0.013885676860809326,0.012941539287567139,0.02224874496459961,0.05589127540588379,0.016933083534240723,0.032920122146606445
668,11,0.22672885656356812,29,1.1818170845508575,0.6159671694040298,0.9090909090909091,0.8466176986694336,0.17430442571640015,0.8586289882659912,0.8521263599395752,0.8544169068336487,0.8467103242874146
669,25,0.13719047605991364,186,0.7740378305315971,0.8406385346537545,0.9888,0.7973952889442444,0.577817440032959,0.8204508423805237,0.7319105863571167,0.7544931173324585,0.7110601663589478
670,23,0.1886657476425171,85,1.611517682671547,0.5327828416698858,0.5236294896030246,0.8914979696273804,0.8032010793685913,0.8827776908874512,0.8760831356048584,0.8809571266174316,0.8637657165527344
671,11,0.22304049134254456,141,0.7587954849004745,0.8060971399148306,0.34710743801652894,0.13833260536193848,0.1708613634109497,0.1319931149482727,0.174754798412323,0.1457567811012268,0.11010628938674927
672,11,0.10027431696653366,154,0.6032761285702387,0.6661418288946152,0.5206611570247934,0.00016647577285766602,-0.09044337272644043,0.006574094295501709,-0.021884679794311523,0.006130099296569824,-0.017342090606689453
673,9,0.38677093386650085,160,0.46120572090148926,0.5269692816904613,0.5802469135802469,0.8417856693267822,0.6368582844734192,0.8284776210784912,0.8254159688949585,0.8401727676391602,0.8313398957252502
674,18,0.3296715319156647,66,2.582929849624634,0.7220006147399545,0.22839506172839505,0.35882002115249634,0.47669267654418945,0.21520531177520752,0.24459213018417358,0.14270347356796265,0.06216716766357422
675,20,0.23355309665203094,36,1.0884373784065247,0.8141478510463939,0.8,0.5779942274093628,0.2665291428565979,0.5781880617141724,0.5187290906906128,0.5818071365356445,0.5926165580749512
676,13,0.3454620838165283,48,0.7907781362533569,0.5611105319112539,0.38461538461538464,0.5672948360443115,0.17399251461029053,0.7188621759414673,0.8165601491928101,0.7637991905212402,0.7501497268676758
677,17,0.2972522974014282,61,0.7868039011955261,0.5646797915299734,0.6055363321799307,0.5778722167015076,0.5962091684341431,0.6135653853416443,0.5941085815429688,0.6102122068405151,0.535342276096344
678,24,0.14868290722370148,175,0.9114947219689687,0.7360148032506307,0.8472222222222222,0.19893527030944824,0.10983747243881226,0.20141053199768066,0.18045127391815186,0.19869589805603027,0.19134056568145752
679,20,0.19604191184043884,130,0.6822680234909058,0.5938164670677746,0.3725,0.5983299612998962,0.42361676692962646,0.5794830322265625,0.5390559434890747,0.5647333860397339,0.5577783584594727
680,4,0.21836237609386444,145,0.42990726232528687,0.8365385830402374,0.5625,0.18470656871795654,-0.10566651821136475,0.1964067816734314,0.15501737594604492,0.19895583391189575,0.1867855191230774
681,5,0.2839162349700928,4,0.36909428238868713,1.6165354251861572,0.4,-0.09758532047271729,-0.11119937896728516,-0.08667898178100586,-0.06927657127380371,-0.09931826591491699,-0.048656344413757324
682,14,0.1305169016122818,101,0.9178666472434998,0.44754816095034283,0.6173469387755102,0.1489582657814026,0.22205674648284912,0.13500326871871948,0.21971815824508667,0.13247323036193848,0.2199850082397461
683,16,0.36784663796424866,103,1.762572705745697,0.7787450690354619,0.5,0.9582085013389587,0.9607580900192261,0.9595216512680054,0.9602245688438416,0.9602874517440796,0.9591451287269592
684,16,0.25928589701652527,154,1.400369867682457,0.41287397717436153,0.42578125,0.8817732930183411,0.6774104833602905,0.7831178903579712,0.8227278590202332,0.8202604651451111,0.7922199368476868
685,24,0.19675689935684204,117,0.4278169572353363,0.6832036917859857,0.8472222222222222,0.6026589870452881,0.482058584690094,0.4633728861808777,0.4953632950782776,0.49921780824661255,0.4905627965927124
686,14,0.2704339623451233,106,1.5965129435062408,0.6450427696108818,0.5204081632653061,0.05371743440628052,-0.04702746868133545,-0.02684485912322998,-0.011370062828063965,0.06649529933929443,-0.020725250244140625
687,14,0.10189474374055862,19,0.8401995804160833,0.8042359178264936,0.32653061224489793,0.5337444543838501,-0.16996276378631592,0.5596712827682495,0.3582385182380676,0.5351459980010986,0.5354190468788147
688,8,0.10288026183843613,35,1.1832281351089478,0.3714786469936371,0.90625,-0.026900410652160645,-0.005317568778991699,-0.022019267082214355,-0.014658570289611816,-0.02286684513092041,-0.012856006622314453
689,9,0.2164800763130188,163,0.719423520565033,0.5856560952961445,0.37037037037037035,0.8245075941085815,0.7893255949020386,0.8254330158233643,0.823718786239624,0.8242617249488831,0.8253653049468994
690,21,0.27493131160736084,143,1.0708289563655853,0.5003987047821283,0.909297052154195,0.6829668879508972,0.518128514289856,0.6659711599349976,0.6620213985443115,0.6624256372451782,0.6779516339302063
691,19,0.11560800671577454,72,1.3969395927020483,0.4941757470369339,0.013850415512465374,0.12517374753952026,0.1382988691329956,0.12903863191604614,0.13148492574691772,0.13501101732254028,0.12561744451522827
692,21,0.1197037622332573,78,0.6855552822351456,0.5419926751743663,0.011337868480725623,-0.12273037433624268,-0.0012085437774658203,-0.11829710006713867,-0.00015282630920410156,-0.12621688842773438,-0.002322077751159668
693,21,0.13395270705223083,188,1.1870311328342982,0.786154738494328,0.9546485260770975,0.4361748695373535,0.40167808532714844,0.46470916271209717,0.4146239161491394,0.4636625051498413,0.45451849699020386
694,22,0.3168240785598755,135,1.2646116614341736,0.773385688662529,0.6549586776859504,0.4665480852127075,0.398293673992157,0.4644177556037903,0.4825112819671631,0.44613713026046753,0.45624852180480957
695,9,0.14932787418365479,129,1.2017223636309307,0.3035285174846649,0.9012345679012346,0.6709653735160828,0.49666303396224976,0.6719834804534912,0.6838988065719604,0.6783192157745361,0.6702171564102173
696,23,0.16620835661888123,23,0.7579806645711263,0.5331627503037453,0.11342155009451796,0.15437710285186768,0.18744629621505737,0.14754271507263184,0.2045372724533081,0.13762915134429932,0.205269455909729
697,25,0.1320713311433792,67,0.9877754710614681,0.623582645374186,0.9552,0.46826601028442383,0.35619640350341797,0.4774569272994995,0.42568105459213257,0.4757367968559265,0.45236945152282715
698,5,0.27527543902397156,125,0.46736329793930054,0.5711378306150436,0.96,0.15569442510604858,0.100211501121521,0.15499186515808105,0.14536136388778687,0.15394073724746704,0.15179502964019775
699,10,0.29652777314186096,58,0.7059041485190392,0.6973563234011332,0.15,0.7349886894226074,0.7292479276657104,0.7385739684104919,0.7359703779220581,0.7389398217201233,0.743206262588501
700,8,0.29149356484413147,115,1.3651153842608135,0.82076036632061,0.4375,-0.029832005500793457,0.018673181533813477,-0.018954157829284668,0.0036603212356567383,-0.03599381446838379,-0.015474319458007812
701,17,0.17672181129455566,182,1.092290649190545,0.6243730982144674,0.17647058823529413,0.01715981960296631,-0.01657736301422119,0.03186732530593872,0.0026339292526245117,0.027631759643554688,-0.004356980323791504
702,12,0.2662676274776459,57,1.2062158942222596,0.631558032972472,0.2847222222222222,0.9004257321357727,0.7864102125167847,0.8802525401115417,0.8246448040008545,0.872599720954895,0.8852976560592651
703,18,0.26484495401382446,189,0.7343849539756775,0.7429307917753856,0.23148148148148148,0.49383777379989624,0.30390506982803345,0.48797816038131714,0.48220789432525635,0.45361244678497314,0.5180540680885315
704,19,0.36234956979751587,62,0.22569653391838074,0.6540367735756768,0.2770083102493075,0.8128714561462402,0.8381895422935486,0.7998561859130859,0.8405500650405884,0.8003638386726379,0.8277637958526611
705,17,0.19952896237373352,41,0.4893702318271001,0.6960527869788083,0.3494809688581315,0.10082417726516724,0.11973661184310913,0.09396612644195557,0.07553499937057495,0.0890648365020752,0.09648162126541138
706,21,0.1686447411775589,143,0.8086286634206772,0.5750481430441141,0.07256235827664399,0.946058988571167,0.9516997933387756,0.9210900068283081,0.7950265407562256,0.876218855381012,0.7988392114639282
707,22,0.23002949357032776,53,0.6425463557243347,0.7232390250030317,0.24173553719008264,0.790063202381134,0.7766577005386353,0.7799742817878723,0.7771453857421875,0.7789052724838257,0.7796911001205444
708,10,0.3301200568675995,8,1.1087236404418945,0.6429833604229821,0.46,0.48247647285461426,0.5819902420043945,0.5116326808929443,0.6750534772872925,0.46876275539398193,0.6190294027328491
709,25,0.27035126090049744,114,0.5852278098464012,0.7616205144496191,0.2096,0.06023693084716797,0.18641877174377441,0.06372755765914917,0.18848711252212524,0.04729694128036499,0.18166768550872803
710,7,0.29398399591445923,141,0.8475418649613857,0.8738742570082346,0.42857142857142855,0.32297003269195557,0.07029461860656738,0.32410484552383423,0.3203042149543762,0.3237534761428833,0.31683969497680664
711,19,0.38201722502708435,96,0.9077755883336067,0.6189914325873057,0.9335180055401662,0.29380345344543457,0.2893912196159363,0.2657674551010132,0.2992415428161621,0.2837553024291992,0.2816123366355896
712,25,0.1302797645330429,182,0.7648635655641556,0.6809019383631254,0.4944,0.8213825225830078,0.8033220767974854,0.8210940361022949,0.8281373977661133,0.8232265710830688,0.8254653215408325
713,22,0.2374694049358368,9,0.7352559268474579,0.5678187193054902,0.20041322314049587,0.7972936630249023,0.7239169478416443,0.8129993081092834,0.8018341660499573,0.8085438013076782,0.8209637403488159
714,25,0.2398187220096588,49,0.9978510081768036,0.5961080610752105,0.5616,0.5244271755218506,0.47457069158554077,0.5286998748779297,0.5097827911376953,0.5329830646514893,0.5127804279327393
715,13,0.11090216040611267,155,0.9984950636114392,0.5108274519443512,0.3609467455621302,0.5859672427177429,0.5802000761032104,0.5835483074188232,0.5857399702072144,0.6024892330169678,0.5908992290496826
716,12,0.1193452998995781,84,1.426398673227855,0.6133191674947739,0.9305555555555556,0.9657835364341736,0.8104783296585083,0.962321937084198,0.9633803367614746,0.9624050855636597,0.9628931879997253
717,12,0.17348900437355042,142,0.9215351521968842,0.5552896708250046,0.09027777777777778,0.657880961894989,0.6741384863853455,0.6576091051101685,0.6650623083114624,0.6593508124351501,0.6707354784011841
718,13,0.26295801997184753,98,1.198760449886322,0.7891191906399198,0.20710059171597633,0.49636638164520264,0.4968361258506775,0.49623316526412964,0.4903309941291809,0.49405235052108765,0.5005975961685181
719,16,0.13737985491752625,58,0.8426627119382223,0.6444778293371201,0.97265625,0.6414461135864258,0.43563681840896606,0.6441755890846252,0.6391912698745728,0.6454706192016602,0.6239354610443115
720,11,0.3679819405078888,200,0.41056617349386215,0.5061915765206019,0.7272727272727273,0.5688788890838623,0.547195315361023,0.5607950687408447,0.5656349062919617,0.5671911239624023,0.5609537363052368
721,25,0.19040919840335846,113,1.4774059295654296,0.5931271187961101,0.416,0.8742501735687256,0.8674297332763672,0.8798170685768127,0.8756903409957886,0.8805580735206604,0.8827675580978394
722,24,0.3785845935344696,8,1.002483348051707,0.5095372895399729,0.3715277777777778,0.14804935455322266,0.1651502251625061,0.1636059284210205,0.03508400917053223,0.20455598831176758,-0.1156303882598877
723,16,0.26436394453048706,112,1.653903027375539,0.49767132905813366,0.40234375,0.7335413694381714,0.6595853567123413,0.7330026626586914,0.7468430995941162,0.7313839197158813,0.7448835968971252
724,15,0.1394907385110855,66,0.852284598350525,0.6626886710524559,0.9377777777777778,0.7400997877120972,0.5100169777870178,0.7383733987808228,0.7422962188720703,0.7410971522331238,0.7416266798973083
725,7,0.2864796221256256,82,1.3566935360431671,0.43511018455028533,0.0,0.1536860466003418,0.1554744839668274,0.15978527069091797,0.15847766399383545,0.15838301181793213,0.1482258439064026
726,5,0.38123542070388794,170,0.6286256114641825,0.5971360206604004,0.72,0.28499650955200195,0.25150763988494873,0.28852421045303345,0.2855975031852722,0.28549784421920776,0.2942357659339905
727,9,0.2690800130367279,79,0.443571038544178,0.46943479180336,0.8395061728395061,0.30541670322418213,0.20197230577468872,0.2934040427207947,0.29391855001449585,0.2805473804473877,0.30805039405822754
728,19,0.12082573771476746,86,0.5260986685752869,0.4063410311937332,0.055401662049861494,0.0019314289093017578,0.11709624528884888,0.006179988384246826,0.05816298723220825,0.009947061538696289,0.04994094371795654
729,16,0.12884873151779175,161,0.5573488601616451,0.5718481904930539,0.59375,0.004017949104309082,0.004224836826324463,0.004717350006103516,-0.0016522407531738281,0.0068495869636535645,0.000354766845703125
730,10,0.15953725576400757,89,0.9219531655311585,0.9289459109306335,0.96,-0.03418123722076416,-0.01390218734741211,-0.041288137435913086,-0.042400479316711426,-0.03454184532165527,-0.03590071201324463
731,8,0.184872105717659,24,0.6998548954725266,0.6259554848074913,0.015625,0.7964311242103577,0.8113716840744019,0.7923598289489746,0.775574803352356,0.7957661151885986,0.8058013916015625
732,3,0.2171713262796402,9,0.776150107383728,0.9565060883760452,0.5555555555555556,0.10404413938522339,0.0373346209526062,0.07622426748275757,0.07537752389907837,0.08133149147033691,0.10975825786590576
733,5,0.3337028920650482,138,1.5023419559001923,0.3561580876509349,0.6,0.004567205905914307,0.010260045528411865,0.0024673938751220703,-0.0032219886779785156,-0.006000995635986328,-0.005543351173400879
734,19,0.16681860387325287,99,1.4547576854626338,0.6039533454638261,0.40166204986149584,0.5129225850105286,0.5333630442619324,0.46736037731170654,0.5503578186035156,0.4288676381111145,0.5400896072387695
735,17,0.27359241247177124,106,0.7992535148348127,0.3825444743037224,0.8754325259515571,0.8465174436569214,0.5911091566085815,0.8357930183410645,0.8744530081748962,0.8033286333084106,0.7634714841842651
736,14,0.2467203438282013,56,1.2714675307273864,0.5984790126482645,0.33163265306122447,0.6343272924423218,0.6234488487243652,0.6443256139755249,0.6129965782165527,0.6202242374420166,0.6435723304748535
737,7,0.10054723173379898,84,1.078565205136935,0.2821473181247711,0.7142857142857143,0.21048331260681152,0.21182262897491455,0.20805281400680542,0.21709156036376953,0.20294052362442017,0.20619463920593262
738,13,0.2271563559770584,6,1.4754574805498124,0.4088554363697767,0.9053254437869822,-0.10913622379302979,-0.14873456954956055,-0.05940377712249756,-0.16494524478912354,-0.07951700687408447,-0.13687479496002197
739,24,0.3254690170288086,123,0.5798695385456085,0.5554998056455092,0.013888888888888888,0.530913233757019,0.5793657898902893,0.5156388282775879,0.5113220810890198,0.5378621816635132,0.5342148542404175
740,13,0.1587282121181488,79,0.7282365212837855,0.8456877555165973,0.4378698224852071,-0.025252699851989746,-0.1363149881362915,-0.01838994026184082,-0.04495704174041748,-0.029565095901489258,-0.050305962562561035
741,15,0.1407269984483719,128,0.9949515759944916,0.7344961251531329,0.9644444444444444,0.6162402033805847,0.519627034664154,0.6138317584991455,0.6054369211196899,0.6141459941864014,0.6124147176742554
742,18,0.33313149213790894,89,1.1630480885505676,0.6634937167167664,0.7222222222222222,0.012076616287231445,0.019737601280212402,0.02477043867111206,0.05051928758621216,0.009223699569702148,0.02029818296432495
743,6,0.2658042907714844,75,2.8784698247909546,0.7846246361732483,0.3055555555555556,0.03224843740463257,0.029198765754699707,0.022230863571166992,0.01479429006576538,0.023723185062408447,0.00884556770324707
744,6,0.15576036274433136,58,0.7171016335487366,0.5247602264086405,0.75,0.7478631138801575,0.6425570249557495,0.745278537273407,0.7373303771018982,0.7463677525520325,0.7391442656517029
745,5,0.3567490875720978,145,0.3191990852355957,0.6433771997690201,0.24,0.1628381609916687,0.18268060684204102,0.16543841361999512,0.17123591899871826,0.16389352083206177,0.17132025957107544
746,11,0.2099180370569229,185,0.4538879096508026,0.8083233200013638,0.4132231404958678,0.5116795301437378,-0.04333937168121338,0.4999932050704956,0.46937763690948486,0.5099892616271973,0.4862990975379944
747,18,0.3722809851169586,190,0.6953959465026855,0.5583797007799148,0.8796296296296297,0.2359369397163391,0.05473726987838745,0.17917996644973755,0.12956607341766357,0.1642904281616211,0.1860417127609253
748,21,0.3265950381755829,198,0.36920932432015735,0.5559725256429778,0.46485260770975056,0.5024714469909668,0.4660704731941223,0.46755868196487427,0.48975008726119995,0.4783209562301636,0.47706472873687744
749,9,0.2807493805885315,182,1.9364042679468791,0.5246933251619339,0.5555555555555556,0.743011474609375,0.7001270055770874,0.7335964441299438,0.7435375452041626,0.7398005723953247,0.7374528646469116
750,4,0.2419256716966629,25,0.6791565120220184,0.653039276599884,0.25,0.20780080556869507,-0.016889572143554688,0.2134193778038025,0.2262619137763977,0.21136796474456787,0.21385693550109863
751,14,0.10408558696508408,8,0.6759831479617527,0.4791555234364101,0.9438775510204082,0.14170724153518677,0.21262019872665405,0.1063433289527893,0.43329834938049316,0.14761090278625488,0.4133164882659912
752,16,0.26881301403045654,98,0.7491821795701981,0.9290479272603989,0.3125,0.2774590253829956,-0.013658285140991211,0.24947649240493774,0.2778441905975342,0.24934393167495728,0.26853758096694946
753,21,0.16275104880332947,123,1.755875587463379,0.8146688610315322,0.6145124716553289,0.30714285373687744,0.20562374591827393,0.283078670501709,0.32381290197372437,0.2926601767539978,0.29573702812194824
754,7,0.2837349474430084,174,1.4647167921066284,0.878214697043101,0.8775510204081632,0.13198065757751465,0.044027507305145264,0.13625043630599976,0.13493496179580688,0.13531577587127686,0.13307476043701172
755,12,0.12036607414484024,64,1.419439081634794,0.6939347267150879,0.5972222222222222,0.07132196426391602,-0.07362771034240723,0.07724142074584961,0.023961782455444336,0.030338943004608154,0.0509989857673645
756,5,0.3645031750202179,150,1.5054512172937393,0.4514278173446655,0.8,-0.12847161293029785,-0.06392300128936768,-0.13110172748565674,-0.1368497610092163,-0.1325676441192627,-0.14046573638916016
757,11,0.1775861233472824,134,1.201541319489479,0.7846948632172176,0.8181818181818182,0.6652270555496216,0.5906884670257568,0.6708886623382568,0.6690770387649536,0.668074369430542,0.6692120432853699
758,6,0.18717488646507263,63,1.3936917781829834,0.5945974588394165,0.8888888888888888,0.914405107498169,0.5798472166061401,0.9134507775306702,0.9126081466674805,0.9129756689071655,0.9112871289253235
759,20,0.18241213262081146,181,0.8864104002714157,0.5244696475565434,0.7175,0.614055871963501,0.3803730607032776,0.6128857731819153,0.5868946313858032,0.6380327343940735,0.6026577353477478
760,23,0.24597911536693573,55,0.8340146938959757,0.6423648595809937,0.17391304347826086,0.6834557056427002,0.6493101119995117,0.7180176377296448,0.7227826714515686,0.7044109106063843,0.6891993284225464
761,12,0.36447519063949585,25,0.6761720180511475,0.47473604045808315,0.020833333333333332,-0.04301249980926514,-0.13149607181549072,-0.03054654598236084,-0.09544610977172852,-0.021918892860412598,-0.0680551528930664
762,21,0.15019217133522034,82,1.3823601007461548,0.500334653415178,0.8662131519274376,0.8836055397987366,0.7477803230285645,0.8736415505409241,0.8915767073631287,0.8738797307014465,0.8960126042366028
763,14,0.2530856132507324,157,2.074236845970154,0.47548215256796944,0.11224489795918367,0.7584405541419983,0.7593704462051392,0.7602090239524841,0.7567785978317261,0.7560859322547913,0.7423344254493713
764,18,0.35687771439552307,129,0.8146268030007681,0.5941885759433111,0.42592592592592593,0.29770833253860474,0.19464927911758423,0.22879451513290405,0.26963573694229126,0.24327725172042847,0.2529301047325134
765,19,0.34435829520225525,77,1.4435064792633057,0.6239887066185474,0.3157894736842105,0.6759383678436279,0.6245076656341553,0.6853770017623901,0.6822869777679443,0.6882220506668091,0.6816942095756531
766,12,0.39345672726631165,38,0.6604342423379421,0.3767708893865347,0.4097222222222222,0.19380533695220947,0.25343000888824463,0.197301983833313,0.2799084186553955,0.25793570280075073,0.2859877943992615
767,16,0.3038214445114136,179,2.048290252685547,0.4420141673513821,0.78515625,0.9210405349731445,0.8905346393585205,0.8946979641914368,0.9088423252105713,0.8543974161148071,0.8920689225196838
768,14,0.15846137702465057,121,1.2240372214998518,0.5036249075617109,0.5816326530612245,0.8711260557174683,0.8029664158821106,0.8707289695739746,0.8806554079055786,0.8683987855911255,0.8761323094367981
769,17,0.24305927753448486,180,1.044720008969307,0.579013854265213,0.7439446366782007,0.8560453057289124,0.7934696674346924,0.8566869497299194,0.8443280458450317,0.8463807106018066,0.8377624154090881
770,23,0.14904087781906128,176,0.9396510384976864,0.5703219960133235,0.31947069943289225,0.4932900667190552,0.5239806175231934,0.48276323080062866,0.4975089430809021,0.486591637134552,0.5248240232467651
771,8,0.21118317544460297,141,0.6918164044618607,0.30457569658756256,0.140625,0.7812557816505432,0.7793023586273193,0.7843451499938965,0.7852739095687866,0.7836354970932007,0.7842952013015747
772,17,0.13864600658416748,75,0.8810152475322995,0.4397625118494034,0.1245674740484429,0.23389923572540283,0.19740796089172363,0.23760515451431274,0.19257068634033203,0.24078369140625,0.22690123319625854
773,9,0.11422375589609146,129,1.4794151306152343,0.9510565847158432,0.2345679012345679,0.15068936347961426,0.1337406039237976,0.1438320279121399,0.14549213647842407,0.14224094152450562,0.14205646514892578
774,21,0.1323610544204712,173,0.8857859704229567,0.6101663981874784,0.02947845804988662,-0.04128241539001465,-0.051999449729919434,-0.045027852058410645,-0.06293094158172607,-0.03692352771759033,-0.06800198554992676
775,11,0.21326954662799835,187,1.1671581417322159,0.47433398025376455,0.628099173553719,0.20282143354415894,0.11714577674865723,0.19002056121826172,0.1708119511604309,0.19898223876953125,0.17270052433013916
776,6,0.1289270669221878,31,1.0338879600167274,0.3825090229511261,0.5833333333333334,0.5168225765228271,0.27324187755584717,0.5165520906448364,0.5166611671447754,0.5166736841201782,0.513962984085083
777,3,0.38727879524230957,132,0.4920327514410019,0.9326620697975159,0.8888888888888888,0.05709797143936157,0.025502562522888184,0.048246145248413086,0.06390750408172607,0.06549710035324097,0.06467640399932861
778,21,0.31614264845848083,26,1.5025821924209595,0.4732934793359355,0.009070294784580499,0.6327160596847534,0.7054101228713989,0.6290395855903625,0.6390377283096313,0.6318445205688477,0.6430408358573914
779,10,0.15575644373893738,150,0.6613569289445878,0.5971969604492188,0.57,0.674535870552063,0.6749567985534668,0.6760696172714233,0.6794419288635254,0.6776965856552124,0.6777684092521667
780,19,0.2532323896884918,107,1.0528085430463154,0.4342000071819012,0.0997229916897507,0.898789644241333,0.8270727396011353,0.8826999068260193,0.8800103664398193,0.8870148658752441,0.852320671081543
781,25,0.3651905953884125,15,0.8326378464698792,0.5959206372499466,0.4432,-0.14538443088531494,-0.1810542345046997,-0.0929633378982544,-0.24330377578735352,-0.09941220283508301,-0.15821599960327148
782,3,0.21628053486347198,7,1.6137727499008179,0.4046916365623474,0.7777777777777778,0.8274347186088562,0.8132522702217102,0.8364608883857727,0.8183087110519409,0.8310135006904602,0.8377121686935425
783,19,0.19139546155929565,138,0.6281475126743317,0.8042747229337692,0.41274238227146814,0.8328056931495667,0.8238346576690674,0.839451253414154,0.8460770845413208,0.8341337442398071,0.8593283891677856
784,9,0.12119000405073166,28,2.4339509308338165,0.8300800204277039,0.6419753086419753,0.5876550674438477,0.2959572672843933,0.5676398873329163,0.5190551280975342,0.5723556280136108,0.5959783792495728
785,14,0.13725769519805908,23,0.908983863890171,0.5945280690987905,0.5255102040816326,0.08447808027267456,0.02259969711303711,0.08569997549057007,0.07565754652023315,0.07922554016113281,0.1038392186164856
786,23,0.17748893797397614,9,1.107181300719579,0.5188047947252498,0.20226843100189035,0.9149459004402161,0.9322586059570312,0.9090268611907959,0.9271916747093201,0.9083569645881653,0.916240930557251
787,12,0.3854028284549713,81,1.7654847204685211,0.6067904025316239,0.3680555555555556,0.21524381637573242,0.16624587774276733,0.23100882768630981,0.25113022327423096,0.24743562936782837,0.2263534665107727
788,16,0.32927700877189636,78,0.759958278387785,0.5713043610254923,0.58203125,0.8664466142654419,0.8526331186294556,0.8607574701309204,0.8624969124794006,0.8571935296058655,0.8649719953536987
789,23,0.17433711886405945,140,1.26842742732593,0.5672634430229664,0.6257088846880907,0.6694243550300598,0.6499214768409729,0.6695339679718018,0.6871486306190491,0.6621412038803101,0.6901943683624268
790,4,0.3412728011608124,177,0.6019495179255804,0.40861713886260986,0.375,-0.0006499290466308594,-0.007776498794555664,-0.0030170679092407227,-0.0028318166732788086,-0.0007486343383789062,-0.004979252815246582
791,18,0.10114642232656479,71,0.9501850008964539,0.46195183152502234,0.4166666666666667,0.7054025530815125,0.08092164993286133,0.6703540682792664,0.687609076499939,0.6482616662979126,0.7069169282913208
792,17,0.23939692974090576,40,0.8605617582798004,0.6621128198775378,0.8339100346020761,-0.08912003040313721,-0.03324258327484131,-0.09806787967681885,-0.08416104316711426,-0.08642470836639404,-0.11064648628234863
793,22,0.22655555605888367,22,2.4535204410552978,0.5508967690608081,0.17768595041322313,0.3321996331214905,0.35635775327682495,0.3629375100135803,0.3656856417655945,0.34811246395111084,0.35323357582092285
794,14,0.3195955455303192,172,1.2440659006436665,0.7170781046152115,0.9540816326530612,0.19965749979019165,0.16234749555587769,0.20568960905075073,0.19737356901168823,0.17926794290542603,0.20176160335540771
795,13,0.1243724524974823,88,1.035474223749978,0.6308602541685104,0.1301775147928994,0.701208770275116,0.6478514671325684,0.6948143243789673,0.7023019790649414,0.6968433856964111,0.6992194652557373
796,23,0.13094516098499298,49,1.0596309219087874,0.6026840694248676,0.3497164461247637,-0.017156362533569336,-0.06914687156677246,-0.02041482925415039,-0.024449944496154785,-0.01929295063018799,-0.027372002601623535
797,12,0.29109132289886475,58,0.9564982801675797,0.9234259966760874,0.2847222222222222,0.8663265705108643,0.8772159218788147,0.8624313473701477,0.8679606318473816,0.8617649078369141,0.8707873225212097
798,17,0.15239885449409485,168,1.2202341953913372,0.5669689611955122,0.8027681660899654,0.9060174822807312,0.718222975730896,0.9059284925460815,0.910541296005249,0.9062232375144958,0.9060852527618408
799,15,0.11456462740898132,76,1.3551803401538305,0.6179697923362255,0.022222222222222223,0.8245139718055725,0.8287649750709534,0.8246563673019409,0.8255824446678162,0.8227362632751465,0.8163852691650391
800,21,0.11997616291046143,138,1.637083262205124,0.7082380503416061,0.36961451247165533,0.48163455724716187,0.3680489659309387,0.4774683117866516,0.4718779921531677,0.4792196750640869,0.47379499673843384
801,17,0.1062355563044548,34,0.5784724801778793,0.43964708490031107,0.35986159169550175,0.6695996522903442,0.633273720741272,0.6693483591079712,0.6621760129928589,0.6683169007301331,0.6711618304252625
802,16,0.17486146092414856,129,0.9112320457186017,0.4170291903946135,0.9453125,0.45128369331359863,0.06771761178970337,0.3104526400566101,0.12571609020233154,0.26736921072006226,0.20786547660827637
803,15,0.11460249125957489,26,0.8639298856258393,0.4044975250959396,0.8044444444444444,0.4450029730796814,0.43247318267822266,0.47118037939071655,0.43648529052734375,0.4765152335166931,0.43927842378616333
804,19,0.19202035665512085,186,1.1816348483165104,0.7290776234406692,0.814404432132964,0.913612425327301,0.8928028345108032,0.9161503911018372,0.9139900207519531,0.915152907371521,0.916592538356781
805,24,0.12238714843988419,147,1.062228235602379,0.6324501974242074,0.8194444444444444,0.9569619297981262,0.9338548183441162,0.954513669013977,0.9544962048530579,0.9516027569770813,0.9554455280303955
806,21,0.12310809642076492,18,1.3124314513471391,0.5479521254698435,0.24263038548752835,-0.020739316940307617,-0.24398910999298096,-0.015030622482299805,-0.07740998268127441,-0.016579866409301758,-0.06715989112854004
807,6,0.14525067806243896,159,0.5190663129091263,0.6560988426208496,0.5555555555555556,-0.012832880020141602,-0.0317535400390625,-0.010188460350036621,-0.0090864896774292,-0.012173891067504883,-0.01709723472595215
808,8,0.20942339301109314,5,1.3563468903303146,0.48422056436538696,0.640625,-0.06881308555603027,-0.06922507286071777,-0.05841970443725586,-0.06045389175415039,-0.04867255687713623,-0.04772138595581055
809,20,0.3920876383781433,108,0.21464672684669495,0.6273465470263833,0.05,0.787682831287384,0.8151272535324097,0.7734584212303162,0.8096822500228882,0.8022669553756714,0.7604146003723145
810,13,0.30362528562545776,104,0.4988889917731285,0.5494424565271898,0.3905325443786982,0.09152209758758545,-0.14529693126678467,0.052552640438079834,0.04562109708786011,0.07017689943313599,0.07589083909988403
811,21,0.21384349465370178,46,1.5415435910224915,0.7762444643303752,0.927437641723356,0.42610710859298706,0.37565696239471436,0.3826216459274292,0.4619385004043579,0.3432767987251282,0.42710644006729126
812,11,0.2949163615703583,34,1.397440031170845,0.4414325462920325,0.859504132231405,0.2501757740974426,0.0831868052482605,0.23245739936828613,0.2605189085006714,0.24122720956802368,0.2249983549118042
813,15,0.30549150705337524,103,1.7958947569131851,0.7974854843182997,0.8177777777777778,0.9349501132965088,0.8364655375480652,0.9290655851364136,0.9096165895462036,0.9078658223152161,0.9156595468521118
814,21,0.31656405329704285,67,0.5631094723939896,0.6252989423902411,0.3968253968253968,0.9158270359039307,0.8450092077255249,0.9349253177642822,0.9114084243774414,0.9319689273834229,0.9129014611244202
815,25,0.1005343347787857,169,1.1727171076668634,0.5373841216787696,0.2672,0.33782851696014404,0.35702264308929443,0.3215000033378601,0.34118741750717163,0.2795379161834717,0.33922266960144043
816,8,0.3252800703048706,48,1.2298756390810013,0.3904637123147647,0.9375,0.015443921089172363,0.03995668888092041,-0.007143974304199219,0.024660050868988037,-0.013823390007019043,-0.0050705671310424805
817,14,0.20934955775737762,134,1.2813027799129486,0.44617843478918073,0.37244897959183676,0.309489905834198,0.07361817359924316,0.16230535507202148,0.2721490263938904,0.1576969027519226,0.28573906421661377
818,24,0.20728589594364166,53,0.3617455065250397,0.6040373302996158,0.015625,-0.0007294416427612305,0.14851003885269165,-0.012397050857543945,0.09151428937911987,0.010221481323242188,0.08676844835281372
819,25,0.15068913996219635,77,1.2141321642058236,0.5192846043242348,0.3664,0.17797213792800903,0.20515400171279907,0.1687822937965393,0.19897758960723877,0.17072057723999023,0.20389527082443237
820,15,0.3537861704826355,2,0.5595693290233612,0.5086124626298746,0.1511111111111111,0.15616673231124878,0.31352388858795166,0.1380937099456787,0.17965471744537354,0.13039791584014893,0.21066194772720337
821,3,0.30292198061943054,26,0.20017708837985992,0.8526206463575363,0.8888888888888888,-0.0287783145904541,-0.026576757431030273,-0.037691354751586914,-0.02929401397705078,-0.028727412223815918,-0.031990885734558105
822,21,0.2062503546476364,81,0.9767992496490479,0.4294769649996477,0.8526077097505669,0.5593075156211853,0.4888930916786194,0.6319011449813843,0.5792510509490967,0.6282707452774048,0.5793614387512207
823,21,0.13029560446739197,37,0.8437989552815756,0.5775230965680547,0.9523809523809523,0.4196867346763611,0.006073474884033203,0.425356924533844,0.3645205497741699,0.4173915386199951,0.4049447178840637
824,11,0.26577267050743103,54,1.0445115168889363,0.4066298380494118,0.7851239669421488,0.8445141315460205,0.7678836584091187,0.8500001430511475,0.8321106433868408,0.8513285517692566,0.8521819710731506
825,23,0.34240803122520447,17,1.5514344970385234,0.5206829123198986,0.6200378071833649,0.7130061388015747,0.7466249465942383,0.6437789797782898,0.7349210381507874,0.6434519290924072,0.7806380391120911
826,22,0.1693066954612732,131,1.081410974264145,0.7754356758669019,0.34917355371900827,0.33400124311447144,0.36176711320877075,0.32225579023361206,0.3673369288444519,0.3292958736419678,0.3710501194000244
827,8,0.24338607490062714,39,0.81357042491436,0.48950017243623734,1.0,-0.08417344093322754,-0.07352054119110107,-0.08104729652404785,-0.06961691379547119,-0.08045804500579834,-0.0786440372467041
828,6,0.22922120988368988,118,1.021653302013874,0.33038660883903503,0.5833333333333334,0.9396538138389587,0.9089024066925049,0.9439170956611633,0.9354673027992249,0.9435825943946838,0.9432316422462463
829,11,0.2931189239025116,118,0.7305943171183268,0.6232826840132475,0.7603305785123967,0.24650079011917114,0.3101958632469177,0.26495128870010376,0.2440456748008728,0.26494544744491577,0.23633766174316406
830,20,0.37514957785606384,24,1.0189123849074047,0.5823088831761304,0.97,0.7880004048347473,0.48298466205596924,0.7880886197090149,0.7551040053367615,0.7755224704742432,0.8056379556655884
831,11,0.24925373494625092,177,0.6059141159057617,0.7924734503030777,0.256198347107438,0.6050149202346802,0.5557703971862793,0.6128841042518616,0.6106762886047363,0.5903195142745972,0.605891227722168
832,9,0.15439102053642273,95,1.4632348616917927,0.837921991944313,0.4444444444444444,0.024669885635375977,0.053520023822784424,0.04260009527206421,0.06648463010787964,0.040486693382263184,0.06451660394668579
833,22,0.24294380843639374,24,0.9071907699108124,0.5556260885463821,0.028925619834710745,0.4078221917152405,0.3266561031341553,0.332655668258667,0.26806938648223877,0.352466881275177,0.31570541858673096
834,13,0.12053010612726212,12,1.2251485884189606,0.4702394923993519,0.6982248520710059,0.3554292321205139,0.03103584051132202,0.33855098485946655,0.335843026638031,0.3442622423171997,0.35005825757980347
835,17,0.11820095777511597,154,1.0141176018449995,0.4865065682679415,0.5190311418685121,0.4902881383895874,0.5070569515228271,0.5030577182769775,0.5149750709533691,0.5038469433784485,0.519896388053894
836,21,0.20068040490150452,175,1.2330041080713272,0.5336632420619328,0.23809523809523808,0.4854917526245117,0.5484074950218201,0.4490733742713928,0.5780626535415649,0.42722558975219727,0.5191812515258789
837,23,0.2616015076637268,91,1.40586619079113,0.5690638077886481,0.31947069943289225,0.6171748638153076,0.640487551689148,0.6143814325332642,0.6585754752159119,0.6103746891021729,0.6345788836479187
838,12,0.12704576551914215,65,1.2478572651743889,0.702116634696722,0.3194444444444444,-0.07800889015197754,-0.03424072265625,-0.0791935920715332,-0.07039272785186768,-0.07048773765563965,-0.06321656703948975
839,10,0.15581196546554565,95,0.46728036801020306,1.1294871313231332,0.33,0.09326070547103882,0.051729023456573486,0.06256365776062012,0.09174704551696777,0.05762571096420288,0.05945730209350586
840,13,0.16390909254550934,10,1.4747548614229475,0.5512934227784475,0.9230769230769231,-0.10132038593292236,-0.26236534118652344,-0.10463082790374756,-0.26829397678375244,-0.10715091228485107,-0.21607375144958496
841,8,0.3572544455528259,24,0.6077561974525452,0.8863418340682984,0.71875,-0.04734086990356445,-0.07879984378814697,-0.058251380920410156,-0.06308841705322266,-0.04835784435272217,-0.05250358581542969
842,23,0.2112853080034256,137,1.8755026012659073,0.5395007596204155,0.43856332703213613,0.08050298690795898,-0.007367491722106934,0.06236547231674194,0.06730425357818604,0.08012986183166504,0.05529910326004028
843,21,0.37937313318252563,156,1.352656215429306,0.700526333953205,0.29931972789115646,0.8425101041793823,0.7359216213226318,0.7893160581588745,0.7964396476745605,0.7758068442344666,0.7924293279647827
844,23,0.18597717583179474,39,1.689583495259285,0.39673471748828887,0.6540642722117203,0.8100300431251526,0.7548917531967163,0.8051936626434326,0.7988649606704712,0.8119701743125916,0.8135247826576233
845,18,0.27097082138061523,24,0.8444141348203024,0.4274838854869207,0.1728395061728395,0.07753372192382812,0.07081377506256104,0.03301525115966797,0.09920740127563477,-0.05999016761779785,-0.04222273826599121
846,19,0.19367636740207672,21,1.2578766246636708,0.5889561417011114,0.19390581717451524,0.28116077184677124,0.4963113069534302,0.26733076572418213,0.5181416273117065,0.24281644821166992,0.44308239221572876
847,16,0.17582900822162628,132,1.2704155713319778,0.571184753016992,0.85546875,0.9732984304428101,0.7822904586791992,0.9692307114601135,0.9655271768569946,0.9631378650665283,0.9651511907577515
848,16,0.23296751081943512,94,1.2394085973501205,0.5861410548289617,0.38671875,0.8732491731643677,0.8490786552429199,0.8695945739746094,0.8675153851509094,0.8660028576850891,0.8683735132217407
849,15,0.3801606595516205,66,0.2925272285938263,0.5262031768049512,0.8266666666666667,0.8213627934455872,0.6446532011032104,0.7807615995407104,0.7898613214492798,0.8053444027900696,0.7011072635650635
850,17,0.19211316108703613,5,1.1447114586830138,0.5729858701427778,0.9896193771626297,-0.026161670684814453,-0.3449516296386719,-0.022796154022216797,-0.09268319606781006,-0.018280625343322754,-0.09364187717437744
851,5,0.37296274304389954,199,0.8469271957874298,0.427359660466512,0.56,0.013470232486724854,-0.007326364517211914,0.0012658238410949707,0.00784069299697876,-0.009615778923034668,-0.025662660598754883
852,4,0.2179957628250122,196,1.515328625837962,0.44378331303596497,0.75,0.8560546636581421,0.7640657424926758,0.8566916584968567,0.8544857501983643,0.8576899766921997,0.8591296672821045
853,5,0.10244099050760269,139,0.8047149578730265,0.5521776154637337,0.24,0.8055881857872009,0.7665067315101624,0.8010097742080688,0.8046475648880005,0.8008592128753662,0.80479896068573
854,7,0.3308848738670349,156,0.48935094475746155,0.38981054425239564,0.3469387755102041,0.9098403453826904,0.9082505106925964,0.9100978970527649,0.9112814664840698,0.9089034795761108,0.9129102230072021
855,18,0.17531611025333405,82,1.7200551152229309,0.5642591474147943,0.5401234567901234,0.8456926941871643,0.8537415266036987,0.8506090044975281,0.8521186709403992,0.8464915752410889,0.8488973379135132
856,23,0.27623113989830017,73,0.9777757003903389,0.44260273403243017,0.026465028355387523,0.6672710180282593,0.7435407042503357,0.6715978384017944,0.7123256921768188,0.6660915613174438,0.6848592758178711
857,20,0.25032755732536316,38,1.2848477760950725,0.526089163387523,0.835,-0.004747748374938965,-0.21671831607818604,0.0053615570068359375,-0.01634502410888672,0.011333882808685303,0.0013160109519958496
858,8,0.30812743306159973,41,0.7760115712881088,0.578832725683848,0.578125,0.01638132333755493,0.05065321922302246,0.018816828727722168,0.06624716520309448,0.01338505744934082,0.04483997821807861
859,23,0.1796175092458725,7,0.8735031485557556,0.6959099974483252,0.3780718336483932,0.015419721603393555,0.5490894317626953,-0.2884054183959961,0.3329395651817322,-0.2711482048034668,0.28973299264907837
860,6,0.12492098659276962,40,1.0348966419696808,0.4340573251247406,0.5,0.3992682695388794,0.3958258032798767,0.40135687589645386,0.4004213809967041,0.39598697423934937,0.3963954448699951
861,21,0.22676675021648407,17,0.760551393032074,0.5912871109811884,0.9886621315192744,0.635595440864563,0.48999494314193726,0.6103832721710205,0.625173032283783,0.6177270412445068,0.6318603754043579
862,23,0.38609203696250916,191,1.8978559970855713,0.40085462090514956,0.5444234404536862,0.756196141242981,0.4746890068054199,0.66180419921875,0.6288673877716064,0.6313367486000061,0.6644715666770935
863,12,0.10422534495592117,17,1.0461198372973337,0.24463100731372833,0.9791666666666666,0.0008916854858398438,-0.194854736328125,-0.0015072822570800781,-0.010005950927734375,-0.008406758308410645,-0.02163076400756836
864,20,0.12292103469371796,169,0.6317135915160179,0.5979301733896136,0.47,0.48438286781311035,0.17141282558441162,0.47614943981170654,0.5128547549247742,0.4817356467247009,0.5105170607566833
865,22,0.1607424020767212,62,1.224116433944021,0.5866958836714427,0.3615702479338843,-0.0394519567489624,0.018727600574493408,-0.03272223472595215,-0.05964159965515137,-0.04439270496368408,-0.07617974281311035
866,20,0.22191756963729858,118,0.948303610086441,0.7315766751766205,0.2575,0.8819639682769775,0.8805626630783081,0.8722316026687622,0.8940216302871704,0.8616777062416077,0.8764801025390625
867,9,0.1756899058818817,49,1.1047306259473164,0.6287951668103536,0.9876543209876543,0.23188430070877075,0.0056226253509521484,0.0172385573387146,-0.003895401954650879,0.25883352756500244,-0.03177189826965332
868,9,0.21578875184059143,50,1.096823513507843,0.6510033756494522,0.9629629629629629,0.8188711404800415,0.8078791499137878,0.8226549625396729,0.8137663006782532,0.8221033811569214,0.8139001727104187
869,20,0.3789873719215393,130,2.811215400695801,0.48666584805438395,0.585,0.7946507930755615,0.664028525352478,0.799635648727417,0.7631980180740356,0.7942730188369751,0.78399258852005
870,8,0.1445678472518921,177,0.4716976694762707,0.42411066591739655,0.234375,0.03245669603347778,-0.013332843780517578,0.03012394905090332,0.012405753135681152,0.02921682596206665,-0.006237149238586426
871,17,0.12447568774223328,35,0.9066407779852549,0.5248094350099564,0.32525951557093424,0.14201241731643677,0.11749500036239624,0.11697971820831299,0.17090612649917603,0.14475184679031372,0.18030941486358643
872,9,0.19424326717853546,46,1.0601216852664948,0.5127734343210856,0.6419753086419753,0.34328436851501465,0.34824806451797485,0.3538739085197449,0.3460942506790161,0.3512604832649231,0.353362500667572
873,19,0.2399885505437851,85,0.6376703282197317,0.6212541323441726,0.7313019390581718,0.2045966386795044,0.15553301572799683,0.23133498430252075,0.20290499925613403,0.22030723094940186,0.22778624296188354
874,24,0.31991106271743774,105,0.34236350655555725,0.5284832099621947,0.07118055555555555,0.29065096378326416,0.3267902731895447,0.2570388913154602,0.27881139516830444,0.25699442625045776,0.333387553691864
875,7,0.3851313591003418,149,1.1096605062484741,0.7472826719284058,0.7142857142857143,0.36192524433135986,0.24095362424850464,0.364612877368927,0.35037243366241455,0.3427157402038574,0.37200140953063965
876,9,0.13145335018634796,5,0.7799117167790731,0.5344726145267487,0.3950617283950617,0.06299257278442383,-0.0009759664535522461,0.04757958650588989,0.03222161531448364,0.04751843214035034,0.06577116250991821
877,22,0.29489895701408386,7,1.3835806747277577,0.524458541681892,0.08264462809917356,0.05427664518356323,0.48960644006729126,0.030830323696136475,0.3609659671783447,0.012047111988067627,0.15814465284347534
878,22,0.29979631304740906,59,0.8012791673342387,0.5715762690493935,0.5785123966942148,0.6986706256866455,0.6452645063400269,0.6911680698394775,0.6540287137031555,0.7257162928581238,0.7007167339324951
879,15,0.18266962468624115,145,0.8829219241937002,0.4077432519859738,0.37333333333333335,0.33717501163482666,0.05211138725280762,0.3341609239578247,0.3253636956214905,0.33621346950531006,0.33597588539123535
880,18,0.2774357795715332,72,1.7010977466901143,0.5313314378261567,0.8672839506172839,0.5967012047767639,0.5222069025039673,0.5684705376625061,0.5696994066238403,0.571363627910614,0.5677423477172852
881,4,0.3485206663608551,49,0.5838004350662231,0.8278110027313232,0.25,-0.0034488439559936523,-0.04356205463409424,-0.012874245643615723,-0.0018858909606933594,-0.013374924659729004,-0.004299640655517578
882,3,0.24511414766311646,46,0.43708933889865875,0.7203073501586914,0.4444444444444444,-0.027437925338745117,-0.0049800872802734375,-0.03439009189605713,-0.016831278800964355,-0.0295485258102417,-0.01674973964691162
883,23,0.32512304186820984,80,1.0107863942782085,0.5855907283723354,0.4007561436672968,0.5567752122879028,0.631159245967865,0.6218662261962891,0.6448180675506592,0.6140224933624268,0.6487759351730347
884,15,0.10930310934782028,17,1.369305411974589,0.48618084192276,0.8088888888888889,-0.19510412216186523,-0.3416513204574585,-0.18681561946868896,-0.2655653953552246,-0.17666900157928467,-0.2245699167251587
885,18,0.34543243050575256,163,1.2017269320786,0.5529423952102661,0.8117283950617284,0.8291388750076294,0.7612627744674683,0.829744279384613,0.842578113079071,0.8271532654762268,0.8375577926635742
886,10,0.2926081717014313,84,0.9336183667182922,0.4683549962937832,0.16,0.10569185018539429,0.08286595344543457,0.09910082817077637,0.11743533611297607,0.10808873176574707,0.09138846397399902
887,22,0.2102590650320053,56,1.5373082359631856,0.5896995980292559,0.8533057851239669,0.8220078945159912,0.6382706165313721,0.7584506273269653,0.760956883430481,0.7492842674255371,0.7686082720756531
888,20,0.16222839057445526,4,0.9903594970703125,0.6951423128445943,0.1425,0.027887701988220215,0.4135890603065491,0.05947279930114746,0.3630008101463318,0.0815548300743103,0.33335763216018677
889,11,0.24205124378204346,174,1.5806090176105498,0.5778450816869736,0.2066115702479339,0.3717499375343323,0.36426806449890137,0.3699378967285156,0.37252330780029297,0.36628997325897217,0.3725452423095703
890,14,0.2010795772075653,187,0.7713207185268403,0.5357767575316958,0.01020408163265306,0.213484525680542,0.21286934614181519,0.21038377285003662,0.17449957132339478,0.2111985683441162,0.18263661861419678
891,7,0.30297645926475525,122,1.1449283162752788,0.7960638478398323,0.5102040816326531,0.03797268867492676,0.05510115623474121,0.01635056734085083,-0.01010739803314209,0.008605241775512695,0.00740504264831543
892,23,0.24796649813652039,124,0.5183241665363312,0.494189726454871,0.8544423440453687,0.8791862726211548,0.7013188600540161,0.8691353797912598,0.8796346783638,0.8761197924613953,0.8690090179443359
893,23,0.38852110505104065,193,0.5551202371716499,0.7597961080701727,0.55765595463138,0.6562318801879883,0.6115185022354126,0.5112786293029785,0.5869258642196655,0.5568099021911621,0.5994033813476562
894,23,0.24020369350910187,186,0.9349453687667847,0.6894285786483023,0.4706994328922495,0.6689124703407288,0.6342085599899292,0.6663563251495361,0.6446520090103149,0.6114182472229004,0.6548991203308105
895,12,0.12948065996170044,65,0.9101392908228768,0.6086230178674062,0.5625,0.7356070876121521,0.7350224256515503,0.7331249713897705,0.7313739061355591,0.7354751825332642,0.7360047101974487
896,18,0.15436024963855743,37,0.7697742027895791,0.6621579514308409,0.7283950617283951,-0.033334970474243164,-0.05106329917907715,-0.03016078472137451,-0.05359947681427002,-0.031699180603027344,-0.04365348815917969
897,9,0.17389439046382904,39,1.0333315953612328,0.5563656270503998,0.7160493827160493,0.7011164426803589,0.44479095935821533,0.7028394937515259,0.7029603719711304,0.7012524008750916,0.6980152130126953
898,11,0.12083887308835983,173,1.3418675735592842,0.5186545501152674,0.9669421487603306,0.894584596157074,0.7250393629074097,0.8906003832817078,0.8919566869735718,0.8940858840942383,0.8949586153030396
899,19,0.20813052356243134,135,0.7418604910373687,0.5905147439667157,0.8698060941828255,0.03091055154800415,0.05922609567642212,0.07149940729141235,0.042552411556243896,0.06916981935501099,0.048184216022491455
900,22,0.3195313513278961,105,0.7084081768989563,0.6312047116458416,0.34710743801652894,0.6525940895080566,0.6651674509048462,0.6640530824661255,0.6559459567070007,0.6671369671821594,0.6605205535888672
901,14,0.1792364865541458,185,0.6287152213709695,0.7919193250792367,0.33163265306122447,0.05055999755859375,0.032650649547576904,0.05318039655685425,0.01479041576385498,0.07643425464630127,-0.01025700569152832
902,14,0.2749793529510498,101,0.458769254386425,0.6228559762239456,0.5510204081632653,0.004159331321716309,0.006688535213470459,0.00206834077835083,0.012750089168548584,0.004956722259521484,0.009570062160491943
903,23,0.15745821595191956,88,0.7074524946510792,0.5450920164585114,0.005671077504725898,0.7021033763885498,0.691299319267273,0.6952919960021973,0.6921638250350952,0.7054917812347412,0.7050032615661621
904,7,0.2117452770471573,195,1.5232272148132324,0.3220600187778473,0.40816326530612246,0.16719835996627808,0.12445974349975586,0.17388278245925903,0.17080748081207275,0.16734260320663452,0.17729079723358154
905,7,0.35378342866897583,63,0.8895530514419079,0.609944353501002,0.061224489795918366,-0.021882176399230957,-0.08968806266784668,0.005025386810302734,-0.050151705741882324,-0.008355498313903809,-0.024607300758361816
906,22,0.2696700990200043,9,0.9407544136047363,0.5119049929910235,0.6859504132231405,-0.11270606517791748,-0.2520020008087158,-0.10776221752166748,-0.24279189109802246,-0.12981295585632324,-0.2226412296295166
907,20,0.11033575981855392,133,0.7637735659425909,0.47225166691674125,0.4075,0.48202747106552124,0.034343838691711426,0.48645275831222534,0.4655109643936157,0.48774898052215576,0.45431041717529297
908,18,0.30251556634902954,84,1.6752617359161377,0.6892895539601643,0.32407407407407407,0.4641125798225403,0.2776859402656555,0.17909717559814453,0.46769237518310547,0.1369226574897766,0.28102952241897583
909,16,0.18209624290466309,165,0.5327503106423787,0.5041869829098383,0.6796875,0.3151523470878601,0.3003520965576172,0.31233668327331543,0.30143409967422485,0.31479477882385254,0.31149226427078247
910,16,0.22719323635101318,158,0.8626080105702082,0.7535551607608795,0.82421875,0.1613537073135376,-0.034509897232055664,0.14387530088424683,0.09736329317092896,0.18538600206375122,0.12424832582473755
911,12,0.30616840720176697,29,0.6056213776270548,0.6010239885913001,0.9097222222222222,0.7232791185379028,0.5846091508865356,0.7187801599502563,0.7344356775283813,0.71681809425354,0.7222278118133545
912,21,0.2843466103076935,28,2.033008337020874,0.6723545381897374,0.5215419501133787,0.9513272047042847,0.8185358047485352,0.9384617805480957,0.947998583316803,0.9433811902999878,0.9313936233520508
913,24,0.14473970234394073,51,0.8559358077389854,0.4558921438806197,0.6388888888888888,0.37768399715423584,0.23672765493392944,0.36151957511901855,0.33986181020736694,0.3617042303085327,0.3251155614852905
914,22,0.18437878787517548,140,1.139782910545667,0.7361226920038462,0.05991735537190083,0.9466091990470886,0.9479742646217346,0.9456669092178345,0.9430301785469055,0.9446446895599365,0.9403231143951416
915,12,0.35325053334236145,126,1.1023258119821548,0.8039616253226995,0.6041666666666666,-0.05061018466949463,0.03819453716278076,-0.05025196075439453,0.05238449573516846,-0.06419265270233154,0.019003212451934814
916,8,0.12246295064687729,12,0.7205318450927735,0.5600667297840118,0.796875,-0.18584370613098145,-0.08543956279754639,-0.08698463439941406,-0.0933157205581665,-0.15233492851257324,-0.13124358654022217
917,9,0.3227477967739105,143,1.703150987625122,0.5344908647239208,0.8518518518518519,0.8661447763442993,0.79900062084198,0.8567155599594116,0.8483676314353943,0.855941116809845,0.8647028803825378
918,11,0.15714982151985168,93,1.2595335245132446,0.7486476004123688,0.8677685950413223,0.49096643924713135,0.46676886081695557,0.49834543466567993,0.497075617313385,0.4998224377632141,0.4992629885673523
919,17,0.27696895599365234,160,0.9187161028385162,0.5103449016809464,0.8961937716262975,0.26878660917282104,0.21064656972885132,0.41484934091567993,0.24132508039474487,0.19121044874191284,0.21496891975402832
920,23,0.10135506093502045,11,1.0163799561560154,0.7436126172542572,0.7334593572778828,0.03083699941635132,0.00612109899520874,0.0196191668510437,-0.022554993629455566,0.013534784317016602,-0.006296038627624512
921,25,0.15709611773490906,66,0.9637514352798462,0.6265531380971273,0.2912,0.5943771600723267,-0.03209388256072998,0.6064463257789612,0.6234290599822998,0.6084672808647156,0.6052802801132202
922,12,0.18838299810886383,181,0.7499385476112366,0.3431507327726909,0.8472222222222222,0.16047197580337524,0.13730937242507935,0.1608576774597168,0.15492719411849976,0.16412955522537231,0.13133692741394043
923,6,0.17731881141662598,58,0.6344892531633377,0.4388488233089447,1.0,-0.04684567451477051,-0.0718299150466919,-0.016872763633728027,-0.060235023498535156,-0.03429555892944336,-0.053200483322143555
924,8,0.2607000172138214,47,0.747563362121582,0.8534167185425758,0.125,0.8387395143508911,0.7996277809143066,0.8375983834266663,0.8348953723907471,0.840147852897644,0.8402948379516602
925,22,0.37632259726524353,199,0.290776863694191,0.6476639717817306,0.4524793388429752,0.48581987619400024,0.4765471816062927,0.47856247425079346,0.4828642010688782,0.47374266386032104,0.49163293838500977
926,17,0.2542375326156616,113,1.2086752295494079,0.5954360812902451,0.41522491349480967,0.5511678457260132,0.3064579367637634,0.4706471562385559,0.5317902565002441,0.3768134117126465,0.4323943853378296
927,24,0.18447288870811462,169,1.0103068798780441,0.8064666744321585,0.1371527777777778,0.7272381782531738,0.741398811340332,0.7013868093490601,0.7151777744293213,0.709986686706543,0.7338970303535461
928,7,0.109586201608181,173,1.2073002755641937,0.6752878874540329,0.5714285714285714,0.8811031579971313,0.5731596946716309,0.8796068429946899,0.8798450827598572,0.8816313147544861,0.8801063895225525
929,10,0.17006683349609375,53,0.6073623647292455,0.6029354259371758,0.0,0.28915154933929443,0.25764065980911255,0.2850351333618164,0.28143519163131714,0.2849430441856384,0.2784045338630676
930,12,0.21508757770061493,83,0.7436607231696447,0.658896416425705,0.9583333333333334,0.604390561580658,0.3454356789588928,0.5991758108139038,0.5976969599723816,0.5991222858428955,0.6087185144424438
931,10,0.3303597867488861,105,1.3158993522326152,0.520928538271359,0.16,0.6955753564834595,0.7143973112106323,0.710170328617096,0.7065744400024414,0.7092170715332031,0.7195855379104614
932,8,0.32730138301849365,142,1.0917508155107498,0.7328776568174362,0.9375,0.17919081449508667,-0.01049339771270752,0.1626417636871338,0.15039855241775513,0.1538739800453186,0.1568271517753601
933,19,0.10532095283269882,133,1.3100122511386871,0.5943591843048731,0.3601108033240997,0.7235714197158813,0.741214394569397,0.7249459624290466,0.7250393033027649,0.7373750805854797,0.7247726917266846
934,23,0.11093690991401672,78,1.1628475710749626,0.3331915018233386,0.725897920604915,0.3964788317680359,0.0682753324508667,0.3993920683860779,0.35766953229904175,0.3843831419944763,0.38822007179260254
935,25,0.14504708349704742,20,1.4667649964491527,0.6394014625172866,0.096,0.02739894390106201,-0.05733513832092285,0.045931100845336914,0.15548551082611084,0.09640902280807495,0.17775946855545044
936,13,0.3140692710876465,48,0.37516913563013077,0.5659297704696655,0.7337278106508875,0.16413342952728271,0.18950176239013672,0.14832425117492676,0.21155762672424316,0.1287142038345337,0.2001798152923584
937,12,0.18849419057369232,30,1.2505419005950291,0.3601314226786296,0.6597222222222222,0.23419171571731567,0.2024064064025879,0.2456713318824768,0.2356044054031372,0.22846662998199463,0.28718698024749756
938,16,0.3433302938938141,105,0.7588008679449558,0.5180764595667521,0.02734375,0.765870988368988,0.767365574836731,0.7644245028495789,0.7587542533874512,0.7664358615875244,0.7668212652206421
939,14,0.18929654359817505,67,0.3738766411940257,0.449570586735552,0.5714285714285714,0.6505219340324402,0.3927253484725952,0.6512529850006104,0.6736061573028564,0.6534361839294434,0.6485316753387451
940,17,0.32426753640174866,129,1.598094880580902,0.5409136506227347,0.7750865051903114,0.7065938711166382,0.5231398344039917,0.6844046711921692,0.675421953201294,0.6724910140037537,0.6956231594085693
941,18,0.3649621903896332,118,0.5748300105333328,0.46912590879946947,0.4074074074074074,-0.036853790283203125,-0.005399227142333984,-0.03300368785858154,-0.018056869506835938,-0.02849256992340088,-0.029772520065307617
942,13,0.2968178987503052,41,0.8684838712215424,0.4790944822809913,0.7100591715976331,0.7759706974029541,0.6502255797386169,0.6702626943588257,0.6904205083847046,0.6986674070358276,0.7364221215248108
943,3,0.2942529320716858,5,0.7106890976428986,0.5417448282241821,0.8888888888888888,-0.5823525190353394,-0.45480775833129883,-0.5395413637161255,-0.51377272605896,-0.4703418016433716,-0.5206587314605713
944,5,0.22938568890094757,48,1.0467008550961812,0.3600204586982727,0.8,0.038964033126831055,0.04167485237121582,0.03866243362426758,0.036621153354644775,0.03695017099380493,0.04203474521636963
945,25,0.23700858652591705,173,1.2439752340316772,0.5509519144892693,0.5696,0.919786810874939,0.8844044208526611,0.9158214330673218,0.9085056185722351,0.9115602374076843,0.9132239818572998
946,22,0.15021134912967682,38,1.151603001356125,0.46459580088655156,0.6694214876033058,0.8668620586395264,0.8329963684082031,0.6836764812469482,0.8671118021011353,0.6862474679946899,0.8752676844596863
947,11,0.10467039793729782,172,0.9101272438253675,0.5359604805707932,0.09090909090909091,0.08109802007675171,0.07989537715911865,0.07961106300354004,0.07736098766326904,0.0772138237953186,0.08224129676818848
948,24,0.2711620628833771,23,0.8698583245277405,0.6015345140507347,0.08333333333333333,0.3506465554237366,0.12796050310134888,0.3607180118560791,0.34868288040161133,0.3564237952232361,0.3519158363342285
949,10,0.15719109773635864,81,0.7537910759449005,0.6040163278579712,0.74,0.0050830841064453125,0.0027801990509033203,0.012882769107818604,0.003180861473083496,0.008841395378112793,0.00070953369140625
950,21,0.36758291721343994,103,1.935076355934143,0.562832736223936,0.4126984126984127,0.9466836452484131,0.9409511685371399,0.9472299218177795,0.9477238655090332,0.9470713138580322,0.9513334035873413
951,23,0.17221122980117798,61,1.0141272289412362,0.534511030651629,0.14366729678638943,-0.06750941276550293,-0.07352375984191895,-0.05466914176940918,-0.02672755718231201,-0.0481715202331543,-0.04016673564910889
952,13,0.36862313747406006,149,0.9783298969268799,0.5116194958488146,0.01775147928994083,0.938360869884491,0.949114203453064,0.9279853105545044,0.9323065280914307,0.9302355051040649,0.9307323694229126
953,7,0.38468238711357117,54,0.9272421300411224,0.42153939604759216,0.9795918367346939,0.2653998136520386,0.21931785345077515,0.2046804428100586,0.27023011445999146,0.24229377508163452,0.25081759691238403
954,10,0.19464699923992157,140,0.6534953951835633,0.9851172983646392,0.18,0.5966973304748535,0.5193560719490051,0.5962417125701904,0.5992310643196106,0.5933324098587036,0.6020225286483765
955,16,0.22381256520748138,16,0.7221604853868484,0.5407254628159783,0.8984375,0.8159666657447815,0.21834909915924072,0.804853081703186,0.7990967631340027,0.7945832014083862,0.7897012233734131
956,18,0.12143382430076599,61,0.8434608168900013,0.5639435917139053,0.09876543209876543,0.4391285181045532,0.05498397350311279,0.3979547619819641,0.5008366107940674,0.4189125895500183,0.41306769847869873
957,18,0.14313337206840515,27,0.6858006988962492,0.5418581490715345,0.3765432098765432,0.47884660959243774,0.1946636438369751,0.5083441734313965,0.47083139419555664,0.5106654167175293,0.48412930965423584
958,17,0.1226661279797554,90,0.9046093480927604,0.6678675383329391,0.986159169550173,0.045434772968292236,0.039803504943847656,0.040320634841918945,0.07383990287780762,0.04514104127883911,0.06647861003875732
959,16,0.11348903924226761,62,0.9216742496937513,0.5078473705798388,0.57421875,0.02685403823852539,-0.00357663631439209,0.035509467124938965,0.04586470127105713,0.03858041763305664,0.045962750911712646
960,5,0.32377880811691284,97,0.2593061253428459,0.4516822099685669,0.16,0.04615360498428345,0.033281803131103516,0.04028719663619995,0.07492095232009888,0.028814733028411865,0.030348598957061768
961,19,0.23648996651172638,106,0.9437852144241333,0.6002623630421502,0.407202216066482,0.2254723310470581,0.26324915885925293,0.2579841613769531,0.2652852535247803,0.22406470775604248,0.26517003774642944
962,21,0.3957390785217285,107,0.8824073076248169,0.437569073587656,0.48299319727891155,0.8344135880470276,0.7957582473754883,0.8367832899093628,0.8283172845840454,0.8344753980636597,0.8389101624488831
963,11,0.11975037306547165,107,1.0654067397117615,0.3918931521475315,0.7768595041322314,0.6830227375030518,0.6705400943756104,0.6842890977859497,0.6774002313613892,0.678799569606781,0.6760138869285583
964,22,0.29715150594711304,2,1.1690946370363235,0.5630745680795776,0.8739669421487604,-0.7863980531692505,-0.33638525009155273,-0.7486057281494141,-0.7249014377593994,-0.7163519859313965,-0.6652148962020874
965,15,0.16219182312488556,87,1.2281991839408875,0.7173812761902809,0.03111111111111111,0.6639925241470337,0.6760419607162476,0.6608244180679321,0.6615824103355408,0.6654428243637085,0.6591578722000122
966,21,0.27429431676864624,137,1.5104534427324932,0.543732114136219,0.8775510204081632,0.07675814628601074,-0.05581867694854736,0.07721191644668579,0.07230240106582642,0.0818023681640625,0.08014458417892456
967,15,0.18977677822113037,18,1.126110749585288,0.8268673419952393,0.057777777777777775,-0.9896444082260132,-0.3937830924987793,-0.9507080316543579,-0.5159419775009155,-0.9564872980117798,-0.5126498937606812
968,18,0.19632349908351898,2,0.9930001735687256,0.48104827679120576,0.2191358024691358,0.04114264249801636,-0.14855289459228516,0.0406801700592041,-0.004817485809326172,0.023656129837036133,-0.02248835563659668
969,8,0.2862248420715332,24,0.9492486864328384,0.6679613143205643,0.3125,0.3713712692260742,0.3340241312980652,0.36980676651000977,0.34157323837280273,0.3699572682380676,0.3557755947113037
970,5,0.1975420117378235,155,1.3392254710197449,0.38707001010576886,0.12,0.9351288676261902,0.935631513595581,0.9340983033180237,0.934008777141571,0.9352666139602661,0.9348747134208679
971,22,0.26898109912872314,175,1.2944400409857433,0.6212080605328083,0.5599173553719008,0.2402176856994629,0.2004261016845703,0.25022006034851074,0.2424728274345398,0.2343652844429016,0.21534907817840576
972,8,0.24873241782188416,10,1.1031265556812286,0.782138355076313,0.375,-0.022350549697875977,0.066947340965271,-0.027710676193237305,0.038610875606536865,-0.026003122329711914,0.04974478483200073
973,18,0.3093700706958771,68,0.9114084839820862,0.5759909510612488,0.941358024691358,0.6063892245292664,0.6289012432098389,0.5788642168045044,0.6117615699768066,0.6025280952453613,0.6062412261962891
974,19,0.24743469059467316,152,1.157145361105601,0.5543920937925577,0.3407202216066482,0.399078905582428,0.18776488304138184,0.3908982276916504,0.3718559741973877,0.35234081745147705,0.3950817584991455
975,9,0.10030002146959305,74,0.8175123717103686,1.660275638103485,0.12345679012345678,-0.021736860275268555,-0.030368804931640625,-0.021350383758544922,-0.028737187385559082,-0.02035677433013916,-0.031064748764038086
976,11,0.26286154985427856,37,1.119801789522171,0.5087609688440958,0.3305785123966942,0.09583944082260132,0.1540939211845398,0.09823614358901978,0.18310993909835815,0.12988191843032837,0.19498682022094727
977,21,0.12062983959913254,137,1.4654721766710281,0.5866999293074888,0.07482993197278912,0.9553660154342651,0.9565890431404114,0.9532259106636047,0.9557623863220215,0.957322359085083,0.9544104337692261
978,18,0.29097840189933777,120,0.7336083650588989,0.519424741084759,0.7345679012345679,0.4223397970199585,0.23493444919586182,0.38786399364471436,0.2560660243034363,0.3556387424468994,0.35347169637680054
979,23,0.23885038495063782,28,0.7196159482002258,0.598083083000448,0.9130434782608695,0.19095498323440552,-0.09511375427246094,0.20718002319335938,0.11719822883605957,0.22060012817382812,0.13784128427505493
980,19,0.17405563592910767,130,0.8258488376935323,0.5257901939061972,0.5650969529085873,0.7676967978477478,0.4678862690925598,0.7487522959709167,0.7334439754486084,0.7122613191604614,0.7439767122268677
981,19,0.1330474615097046,49,0.7522822879254818,0.6812282732941888,0.30193905817174516,-0.06019401550292969,-0.09203207492828369,-0.07858407497406006,-0.03804504871368408,-0.08139395713806152,-0.007837057113647461
982,12,0.13683971762657166,182,1.5307385683059693,0.509418745126043,0.24305555555555555,0.2640765905380249,0.2701767683029175,0.24638330936431885,0.24567151069641113,0.25790566205978394,0.23803257942199707
983,14,0.15373985469341278,125,0.8451500407287053,0.8189011939934322,0.4897959183673469,0.24867534637451172,0.07793200016021729,0.23100662231445312,0.1578698754310608,0.23992496728897095,0.1656590700149536
984,22,0.12111565470695496,128,0.7120375122342791,0.3504223197698593,0.7933884297520661,0.668256402015686,0.35499846935272217,0.6625813245773315,0.6598710417747498,0.6652390360832214,0.6719604730606079
985,22,0.196806862950325,179,0.5426901983363288,0.6066426505645116,0.06818181818181818,0.06562453508377075,0.03455376625061035,0.009943604469299316,0.03207463026046753,0.019249439239501953,0.018910229206085205
986,16,0.170906201004982,181,1.1162292920053005,0.4944614227861166,0.7421875,0.8233997821807861,0.7611841559410095,0.8243006467819214,0.8183594942092896,0.8187646269798279,0.8241378664970398
987,19,0.24520215392112732,92,0.9019107222557068,0.6855993377310889,0.2742382271468144,0.5956250429153442,0.7020717263221741,0.5449905395507812,0.6269537210464478,0.5176407098770142,0.6088955402374268
988,16,0.20689396560192108,98,0.7714670822024345,0.5797252630194029,0.49609375,0.17131370306015015,0.1987208127975464,0.1881764531135559,0.20004624128341675,0.16115224361419678,0.1966131329536438
989,17,0.22945615649223328,31,0.657312422990799,0.5567722469568253,0.12110726643598616,0.8014639616012573,0.7491997480392456,0.7422231435775757,0.6061078310012817,0.5961534976959229,0.4178526997566223
990,17,0.37599852681159973,84,1.1506515741348267,0.7254349682480097,0.7681660899653979,0.596062183380127,0.5914076566696167,0.5867177248001099,0.5998387336730957,0.5958923697471619,0.5861494541168213
991,10,0.13009656965732574,144,0.7307687163352966,0.888868647813797,0.01,0.3096233606338501,0.3022645115852356,0.3118070960044861,0.30317920446395874,0.3129420876502991,0.30178970098495483
992,12,0.19401651620864868,27,1.3729750365018845,0.7027106359601021,0.7638888888888888,0.8091543912887573,0.7710460424423218,0.8060788512229919,0.8166688680648804,0.8104676008224487,0.8148590326309204
993,13,0.22742801904678345,166,0.8602490782737732,0.8327312767505646,0.650887573964497,-0.04338490962982178,-0.05447494983673096,-0.04391324520111084,-0.050533413887023926,-0.03838968276977539,-0.05015897750854492
994,11,0.1736026257276535,112,1.115472444466182,0.6785655170679092,0.09090909090909091,0.11648446321487427,0.0983690619468689,0.11037421226501465,0.1154487133026123,0.1187276840209961,0.12225914001464844
995,18,0.26441216468811035,138,1.2417020052671432,0.7072182724873225,0.9691358024691358,0.9454246163368225,0.8642570376396179,0.9351168870925903,0.9260469675064087,0.933594822883606,0.9215205311775208
996,14,0.18291184306144714,8,1.060554176568985,0.7484246407236371,0.3112244897959184,0.14806872606277466,-0.18113970756530762,0.12895548343658447,0.0026364922523498535,0.15255755186080933,-0.021341919898986816
997,14,0.15265031158924103,77,1.3777983069419861,0.533608196510209,0.8520408163265306,0.10446596145629883,0.0825425386428833,0.11745434999465942,0.13245254755020142,0.12691831588745117,0.09222733974456787
998,14,0.32463473081588745,68,0.5316812594731649,0.6688578900965777,0.75,0.6860212087631226,0.4623727798461914,0.6978812217712402,0.6688085198402405,0.7100502252578735,0.7085933089256287
999,23,0.14607010781764984,117,0.7909550021092097,0.706341275397469,0.5765595463137996,0.7610325813293457,0.25446760654449463,0.7496232986450195,0.733975887298584,0.7356454133987427,0.7345700263977051
1000,22,0.20811350643634796,194,0.7028868272900581,0.542112852136294,0.18181818181818182,0.08367472887039185,-0.0389246940612793,0.056306540966033936,0.06364047527313232,0.06653702259063721,0.07427555322647095
1001,9,0.1447635143995285,149,0.9539119675755501,0.39156471490859984,0.1111111111111111,0.7146726250648499,0.7263561487197876,0.7128307819366455,0.6698757410049438,0.7076395153999329,0.7265781164169312
1002,19,0.2668803632259369,167,0.9877551943063736,0.5518506308396657,0.39335180055401664,0.7563998699188232,0.6314786672592163,0.7565515637397766,0.754878580570221,0.7519963979721069,0.7513962388038635
1003,18,0.21710310876369476,64,1.2338248193264008,0.5770998203328678,0.7469135802469136,-0.1512681245803833,-0.14514613151550293,-0.10732197761535645,-0.12272608280181885,-0.10070967674255371,-0.12055182456970215
1004,24,0.13644154369831085,156,0.7578923446791512,0.6393431617933161,0.7274305555555556,0.8035737872123718,0.7591071128845215,0.8046257495880127,0.80235755443573,0.8013825416564941,0.802791953086853
1005,21,0.10327590256929398,42,0.5756121320383889,0.6595309291567121,0.21315192743764172,0.33704495429992676,0.3462555408477783,0.32623904943466187,0.33451026678085327,0.3311704397201538,0.3364589214324951
1006,3,0.17776890099048615,165,1.9284350872039795,0.4184860587120056,0.1111111111111111,-0.010486245155334473,-0.007725954055786133,-0.012206196784973145,-0.005316257476806641,-0.010475397109985352,-0.007229804992675781
1007,21,0.2413320392370224,72,0.7379979938268661,0.5928655485896503,0.8390022675736961,0.1710449457168579,0.2630985379219055,0.11777162551879883,0.2092527151107788,0.1288192868232727,0.21234774589538574
1008,25,0.12958282232284546,55,1.1157863661646843,0.5394954611273373,0.552,0.2047378420829773,0.16715580224990845,0.2079954743385315,0.32026398181915283,0.19862037897109985,0.31812041997909546
1009,22,0.2934783697128296,70,1.093500442802906,0.5344047877523634,0.028925619834710745,0.8128179907798767,0.8750589489936829,0.8008663058280945,0.7942705154418945,0.8005326986312866,0.7766226530075073
1010,23,0.27960479259490967,43,0.7632333561778069,0.6572047189662331,0.3383742911153119,0.022069573402404785,0.07815265655517578,-0.08801674842834473,-0.12477302551269531,-0.00927877426147461,-0.16813373565673828
1011,24,0.29031434655189514,46,0.8652821779251099,0.4904063395831896,0.6597222222222222,-0.0703439712524414,-0.04453539848327637,-0.021426796913146973,-0.029100894927978516,-0.025467872619628906,-0.006559491157531738
1012,17,0.12099412083625793,187,1.1281686893531255,0.6530691236257553,0.3217993079584775,-0.05692422389984131,-0.05040180683135986,-0.05930328369140625,-0.02095186710357666,-0.06341421604156494,-0.010444879531860352
1013,19,0.21982066333293915,7,0.8974566888064146,0.42532083121213043,0.4598337950138504,0.6605679988861084,0.7692646980285645,0.6156049966812134,0.7657001614570618,0.6945788860321045,0.7325426936149597
1014,22,0.2878120541572571,132,0.8853609363238016,0.47320976225953354,0.22107438016528927,0.2827104926109314,0.28684329986572266,0.16737127304077148,0.23847675323486328,0.06888824701309204,0.18400555849075317
1015,25,0.32824236154556274,44,0.960952470699946,0.7151521688157861,0.632,0.4562133550643921,0.44028252363204956,0.5258141160011292,0.5685092210769653,0.4974249601364136,0.541733980178833
1016,11,0.21185651421546936,13,1.2131192445755006,0.8355334301789602,0.9504132231404959,-0.04315006732940674,-0.041737914085388184,-0.0591808557510376,-0.011177301406860352,-0.06187939643859863,-0.05014598369598389
1017,25,0.2849309742450714,148,1.2896804183721542,0.48790833428502084,0.4544,0.6792246103286743,0.4871928095817566,0.6699438691139221,0.6420809626579285,0.6741751432418823,0.6657179594039917
1018,24,0.18923334777355194,171,1.1292941321929295,0.6502788232432472,0.9409722222222222,0.9080791473388672,0.8718428015708923,0.912759006023407,0.9021550416946411,0.9116658568382263,0.9048229455947876
1019,23,0.3131352961063385,108,0.4626406133174896,0.7146450827519099,0.11342155009451796,0.34122568368911743,0.43110209703445435,0.27888190746307373,0.34307366609573364,0.27367931604385376,0.35078567266464233
1020,10,0.11501433700323105,31,1.128429604428155,0.7251847783724467,0.48,0.008923768997192383,0.018337488174438477,0.00791865587234497,-0.006685018539428711,0.010531902313232422,-0.017061352729797363
1021,16,0.33122873306274414,57,1.2054745157559712,0.6462569855726682,0.79296875,0.8249013423919678,0.6833372116088867,0.8321799039840698,0.8068206310272217,0.8339018225669861,0.8239755630493164
1022,18,0.29046374559402466,159,0.8019221276044846,0.6048232678856168,0.7283950617283951,-0.12196135520935059,-0.12677741050720215,-0.11788153648376465,-0.11593747138977051,-0.1168670654296875,-0.13747191429138184
1023,19,0.1322760432958603,181,0.930995637178421,0.6016666922304366,0.7700831024930748,-0.00899505615234375,-0.00012063980102539062,-0.007512211799621582,-0.009495377540588379,-0.010616064071655273,-0.004815340042114258
1024,18,0.37124621868133545,169,0.8833877444267273,0.7427434261356082,0.5092592592592593,0.4745413661003113,0.3144150376319885,0.23156803846359253,0.29428428411483765,0.2990416884422302,0.12987172603607178
1025,19,0.15013791620731354,18,0.9021477277080218,0.6615566290341891,0.13019390581717452,0.8073539137840271,0.8296600580215454,0.8091057538986206,0.8226969838142395,0.7853221893310547,0.8030641674995422
1026,12,0.14153485000133514,25,1.2351464298036363,0.9151405493418375,0.9652777777777778,0.07223618030548096,0.03443104028701782,0.022473931312561035,0.08046245574951172,-0.03399157524108887,0.11830174922943115
1027,16,0.3328590393066406,141,1.417369693517685,0.5237400286964008,0.80859375,0.9160691499710083,0.9011141657829285,0.9194025993347168,0.9161583781242371,0.9173017144203186,0.9144244194030762
1028,15,0.3409791886806488,105,0.5010375181833903,0.7446565330028534,0.08888888888888889,0.16934502124786377,0.16368776559829712,0.18967801332473755,0.16199588775634766,0.15896904468536377,0.16313987970352173
1029,13,0.21536250412464142,33,0.5638907253742218,0.5022458359599113,0.11242603550295859,0.8229100704193115,0.8249120116233826,0.8229191899299622,0.8164467811584473,0.8230456113815308,0.8246421813964844
1030,21,0.2520727515220642,122,0.878276264667511,0.4676207350566983,0.9886621315192744,0.024055123329162598,-0.04816782474517822,0.08155781030654907,-0.021334171295166016,0.08494913578033447,-0.030017375946044922
1031,10,0.23154962062835693,120,1.2393072843551636,0.5335491129330227,0.29,0.19111710786819458,0.18564069271087646,0.19516634941101074,0.14793235063552856,0.18582665920257568,0.16439288854599
1032,10,0.10541367530822754,99,0.8173604719340801,0.4288882315158844,0.51,0.1737886667251587,0.06280463933944702,0.16739141941070557,0.15920597314834595,0.16910725831985474,0.1524602770805359
1033,23,0.365299791097641,20,0.30289342999458313,0.5174719230695204,0.776937618147448,0.23950225114822388,0.29986488819122314,0.10959547758102417,0.242689847946167,0.22123610973358154,0.27265846729278564
1034,13,0.14766132831573486,22,0.8324122559279203,0.583706134557724,0.22485207100591717,0.13731873035430908,0.12814581394195557,0.12150651216506958,0.19647198915481567,0.13249534368515015,0.17999833822250366
1035,15,0.10605800151824951,171,1.5070860505104064,0.5463660225272179,0.36,0.9111362099647522,0.9025167226791382,0.9097520112991333,0.9122267961502075,0.9085027575492859,0.9098153710365295
1036,8,0.15726639330387115,118,0.8526014983654022,0.6479030251502991,0.875,0.5206648111343384,0.39685720205307007,0.5200421810150146,0.5155036449432373,0.5129439234733582,0.51572585105896
1037,25,0.14197824895381927,59,1.8168668236051286,0.5698606015907394,0.0864,0.30450892448425293,0.043217599391937256,0.3126780390739441,0.31967824697494507,0.27233362197875977,0.3299899101257324
1038,9,0.12858031690120697,182,1.4674666076898575,0.6306759893894196,0.3950617283950617,-0.01687633991241455,-0.030144214630126953,-0.012780308723449707,-0.019240617752075195,-0.015047788619995117,-0.015626192092895508
1039,16,0.24081024527549744,35,1.07023167184421,0.6111514170964559,0.19140625,0.4673314690589905,0.5209130048751831,0.3405740261077881,0.5225694179534912,0.4916499853134155,0.5075914859771729
1040,23,0.1078791692852974,32,0.6146925422880385,0.6456810512713024,0.1323251417769376,0.008915245532989502,0.14541858434677124,-0.030405759811401367,0.11084771156311035,0.0041013360023498535,0.11508727073669434
1041,15,0.21853013336658478,182,0.6776388585567474,0.48097531621654827,0.3377777777777778,0.025046706199645996,0.025287210941314697,0.03510117530822754,0.034366726875305176,0.030726730823516846,0.043263137340545654
1042,12,0.1280427873134613,51,1.0361763536930084,0.4815029601256053,0.9583333333333334,-0.02649509906768799,-0.09327471256256104,-0.02452850341796875,-0.06770157814025879,-0.02934849262237549,-0.05255758762359619
1043,23,0.1106233149766922,197,0.5532307199069432,0.6294131120666862,0.610586011342155,0.8801214694976807,0.8463082313537598,0.8765181303024292,0.8771383762359619,0.8760225772857666,0.870824933052063
1044,14,0.12231652438640594,91,0.668214100599289,0.7489457329114279,0.9081632653061225,0.20634794235229492,0.20360171794891357,0.21722108125686646,0.19129133224487305,0.21126651763916016,0.14486336708068848
1045,8,0.2359570413827896,149,1.0015844305356343,0.7403975844383239,0.078125,0.5258550643920898,0.5220316052436829,0.5158568620681763,0.5257140398025513,0.5234651565551758,0.523984432220459
1046,8,0.1556137204170227,162,0.8368070324261984,0.7347515642642974,0.15625,0.593805730342865,0.5854928493499756,0.5940779447555542,0.5965450406074524,0.5953735709190369,0.5978766679763794
1047,12,0.198476180434227,34,1.097683540412358,0.7881552219390869,0.05555555555555555,0.15303218364715576,0.05990588665008545,0.15687614679336548,0.08542203903198242,0.12231600284576416,0.12379670143127441
1048,5,0.3681522607803345,130,1.430770754814148,0.5815623104572296,0.56,-0.005477309226989746,-0.005376100540161133,-0.00632023811340332,-0.0009986162185668945,-0.005486488342285156,-0.0020563602447509766
1049,16,0.1419806182384491,52,0.7290152572095394,0.5636740736663342,0.015625,0.3287418484687805,0.39990144968032837,0.3205490708351135,0.38241803646087646,0.3024335503578186,0.39033275842666626
1050,24,0.14268507063388824,60,1.185668819480472,0.5932921489079793,0.9114583333333334,0.26321375370025635,0.12069886922836304,0.27753788232803345,0.17470335960388184,0.270300030708313,0.23624557256698608
1051,13,0.3756884038448334,153,0.667517085870107,0.72693350315094,0.7514792899408284,0.4959219694137573,0.24264627695083618,0.49806666374206543,0.498643696308136,0.49538731575012207,0.507568359375
1052,8,0.19917894899845123,94,0.9017257839441299,0.3198356032371521,0.3125,0.3618782162666321,0.36708903312683105,0.3459928035736084,0.3521619439125061,0.3538174629211426,0.3620530962944031
1053,18,0.30932489037513733,62,1.3965600331624348,0.7151979784170787,0.7314814814814815,0.3196433186531067,0.2010543942451477,0.320076048374176,0.3094870448112488,0.3349984288215637,0.32671046257019043
1054,25,0.24817758798599243,109,1.4748137763568334,0.7083865486913257,0.416,0.23445665836334229,0.14049392938613892,0.22070598602294922,0.1357235312461853,0.22244292497634888,0.19849443435668945
1055,15,0.177297905087471,8,1.617517900466919,0.7144948244094849,0.4222222222222222,0.26435548067092896,0.48232048749923706,0.09489589929580688,0.4165181517601013,0.10639184713363647,0.41551637649536133
1056,16,0.15223035216331482,10,1.3260272592306137,0.4434565380215645,0.67578125,-0.1531308889389038,-0.33284783363342285,-0.2983189821243286,-0.14194512367248535,-0.24735987186431885,-0.1392197608947754
1057,9,0.26832887530326843,184,0.994157075881958,0.4317912856737773,0.2222222222222222,0.8447722792625427,0.8335409760475159,0.8470973372459412,0.8464504480361938,0.8462121486663818,0.8479820489883423
1058,12,0.10548361390829086,28,1.1476881727576256,0.640424944460392,0.4027777777777778,0.208640456199646,0.12373673915863037,0.15425926446914673,0.19179576635360718,0.1679127812385559,0.18974757194519043
1059,21,0.25454533100128174,44,1.1532518068949382,0.6261352913247215,0.6530612244897959,0.810291051864624,0.6053327322006226,0.7670683860778809,0.7772045731544495,0.7717766165733337,0.780620813369751
1060,13,0.13195949792861938,106,0.9104528844356536,0.5765209197998047,0.21301775147928995,-0.0273745059967041,-0.03868091106414795,-0.11298835277557373,0.005995213985443115,-0.045510292053222656,0.05172330141067505
1061,23,0.32269248366355896,149,1.45296444495519,0.5507844813168049,0.8790170132325141,0.8714258670806885,0.779410719871521,0.857994556427002,0.8511298894882202,0.8411750197410583,0.8434092402458191
1062,15,0.3353350758552551,22,1.0504797220230102,0.8723793372511863,0.3688888888888889,0.9514230489730835,0.9400272369384766,0.9471736550331116,0.9546370506286621,0.9544256925582886,0.9492825865745544
1063,18,0.18405333161354065,188,0.7900716483592987,0.6867286597306912,0.7716049382716049,0.11740624904632568,-0.07240712642669678,0.10665285587310791,0.045878052711486816,0.06472289562225342,0.07014995813369751
1064,14,0.12772133946418762,44,0.7518477652754102,0.6534328077520642,0.15816326530612246,0.7965689897537231,0.7872385382652283,0.8032564520835876,0.7644072771072388,0.7895447015762329,0.8000946044921875
1065,20,0.3914390504360199,174,0.35451703518629074,0.5848697312176228,0.7525,0.4209473133087158,0.3358656167984009,0.36966532468795776,0.39986521005630493,0.3414004445075989,0.3897181749343872
1066,23,0.3313601613044739,190,1.1223250726858776,0.7036103345453739,0.45368620037807184,0.7316122055053711,0.683344304561615,0.6800063848495483,0.7502902746200562,0.7186067700386047,0.7246462106704712
1067,16,0.17201435565948486,180,1.3481098413467407,0.7099898721163089,0.453125,0.9314375519752502,0.9393187165260315,0.9313449859619141,0.9326723217964172,0.932864785194397,0.9318344593048096
1068,18,0.30281585454940796,95,1.3106590569019319,0.4969523824178256,0.8487654320987654,0.8959217071533203,0.81673264503479,0.8946612477302551,0.9039205312728882,0.8940884470939636,0.9013418555259705
1069,24,0.1810072362422943,23,1.2371549242072635,0.6949410577615102,0.84375,-0.06825840473175049,-0.29918205738067627,-0.09430980682373047,-0.20453810691833496,-0.11366569995880127,-0.17523038387298584
1070,9,0.18009810149669647,28,1.7798777222633362,0.9190497994422913,0.5061728395061729,0.3870850205421448,0.4806674122810364,0.4338805079460144,0.4798967242240906,0.40943431854248047,0.4405805468559265
1071,16,0.2509794235229492,150,0.7150282164414724,0.609909672003526,0.25,-0.03872799873352051,-0.03029024600982666,-0.03215622901916504,-0.042505741119384766,-0.03347909450531006,-0.04962480068206787
1072,25,0.2742953598499298,133,1.5200258195400238,0.5653280374549684,0.1616,0.8564847707748413,0.8257657289505005,0.7922958135604858,0.8260288238525391,0.8095923066139221,0.8153900504112244
1073,23,0.24800102412700653,4,1.0375526547431946,0.6460029754568549,0.16446124763705103,-0.24922382831573486,-0.6505759954452515,-0.19398415088653564,-0.34931206703186035,-0.21108996868133545,-0.327997088432312
1074,25,0.27490267157554626,89,0.6256199479103088,0.6256527304649353,0.8224,0.6741090416908264,0.5770405530929565,0.6712464094161987,0.6812108755111694,0.6675896644592285,0.6735756993293762
1075,21,0.3491327464580536,54,1.4234317541122437,0.7074399292469025,0.3424036281179138,0.7359702587127686,0.7802928686141968,0.6389272212982178,0.7644443511962891,0.6745299100875854,0.6785695552825928
1076,19,0.3437398672103882,154,1.2437463998794556,0.5046996399760246,0.29916897506925205,0.785882294178009,0.7224441170692444,0.7745447754859924,0.7319176197052002,0.7535210847854614,0.76507967710495
1077,3,0.31637129187583923,104,1.2442047595977783,1.1465176343917847,0.8888888888888888,0.04452091455459595,-0.03474736213684082,0.03743559122085571,0.03850024938583374,0.037037670612335205,0.03940683603286743
1078,24,0.26780351996421814,192,0.7674938887357712,0.5035109251737595,0.5572916666666666,0.33433377742767334,0.2753176689147949,0.3543473482131958,0.35013723373413086,0.3584079146385193,0.3305548429489136
1079,17,0.3528791069984436,178,0.7291825811068217,0.8407065336193357,0.49480968858131485,-0.06853628158569336,-0.0028415918350219727,-0.018304944038391113,0.013227283954620361,0.002376556396484375,0.02053213119506836
1080,20,0.13046890497207642,69,1.0537815615534782,0.8196452284852663,0.7625,0.28280818462371826,0.08012354373931885,0.2842333912849426,0.25835031270980835,0.28103095293045044,0.25555139780044556
1081,8,0.10221444070339203,134,1.1481734991073609,1.1376676360766094,0.5,0.7344809770584106,0.7083967924118042,0.731726348400116,0.7301524877548218,0.7348933219909668,0.7334940433502197
1082,13,0.2578183710575104,179,1.070568174123764,0.8657219521701336,0.9289940828402367,0.8504394292831421,0.6158093214035034,0.850511372089386,0.8466213941574097,0.8537983894348145,0.848016619682312
1083,16,0.22565563023090363,146,0.5257224341233572,0.487931227684021,0.92578125,0.43002140522003174,0.2982149124145508,0.4256150722503662,0.44241732358932495,0.4382757544517517,0.4229910373687744
1084,13,0.37914931774139404,112,1.291911244392395,0.7917213886976242,0.24260355029585798,0.9268614649772644,0.8960297703742981,0.9173879623413086,0.9197366833686829,0.9199049472808838,0.9236985445022583
1085,18,0.12275565415620804,115,0.8972661826345656,0.5370229946242439,0.8333333333333334,0.0015150904655456543,0.009868443012237549,-0.00025284290313720703,-0.013711333274841309,0.00020736455917358398,-0.006822705268859863
1086,10,0.21990109980106354,152,0.6857449173927307,0.5202725410461426,0.94,0.024706900119781494,0.033396363258361816,0.018626630306243896,0.021198153495788574,0.012559652328491211,0.02229541540145874
1087,6,0.33125147223472595,89,0.7069633603096008,0.4901553640762965,0.5,0.13074231147766113,0.11917448043823242,0.12921786308288574,0.1298201084136963,0.12899565696716309,0.12867051362991333
1088,21,0.3127172589302063,199,1.2393528819084167,0.6337037293447388,0.3356009070294785,0.8529138565063477,0.7510462999343872,0.7918809056282043,0.7544829845428467,0.7793567776679993,0.710151195526123
1089,10,0.36823078989982605,138,1.7036860883235931,0.423669954140981,0.02,0.8694596886634827,0.8743350505828857,0.8524355292320251,0.858216404914856,0.8422014713287354,0.8428804278373718
1090,20,0.10385153442621231,146,0.8977502882480621,0.5346030420981921,0.485,0.33096396923065186,0.28763824701309204,0.3251184821128845,0.33991265296936035,0.33610087633132935,0.3317183256149292
1091,23,0.1038716733455658,7,0.9961884543299675,0.7823292131607349,0.444234404536862,0.10302042961120605,0.18939590454101562,0.17441600561141968,0.02454143762588501,0.1853199005126953,0.2438390851020813
1092,19,0.10833264887332916,20,0.7871545340333667,0.8170277352134386,0.060941828254847646,-0.039997220039367676,-0.011148929595947266,-0.03660261631011963,-0.04408907890319824,-0.037122488021850586,-0.01549828052520752
1093,22,0.21027493476867676,183,1.405687853693962,0.5036554979160428,0.9111570247933884,0.1645880937576294,0.10371243953704834,0.1416996717453003,0.0971718430519104,0.13727951049804688,0.11487716436386108
1094,13,0.12731032073497772,8,0.5643850326538086,0.9274303149431944,0.5029585798816568,-0.047691941261291504,0.02947854995727539,0.04920238256454468,0.06203645467758179,-0.046877503395080566,0.0037357211112976074
1095,19,0.2635662853717804,121,0.8968776067097982,0.5307982284575701,0.23822714681440443,0.5822129249572754,0.5848066806793213,0.5850362777709961,0.5941914916038513,0.5949028730392456,0.5842940807342529
1096,24,0.33234190940856934,97,1.2041722416877747,0.6291763202140206,0.9166666666666666,0.7823045253753662,0.5163192749023438,0.7832857966423035,0.7547973990440369,0.7936933040618896,0.7438595294952393
1097,23,0.31626471877098083,70,0.6350223620732626,0.556951891630888,0.5406427221172023,0.6844165325164795,0.44936394691467285,0.6194458603858948,0.6334121823310852,0.6218528747558594,0.6522781252861023
1098,15,0.2745135426521301,171,0.9986575543880463,0.5598308145999908,0.36444444444444446,0.8426517248153687,0.8453459143638611,0.7672159671783447,0.7316446900367737,0.824007511138916,0.754156231880188
1099,20,0.13122093677520752,113,0.46886604598590303,0.5288970092168221,0.4225,0.22122406959533691,0.030869722366333008,0.21966081857681274,0.21258705854415894,0.2381628155708313,0.21079927682876587
1100,5,0.3578681945800781,123,1.971834421157837,0.41651616990566254,0.08,0.02214604616165161,0.004964172840118408,0.016313016414642334,-0.00414729118347168,0.01635909080505371,0.0009872913360595703
1101,14,0.17619258165359497,78,0.8042726914087931,0.6712734214961529,0.4846938775510204,0.5295804738998413,0.477791428565979,0.5043479204177856,0.49127018451690674,0.5467906594276428,0.5460747480392456
1102,10,0.22163109481334686,196,1.0641673405965169,0.411480045744351,0.77,0.5392813086509705,0.4419911503791809,0.5388426780700684,0.5411904454231262,0.5417146682739258,0.5413732528686523
1103,3,0.13177454471588135,183,0.5188758075237274,0.5893635749816895,0.0,-0.10351049900054932,-0.10516595840454102,-0.09834325313568115,-0.10879278182983398,-0.09681987762451172,-0.10604560375213623
1104,8,0.35255926847457886,173,1.1133524179458618,0.7944554189840952,0.84375,0.23290103673934937,-0.013262510299682617,0.23381400108337402,0.20709627866744995,0.24004971981048584,0.2310848832130432
1105,22,0.31101247668266296,3,1.3654628545045853,0.5783972955412335,0.5475206611570248,0.3582776188850403,0.43760478496551514,0.15773999691009521,0.5064382553100586,0.16008871793746948,0.4754294157028198
1106,12,0.21057537198066711,83,1.0960978746414185,0.737600599016462,0.6597222222222222,0.28742390871047974,0.29857921600341797,0.28610533475875854,0.28090500831604004,0.29097408056259155,0.2838097810745239
1107,19,0.1528436839580536,172,0.9795568101108074,0.4666303423317996,0.96398891966759,0.7493292689323425,0.6927998065948486,0.7223486304283142,0.8007132411003113,0.7797293066978455,0.7905036807060242
1108,25,0.10372694581747055,81,0.7093347443474664,0.5634640213102102,0.2784,0.4620097875595093,0.40179771184921265,0.4595922827720642,0.4465399384498596,0.461919367313385,0.4569910168647766
1109,16,0.10472878813743591,30,1.403311618736812,0.5771000650193956,0.03515625,0.4004039168357849,0.40227973461151123,0.3995111584663391,0.4001818895339966,0.4013509750366211,0.39672303199768066
1110,10,0.19383028149604797,50,1.2344507813453673,1.144002616405487,0.5,0.6316055059432983,0.6219583749771118,0.6263694167137146,0.6346651315689087,0.6282486915588379,0.6291924715042114
1111,4,0.2668199837207794,83,0.3582756221294403,0.5017566482226054,0.8125,0.33269035816192627,0.3193686008453369,0.3343522548675537,0.33162426948547363,0.333967924118042,0.32609426975250244
1112,24,0.3442181348800659,26,0.886234442392985,0.539171563017936,0.3784722222222222,0.537693977355957,0.599487841129303,0.5156391859054565,0.629340648651123,0.5176419019699097,0.644936740398407
1113,21,0.10017842054367065,51,1.2537202114860218,0.6661884188652039,0.02947845804988662,0.08980202674865723,0.15772241353988647,0.06009268760681152,0.11893588304519653,0.024457454681396484,0.11042475700378418
1114,3,0.3858286738395691,130,2.0345311760902405,0.23923981189727783,0.4444444444444444,0.9182687401771545,0.8373879790306091,0.9162678718566895,0.919761598110199,0.919110894203186,0.9164106845855713
1115,14,0.12019158154726028,107,0.7748563587665558,0.7509103715419769,0.6224489795918368,0.7263886332511902,0.6221320629119873,0.6279921531677246,0.7042845487594604,0.7210055589675903,0.706091046333313
1116,23,0.11992151290178299,164,0.9031409599951336,0.43320877477526665,0.9281663516068053,-0.01580798625946045,-0.021232962608337402,-0.02465999126434326,-0.01999795436859131,-0.02165806293487549,-0.015027642250061035
1117,20,0.13043023645877838,55,1.4391017307837803,0.8092042612177985,0.7925,0.7724232077598572,0.7641432285308838,0.7666974067687988,0.7666267156600952,0.7668024897575378,0.7685191631317139
1118,10,0.12594354152679443,94,1.4447371789387293,0.670770545800527,0.25,0.5364331603050232,0.008691906929016113,0.5240440368652344,0.4845356345176697,0.4895724654197693,0.38728296756744385
1119,15,0.1862107813358307,119,1.1684866189956664,0.7127474099397659,0.4311111111111111,0.7140688896179199,0.6920366287231445,0.7183559536933899,0.7152701616287231,0.7174090147018433,0.7241979241371155
1120,7,0.29667729139328003,197,0.7931742295622826,0.3262154112259547,0.8979591836734694,0.666918158531189,0.5639986991882324,0.6653945446014404,0.6609094738960266,0.6676356196403503,0.6644320487976074
1121,19,0.16820138692855835,29,0.8895739763975143,0.7161566605170567,0.24930747922437674,0.5861132740974426,0.6666598320007324,0.5900646448135376,0.639388918876648,0.5995841026306152,0.6282573938369751
1122,4,0.23593977093696594,122,0.768061101436615,0.6028295755386353,0.25,-0.0153578519821167,-0.00971531867980957,-0.013915657997131348,-0.01350259780883789,-0.014201879501342773,-0.01833319664001465
1123,24,0.12444072961807251,109,0.9323286831378936,0.5427379372872805,0.1440972222222222,0.31729960441589355,0.3470054864883423,0.34711331129074097,0.34311211109161377,0.37251412868499756,0.3728994131088257
1124,6,0.38245150446891785,79,2.4647448658943176,0.44883736968040466,0.05555555555555555,0.2869495749473572,0.3075813055038452,0.3057349920272827,0.2894338369369507,0.2795485258102417,0.24281519651412964
1125,23,0.1152346283197403,88,0.9574669003486633,0.7415382572346263,0.8960302457466919,0.057008445262908936,0.0319293737411499,0.06069093942642212,0.04014694690704346,0.06025373935699463,0.05516541004180908
1126,10,0.10019184648990631,80,0.7850350975990296,0.49538164436817167,0.77,-0.004773378372192383,-0.028871536254882812,-0.006893157958984375,-0.0038766860961914062,-0.008111119270324707,0.005432069301605225
1127,18,0.10057223588228226,114,0.8768946766853333,0.6516346335411072,0.19444444444444445,0.9453873634338379,0.9451404809951782,0.9458379745483398,0.9408007264137268,0.9457599520683289,0.9463067054748535
1128,9,0.16982996463775635,48,0.7044940888881683,0.45808741450309753,0.48148148148148145,0.2677372097969055,0.14842325448989868,0.21363943815231323,0.18584710359573364,0.2121155858039856,0.2839406132698059
1129,24,0.18557655811309814,92,0.5258680284023285,0.45925536677241324,0.1996527777777778,-0.048622727394104004,-0.06050717830657959,-0.05730438232421875,-0.058548808097839355,-0.06310486793518066,-0.056859493255615234
1130,12,0.39348646998405457,124,1.5659161408742268,0.3742184920443429,0.24305555555555555,0.8833121061325073,0.8074920773506165,0.8698713183403015,0.8047748804092407,0.8616332411766052,0.8812334537506104
1131,10,0.2691732943058014,173,0.592044198513031,0.7343827664852143,0.49,0.43966037034988403,0.4088103771209717,0.44126951694488525,0.44500255584716797,0.4399704337120056,0.4404974579811096
1132,19,0.3121335804462433,158,0.5017994828522205,0.587099536259969,0.24376731301939059,0.1447727084159851,0.19346332550048828,0.17388850450515747,0.12093150615692139,0.16679537296295166,0.14079171419143677
1133,13,0.32561931014060974,77,0.3961692253748576,0.558488181233406,0.8698224852071006,0.6293846368789673,0.5366771221160889,0.6030051708221436,0.5997909903526306,0.6107274293899536,0.5912694334983826
1134,14,0.1811283677816391,126,0.6857176025708517,0.5262371680953286,0.35714285714285715,0.3139886260032654,0.3399549126625061,0.32736170291900635,0.36733072996139526,0.30525702238082886,0.35417646169662476
1135,22,0.10265886038541794,154,0.7365763253635831,0.6000354610956632,0.5805785123966942,0.1780916452407837,0.15678131580352783,0.17217421531677246,0.19549137353897095,0.17599165439605713,0.1922937035560608
1136,9,0.10331132262945175,112,0.9497107714414597,0.755869734287262,0.07407407407407407,0.5942931175231934,0.6222425699234009,0.6050214171409607,0.6179620623588562,0.602508008480072,0.621005654335022
1137,10,0.1044289618730545,128,0.9883481661478678,0.37306051328778267,0.78,0.36409151554107666,0.35676145553588867,0.36083030700683594,0.36221379041671753,0.36366724967956543,0.3679124712944031
1138,22,0.24941881000995636,80,1.479543795188268,0.558770876377821,0.8925619834710744,0.6017314791679382,0.10432124137878418,0.514453649520874,0.5832573175430298,0.4772226810455322,0.5988575220108032
1139,6,0.24055437743663788,131,1.1591242849826813,0.884803581982851,1.0,0.11734205484390259,-0.030691862106323242,0.12141472101211548,0.11910021305084229,0.11995542049407959,0.11815899610519409
1140,21,0.3456003963947296,36,0.9401832719643911,0.4835750195715163,0.009070294784580499,0.38447242975234985,0.6603295803070068,0.2651370167732239,0.5059040784835815,0.20469141006469727,0.5015771389007568
1141,9,0.2879510223865509,64,1.0381787419319153,0.456697054207325,0.37037037037037035,0.4026094675064087,0.4376426935195923,0.3875184655189514,0.4126623868942261,0.409662663936615,0.39789557456970215
1142,24,0.15491871535778046,104,1.1080984208318923,0.5842579344908396,0.7517361111111112,0.7835704684257507,0.6796526908874512,0.7682253122329712,0.734101414680481,0.7921121716499329,0.762008011341095
1143,25,0.1703033447265625,66,0.6877073869109154,0.5786277176368804,0.5296,0.13641196489334106,-0.07279014587402344,0.12286728620529175,0.15787816047668457,0.12953543663024902,0.10981535911560059
1144,25,0.12782694399356842,123,1.380505185860854,0.47043996180097264,0.008,0.5337852239608765,0.5770161151885986,0.5441446304321289,0.5492388010025024,0.5450873970985413,0.5481492280960083
1145,13,0.19115877151489258,53,0.5485862096150717,0.4101884126663208,0.8757396449704142,0.501596987247467,0.4680975675582886,0.49415844678878784,0.5096433162689209,0.5018244981765747,0.5106126666069031
1146,9,0.21016934514045715,178,1.8975483775138855,0.4718067745367686,0.7654320987654321,0.17049497365951538,0.06147485971450806,0.17672574520111084,0.18428337574005127,0.1814139485359192,0.1749780774116516
1147,22,0.37056997418403625,134,1.2366225495934486,0.6914300686783261,0.9855371900826446,0.5269208550453186,0.5051429867744446,0.5184929370880127,0.504475474357605,0.5251513719558716,0.5030151605606079
1148,8,0.1499045044183731,137,0.5931292235851288,0.5953984260559082,0.359375,-0.029335498809814453,-0.012864232063293457,-0.032550930976867676,-0.018233776092529297,-0.03280770778656006,-0.023766636848449707
1149,25,0.3875475525856018,46,2.4238750338554382,0.5917162163102109,0.712,0.9512559175491333,0.9346039295196533,0.9154226779937744,0.8996917605400085,0.9192638397216797,0.9427090287208557
1150,19,0.1263391375541687,152,1.197708673775196,0.5042043314738707,0.3878116343490305,0.8150216341018677,0.656404972076416,0.7956977486610413,0.7932316064834595,0.8032015562057495,0.7967292070388794
1151,8,0.38982877135276794,19,1.6155157387256622,0.4661688543856144,0.921875,0.24647223949432373,0.07722580432891846,0.2563745379447937,0.1400884985923767,0.28816068172454834,0.1997309923171997
1152,24,0.1423419564962387,123,0.8964026388194826,0.6270025253295899,0.8194444444444444,0.9136980772018433,0.8086103200912476,0.9142732620239258,0.9142115116119385,0.9155824184417725,0.9154975414276123
1153,6,0.16237272322177887,73,0.5514351427555084,0.666930208603541,0.6944444444444444,0.005412578582763672,0.012243926525115967,0.010765314102172852,0.018438100814819336,0.006258070468902588,0.004580318927764893
1154,14,0.21608825027942657,123,0.9511677697300911,0.5434130072593689,0.12755102040816327,0.20770591497421265,0.27065080404281616,0.23255735635757446,0.24356669187545776,0.24736851453781128,0.2423064112663269
1155,13,0.3069817125797272,154,1.796759694814682,0.3724546564949883,0.7692307692307693,0.7961570024490356,0.692541241645813,0.8008643984794617,0.7947795391082764,0.7973225712776184,0.7972928285598755
1156,13,0.20869453251361847,125,0.6723175942897797,0.5428418354554609,0.7988165680473372,0.6879942417144775,0.6389954090118408,0.6857537031173706,0.6821225881576538,0.6890788078308105,0.6878542900085449
1157,24,0.10556379705667496,169,1.2257284025351207,0.6991793720258607,0.7899305555555556,0.45117509365081787,0.08654886484146118,0.4437140226364136,0.4066927433013916,0.42511576414108276,0.4497625231742859
1158,24,0.3087546229362488,67,0.769766490906477,0.6185841083526611,0.2170138888888889,0.7961423993110657,0.7662402987480164,0.8208295702934265,0.8343780040740967,0.8083906173706055,0.8146349191665649
1159,19,0.12453431636095047,189,1.4031954526901245,0.5148314333387783,0.1634349030470914,0.5290096998214722,0.5184001922607422,0.5314739942550659,0.5175679326057434,0.5370770692825317,0.5342113971710205
1160,24,0.13256950676441193,53,0.9830379287401835,0.5520479364527596,0.5572916666666666,0.828932523727417,0.7483301162719727,0.8148341178894043,0.8165552020072937,0.8164158463478088,0.8248130083084106
1161,3,0.11174556612968445,33,1.0978455543518066,0.23152783513069153,0.8888888888888888,0.6577329635620117,0.6296216249465942,0.6603362560272217,0.6637320518493652,0.6625641584396362,0.6601730585098267
1162,24,0.14725294709205627,31,0.9429122269153595,0.5801735685059899,0.8090277777777778,0.3780564069747925,-0.06123697757720947,0.40013015270233154,0.31449973583221436,0.39317065477371216,0.3737199902534485
1163,18,0.3330470025539398,151,1.4736663699150085,0.48673451053244726,0.4845679012345679,0.6533948183059692,0.7696508765220642,0.5714812874794006,0.6759322881698608,0.5714802742004395,0.6592000722885132
1164,9,0.2608444392681122,17,0.8520332276821136,0.7091248567615237,0.32098765432098764,0.2388707995414734,0.297626256942749,0.1669522523880005,0.3026784062385559,0.17445170879364014,0.30700671672821045
1165,19,0.3790762424468994,71,0.47769489884376526,0.6694752471521497,0.850415512465374,0.4976879358291626,0.22267383337020874,0.5006284713745117,0.4814903140068054,0.4640304446220398,0.4113859534263611
1166,9,0.11277316510677338,106,0.8970269834001859,0.4186895787715912,0.6790123456790124,0.031074464321136475,0.11923229694366455,0.03748607635498047,0.01634538173675537,0.045285165309906006,0.026023447513580322
1167,17,0.18600691854953766,27,0.48150635957717897,0.6066339624424776,0.8131487889273357,0.020105600357055664,0.0155448317527771,0.017209768295288086,0.004014134407043457,0.01173478364944458,0.010331034660339355
1168,9,0.29037559032440186,94,0.4935706965625286,0.4935913681983948,0.2716049382716049,0.5093855857849121,0.5305142402648926,0.492536723613739,0.5241940021514893,0.4955296516418457,0.5262312889099121
1169,23,0.3717558979988098,158,0.8233798667788506,0.485369548201561,0.7051039697542533,0.744926393032074,0.6775827407836914,0.7422630786895752,0.7275093197822571,0.7484291791915894,0.7345248460769653
1170,9,0.3090786933898926,136,1.281494915485382,0.6099714785814285,0.16049382716049382,0.6353027820587158,0.43844807147979736,0.6293417811393738,0.6480779647827148,0.6294012069702148,0.6188674569129944
1171,14,0.189548522233963,111,0.981029337644577,0.4746902601586448,0.8979591836734694,-0.08249664306640625,-0.07854855060577393,-0.06716024875640869,-0.0576246976852417,-0.06135702133178711,-0.07272052764892578
1172,19,0.38114145398139954,92,1.0359906256198883,0.5872252539676779,0.518005540166205,0.5474622845649719,0.3216654658317566,0.457522988319397,0.4180667996406555,0.4743781089782715,0.469776451587677
1173,19,0.19340874254703522,134,0.7489752650260926,0.5378574856689998,0.6703601108033241,0.3102049231529236,0.21573424339294434,0.3194097876548767,0.29601359367370605,0.3066411018371582,0.3057292103767395
1174,22,0.1878088414669037,120,1.1977485567331314,0.5216424892346064,0.5826446280991735,0.4460660219192505,0.20605456829071045,0.4442291855812073,0.43616169691085815,0.44898778200149536,0.41507238149642944
1175,21,0.21719340980052948,68,1.7052110135555267,0.6273164959514842,0.05668934240362812,0.8869123458862305,0.9175364971160889,0.8873165249824524,0.8972011804580688,0.887170672416687,0.896598219871521
1176,23,0.196359783411026,124,1.37608288867133,0.8077533626928926,0.09073724007561437,0.5089976787567139,0.5001237392425537,0.5149984359741211,0.5146075487136841,0.5266943573951721,0.5181812047958374
1177,16,0.25311359763145447,85,0.952426366508007,0.4929356401165326,0.62109375,0.6651169061660767,0.437397837638855,0.6386399865150452,0.5910905003547668,0.645161509513855,0.6075137853622437
1178,19,0.28261515498161316,62,0.9849086403846741,0.5341825344983269,0.6980609418282548,0.6949741244316101,0.5993425846099854,0.6781983971595764,0.6879831552505493,0.6738835573196411,0.6608424186706543
1179,6,0.2512662708759308,65,1.1023063659667969,0.7255460222562155,0.1111111111111111,0.8952715396881104,0.8976086974143982,0.894981324672699,0.893553614616394,0.89639812707901,0.893837571144104
1180,8,0.24454368650913239,171,1.7425913363695145,0.8477930165827274,0.078125,0.8085057139396667,0.8407183885574341,0.8159751296043396,0.8364168405532837,0.7970519065856934,0.8261750936508179
1181,12,0.19281086325645447,113,0.9555293172597885,0.5693737715482712,0.25,0.13543790578842163,0.12846636772155762,0.12515723705291748,0.17307865619659424,0.11516261100769043,0.16825145483016968
1182,19,0.16973482072353363,31,1.2605789204438527,0.5390290338546038,0.26038781163434904,0.024628281593322754,0.23368632793426514,0.015097260475158691,0.19083768129348755,0.014951944351196289,0.16816818714141846
1183,5,0.3686525225639343,38,1.4491066535313923,0.7068310678005219,0.56,0.017013490200042725,-0.01061856746673584,0.026444196701049805,0.03186553716659546,0.017919838428497314,0.031262874603271484
1184,6,0.19656342267990112,141,1.276774249970913,0.21594900637865067,0.05555555555555555,-0.015416741371154785,-0.025437355041503906,-0.0118943452835083,-0.034470438957214355,-0.021322011947631836,-0.015878677368164062
1185,14,0.21194204688072205,38,1.4352287352085114,0.6281463280320168,0.6785714285714286,0.8899612426757812,0.8907098174095154,0.8985714912414551,0.8883165121078491,0.898666262626648,0.8927765488624573
1186,5,0.1303243637084961,72,0.953093871474266,0.7499356269836426,0.56,0.11861836910247803,0.03281015157699585,0.12744981050491333,0.14625966548919678,0.11867183446884155,0.15156811475753784
1187,5,0.22377276420593262,127,1.28194922208786,0.2797531485557556,0.56,0.8106744885444641,0.8127105832099915,0.8118799924850464,0.8129032254219055,0.8116474747657776,0.8104860782623291
1188,13,0.36048492789268494,74,0.424866259098053,0.5138714149594307,0.9112426035502958,0.31867361068725586,0.3202615976333618,0.31624674797058105,0.323974072933197,0.3174794316291809,0.32958847284317017
1189,7,0.17442333698272705,30,0.5730111226439476,0.5958084662755331,0.3673469387755102,0.021411240100860596,-0.041838765144348145,0.010610997676849365,0.002460181713104248,0.003856480121612549,0.01085585355758667
1190,6,0.19298198819160461,177,0.7338347633679708,0.29066210488478345,0.7222222222222222,-0.01760077476501465,-0.017007946968078613,-0.02387988567352295,-0.023456811904907227,-0.0163726806640625,-0.016835927963256836
1191,16,0.1330372542142868,155,0.7201366901397706,0.569833676923405,0.59375,-0.02182316780090332,-0.03950941562652588,-0.012623906135559082,-0.014967083930969238,-0.01633155345916748,-0.013605952262878418
1192,16,0.14920443296432495,125,1.0107503334681194,0.8944022144590106,0.79296875,-0.0064449310302734375,-0.004557132720947266,-0.00525212287902832,1.2695789337158203e-05,-0.00422358512878418,-0.0032689571380615234
1193,24,0.31471362709999084,114,0.794248029589653,0.4865274564786391,0.9322916666666666,0.2609124183654785,-0.05286550521850586,0.2593403458595276,0.1450919508934021,0.2516818046569824,0.21107876300811768
1194,14,0.18053504824638367,105,0.9421932160854339,0.7931144916348987,0.3673469387755102,0.005027949810028076,-0.0032314062118530273,0.004660248756408691,0.016716718673706055,0.0013550519943237305,0.01672375202178955
1195,15,0.14724940061569214,148,1.2909916987021763,0.4609534872902764,0.013333333333333334,0.3536568880081177,0.34492963552474976,0.3501133918762207,0.3533692955970764,0.34497249126434326,0.35494011640548706
1196,11,0.21232585608959198,172,1.27486412525177,0.42634247491757077,0.5702479338842975,0.795714259147644,0.7219799757003784,0.780198335647583,0.7596514821052551,0.7664999961853027,0.7614935636520386
1197,17,0.37492987513542175,58,0.915745884180069,0.6493214348951976,0.2664359861591695,0.09570437669754028,0.12984943389892578,0.12716877460479736,0.13431942462921143,0.14225715398788452,0.12488067150115967
1198,19,0.17922146618366241,17,1.0830003534044539,0.5247940855721632,0.22714681440443213,0.025798916816711426,0.03950375318527222,0.05561906099319458,0.09048020839691162,0.09246701002120972,0.1743425726890564
1199,19,0.2052348107099533,119,1.2940837570599146,0.8557985375324885,0.00554016620498615,0.1911967396736145,0.16191160678863525,0.2151702642440796,0.19989848136901855,0.20387518405914307,0.19830858707427979
1200,22,0.17798592150211334,174,0.8006282789366586,0.4680983463923136,0.2706611570247934,0.7880487442016602,0.7710850238800049,0.7910178899765015,0.7874627113342285,0.7873038053512573,0.785211443901062
1201,17,0.17031116783618927,196,0.9275311827659607,0.6466954831893628,0.9584775086505191,0.015254437923431396,-0.02160656452178955,0.019037902355194092,0.02901601791381836,0.024971306324005127,0.02077782154083252
1202,23,0.3785007894039154,16,1.0103370000918706,0.6214347571134567,0.001890359168241966,0.2884836792945862,0.40287673473358154,0.26782137155532837,0.2516334056854248,0.2750851511955261,0.1565927267074585
1203,15,0.29349690675735474,61,2.0313820838928223,0.7760556909171018,0.8622222222222222,0.6842440366744995,0.44562458992004395,0.6604616641998291,0.726006031036377,0.6566876769065857,0.6732001900672913
1204,20,0.392527312040329,152,1.1453231871128082,0.4954534735944536,0.9325,0.6930293440818787,0.5524171590805054,0.6858487129211426,0.6188194751739502,0.6863768100738525,0.6268756985664368
1205,21,0.29527243971824646,50,0.836714893579483,0.615864473912451,0.35147392290249435,0.6830134987831116,0.750569760799408,0.7092298865318298,0.7434806823730469,0.7273586988449097,0.6934616565704346
1206,11,0.2886829078197479,127,1.8309000531832378,0.7049839124083519,0.5206611570247934,0.876908004283905,0.860701858997345,0.7886773943901062,0.8579900860786438,0.8161938190460205,0.8715744614601135
1207,16,0.37201133370399475,167,0.24461764842271805,0.5947262857641492,0.73828125,0.3613503575325012,0.13189148902893066,0.299221932888031,0.22491103410720825,0.2722470760345459,0.3137175440788269
1208,10,0.15206243097782135,60,0.8577284961938858,0.6135983616113663,0.99,0.02375054359436035,0.029811322689056396,0.018657326698303223,0.036485135555267334,0.016811788082122803,0.021671831607818604
1209,18,0.1483115702867508,169,1.22715263068676,0.42124525308609007,0.26851851851851855,0.0049013495445251465,0.01185309886932373,0.004791855812072754,0.009817957878112793,0.003758370876312256,0.010173559188842773
1210,14,0.34849873185157776,21,1.1613234758377076,0.5197179797622893,0.8877551020408163,0.3861624598503113,0.1210218071937561,0.31999266147613525,0.2795834541320801,0.2633250951766968,0.21458423137664795
1211,24,0.23459158837795258,62,1.043635127445062,0.8131950928105248,0.2638888888888889,0.5191003680229187,0.5486056208610535,0.5003299713134766,0.5914548635482788,0.4877954125404358,0.5657593011856079
1212,3,0.39700043201446533,198,1.053017258644104,0.3960534930229187,0.6666666666666666,0.721253514289856,0.6022409796714783,0.7211188077926636,0.722610592842102,0.7207300662994385,0.7242131233215332
1213,14,0.1841290295124054,195,0.9192753434181213,0.3512303903698921,0.5102040816326531,0.07899254560470581,0.053896546363830566,0.08072596788406372,0.034462153911590576,0.08058035373687744,0.020243048667907715
1214,16,0.14795029163360596,43,1.0403729251452856,0.5699767669041952,0.69921875,0.2905294895172119,-0.09335243701934814,0.27471280097961426,0.21086686849594116,0.31516462564468384,0.26817214488983154
1215,11,0.20234383642673492,20,0.6611369649569193,0.5332003086805344,0.32231404958677684,0.0054680705070495605,-0.018329143524169922,0.004687130451202393,0.02414262294769287,0.004222452640533447,0.010668039321899414
1216,9,0.20789673924446106,105,0.8127361138661703,0.7430790066719055,0.037037037037037035,0.21169686317443848,0.2453709840774536,0.2331310510635376,0.23711365461349487,0.20667582750320435,0.24065887928009033
1217,22,0.386755108833313,142,1.1228094696998596,0.638540085993315,0.3739669421487603,0.7804596424102783,0.8175677061080933,0.7496304512023926,0.743675172328949,0.7461065649986267,0.7530551552772522
1218,12,0.28245463967323303,129,0.8257000893354416,0.5523196253925562,0.7430555555555556,0.9132927656173706,0.8968473672866821,0.9066102504730225,0.9048252105712891,0.9051872491836548,0.9089598655700684
1219,15,0.2802720367908478,115,1.2629111579486303,0.6542211621999741,0.6266666666666667,0.6247159242630005,0.18323767185211182,0.6263155937194824,0.6154527068138123,0.6051229238510132,0.6268423795700073
1220,11,0.23135708272457123,51,1.24532750248909,0.6470923324426016,0.2975206611570248,0.338906466960907,0.3917825222015381,0.3203583359718323,0.3574026823043823,0.3270608186721802,0.34099191427230835
1221,16,0.22163890302181244,175,1.6073815375566483,0.6766251524289449,0.15234375,0.06112217903137207,0.16713160276412964,0.06170952320098877,0.15697050094604492,0.03405708074569702,0.11877179145812988
1222,10,0.3141127824783325,43,0.8007813990116119,0.554524635275205,0.98,0.48027777671813965,0.5741702318191528,0.47715646028518677,0.48181211948394775,0.4712095260620117,0.4836668372154236
1223,10,0.22084009647369385,10,1.4534532994031906,0.4646753638982773,0.3,0.8391299247741699,0.8387055397033691,0.8347429037094116,0.7921456694602966,0.84129798412323,0.8357328176498413
1224,22,0.3328612446784973,143,2.138799011707306,0.6853941015899181,0.7747933884297521,0.3441650867462158,0.22447288036346436,0.3475490212440491,0.4101434350013733,0.32207047939300537,0.3797496557235718
1225,6,0.22332236170768738,152,1.1963892579078674,0.4359179139137268,1.0,0.6807485818862915,0.5346624851226807,0.6812977194786072,0.6807105541229248,0.6806795001029968,0.6823426485061646
1226,9,0.3479142189025879,42,0.6744692325592041,0.6194585512081782,0.9135802469135802,-0.011072874069213867,-0.05429887771606445,-0.008879423141479492,-0.045838117599487305,-0.009770035743713379,-0.0423198938369751
1227,22,0.196982741355896,53,0.8560845802227656,0.4852156909182668,0.20041322314049587,0.5640779137611389,0.5639026165008545,0.43182533979415894,0.5300851464271545,0.4266543388366699,0.5238620638847351
1228,21,0.3010169565677643,21,0.24419549107551575,0.4814019501209259,0.746031746031746,-0.020428061485290527,-0.04846072196960449,-0.01475214958190918,-0.0159761905670166,-0.028458237648010254,-0.0020602941513061523
1229,4,0.21046118438243866,102,1.577197790145874,0.7344743311405182,0.4375,-0.029643654823303223,0.01801609992980957,-0.04053092002868652,0.01769155263900757,-0.02757585048675537,0.0197104811668396
1230,20,0.18965737521648407,44,1.074342515733507,0.7124769714745608,0.255,-4.184246063232422e-05,0.19599103927612305,-0.0022122859954833984,0.055651187896728516,-0.007438063621520996,0.021059095859527588
1231,13,0.31016600131988525,134,0.45667675137519836,0.677451794797724,0.3254437869822485,0.8289725184440613,0.295915424823761,0.8175956010818481,0.7763413786888123,0.8074799180030823,0.7929095029830933
1232,11,0.1380757838487625,134,0.8747454702854156,0.8461859176556269,0.8677685950413223,0.767501950263977,0.7453688383102417,0.7651827931404114,0.7731942534446716,0.7666748762130737,0.7788208723068237
1233,25,0.13867348432540894,52,1.6366360902786254,0.48204854428768157,0.9728,0.6319600343704224,0.3965052366256714,0.6404712200164795,0.5873590707778931,0.6340738534927368,0.6211302876472473
1234,14,0.12993332743644714,135,0.46912259235978127,0.8689382846156756,0.015306122448979591,-0.0018169879913330078,0.016746461391448975,-0.0020841360092163086,0.01652240753173828,-0.005966067314147949,0.025823533535003662
1235,23,0.30056044459342957,17,1.080150067806244,0.7123203135672069,0.7561436672967864,0.5643786787986755,0.5895981788635254,0.5132520198822021,0.554639458656311,0.4955828785896301,0.5547912120819092
1236,17,0.10947228968143463,70,1.5291290779908497,0.6470902507955377,0.2560553633217993,0.14783638715744019,0.22692131996154785,-0.010407805442810059,0.2108227014541626,-0.014926791191101074,0.18305182456970215
1237,7,0.2454293966293335,126,1.78531813621521,0.4845256308714549,0.6326530612244898,0.7902345657348633,0.09702014923095703,0.7888919115066528,0.7886301875114441,0.7882142663002014,0.7907755374908447
1238,10,0.3066534101963043,52,0.39442960917949677,0.539119178429246,0.97,0.6306504607200623,0.154374897480011,0.521803617477417,0.5291392207145691,0.530126690864563,0.5025348663330078
1239,8,0.28542765974998474,70,0.9252819617589315,0.5692608296871186,0.625,0.6324390172958374,0.3851494789123535,0.6526256799697876,0.6326637864112854,0.6423518657684326,0.6348971724510193
1240,13,0.11145485192537308,172,0.7769324431816736,0.7149441412517002,0.6923076923076923,0.5569719076156616,0.4739164710044861,0.5477359294891357,0.5279223918914795,0.5516798496246338,0.5551832914352417
1241,21,0.3396138846874237,100,1.7848642468452454,0.4780068115184182,0.4897959183673469,0.4177585244178772,0.2534007430076599,0.3961840271949768,0.4212598204612732,0.38966673612594604,0.4200240969657898
1242,11,0.13164858520030975,102,0.764603340625763,0.5643915683031082,0.15702479338842976,0.6495459079742432,0.6541992425918579,0.6494532823562622,0.6511231064796448,0.6663606762886047,0.6421297788619995
1243,3,0.19212450087070465,194,0.23518118262290955,0.42538969218730927,0.3333333333333333,0.03395235538482666,0.028765618801116943,0.028521597385406494,0.02493804693222046,0.029598653316497803,0.015536725521087646
1244,7,0.2958630323410034,12,1.0226496458053589,0.8226876258850098,0.40816326530612246,-0.053247928619384766,-0.09492945671081543,-0.03368985652923584,-0.14223289489746094,-0.06141304969787598,-0.04583323001861572
1245,4,0.328844279050827,51,1.0161031782627106,0.40522006154060364,0.5625,0.30877751111984253,0.18684536218643188,0.3072277307510376,0.3138539791107178,0.3054158091545105,0.3202911615371704
1246,10,0.32131698727607727,53,1.0037967562675476,0.43469464991773876,0.68,0.6636878252029419,0.46242469549179077,0.651570200920105,0.6418465375900269,0.6317710876464844,0.6748170852661133
1247,15,0.39522549510002136,78,1.586435317993164,0.43833882762835574,0.18666666666666668,0.7857632637023926,0.8213084936141968,0.7828103303909302,0.7949594259262085,0.7745901942253113,0.7892407178878784
1248,21,0.19404369592666626,104,0.6110285937786102,0.7452821927145123,0.12698412698412698,0.29012906551361084,0.27323830127716064,0.26920318603515625,0.26759934425354004,0.2642229199409485,0.2705729007720947
1249,17,0.2870452404022217,46,1.2344765067100525,0.4864651103814443,0.4844290657439446,0.6291576027870178,0.5900214314460754,0.621630072593689,0.6911965608596802,0.6359562873840332,0.6627040505409241
1250,18,0.2831827700138092,81,1.3040296236673992,0.6104643881320954,0.4567901234567901,0.715825080871582,0.7640969753265381,0.6577256917953491,0.7042919397354126,0.6347846388816833,0.5975114703178406
1251,18,0.11085370182991028,90,1.0220815969838037,0.7050365838739607,0.30864197530864196,0.7267928719520569,0.7129026651382446,0.7268941402435303,0.7211710810661316,0.7258305549621582,0.7211750745773315
1252,14,0.11317943781614304,44,0.8348689890570111,0.8101505100727081,0.08673469387755102,-0.26505839824676514,-0.22858047485351562,-0.28283727169036865,-0.12366533279418945,-0.2682551145553589,-0.21415400505065918
1253,18,0.3382795453071594,79,0.4726273790001869,0.6924009714275599,0.8611111111111112,0.45046472549438477,0.18887853622436523,0.4578057527542114,0.4622870683670044,0.44832420349121094,0.4410974383354187
1254,23,0.2333177626132965,48,0.7418849865595499,0.4499963827431202,0.07183364839319471,0.6456419229507446,0.5879719853401184,0.5659210681915283,0.6421800851821899,0.5856339931488037,0.6503915786743164
1255,21,0.36162903904914856,141,0.8627534508705139,0.6732517104399832,0.4126984126984127,0.8709110021591187,0.836726725101471,0.8436639308929443,0.8437231183052063,0.8349642157554626,0.8214643001556396
1256,22,0.2505057156085968,162,0.6867488225301107,0.7092990498793753,0.25,-0.059003233909606934,0.012563943862915039,-0.023785829544067383,0.04190254211425781,0.05884319543838501,0.0060065388679504395
1257,25,0.2026851922273636,133,1.8290141701698304,0.5883078292012215,0.44,0.8305526971817017,0.8039875030517578,0.817282497882843,0.8203587532043457,0.8204201459884644,0.814297616481781
1258,24,0.3241713047027588,110,0.739527016878128,0.6076286200966153,0.8697916666666666,0.8888530731201172,0.7247517108917236,0.881803035736084,0.8794409036636353,0.8785607814788818,0.8804714679718018
1259,11,0.23467884957790375,5,1.1637192726135255,0.4359402408202489,0.7768595041322314,0.11210179328918457,-0.015305519104003906,0.11688822507858276,0.1730453372001648,0.051046133041381836,0.10783714056015015
1260,14,0.2390226572751999,38,0.9984049409627914,0.5379736688401964,0.75,0.7851316928863525,0.7387877702713013,0.777862012386322,0.7513192892074585,0.7904796600341797,0.7732501029968262
1261,4,0.13263098895549774,92,0.4978094200293223,0.2845911979675293,0.6875,-0.016643762588500977,-0.005907654762268066,-0.003743886947631836,-0.001176595687866211,-0.01951885223388672,0.00486522912979126
1262,19,0.18625319004058838,123,1.0858800113201141,0.7614201294879118,0.09418282548476455,0.479047954082489,0.49768030643463135,0.4770221710205078,0.4867769479751587,0.47176408767700195,0.493799090385437
1263,24,0.24826668202877045,171,0.9147803008556366,0.5655284155356256,0.9635416666666666,0.10755699872970581,0.056740522384643555,0.0983201265335083,0.04209399223327637,0.06280124187469482,0.08725637197494507
1264,23,0.39659059047698975,163,2.293142795562744,0.4080607153120495,0.2438563327032136,0.8503879308700562,0.8420178294181824,0.8246475458145142,0.8433464169502258,0.8238315582275391,0.8159071207046509
1265,25,0.11172579973936081,148,0.6737977266311646,0.5930086920658747,0.2192,0.48928046226501465,0.48205411434173584,0.5322909355163574,0.5319446921348572,0.5150196552276611,0.5297566652297974
1266,5,0.15470993518829346,132,0.9888752897580465,0.5732974410057068,0.64,0.5251818895339966,0.35257476568222046,0.5180310010910034,0.5275487303733826,0.48785513639450073,0.5350197553634644
1267,19,0.37705931067466736,43,1.0235682129859924,0.4767589981065077,0.5484764542936288,0.2886902689933777,0.2540837526321411,0.2117377519607544,0.3135331869125366,0.24639439582824707,0.27492600679397583
1268,4,0.31353724002838135,22,0.5837071537971497,0.3292926922440529,1.0,0.6204864382743835,0.3178883194923401,0.6176851987838745,0.6289703845977783,0.6218861937522888,0.6209511756896973
1269,11,0.25258854031562805,111,0.66852006316185,0.54266800545156,0.17355371900826447,0.06251108646392822,0.01623934507369995,0.049592554569244385,0.08824348449707031,0.05045139789581299,0.04441797733306885
1270,19,0.3436930775642395,141,0.33284420520067215,0.5398341066697064,0.6509695290858726,0.1695713996887207,0.09602278470993042,0.15189391374588013,0.1642053723335266,0.14830350875854492,0.19075459241867065
1271,22,0.1363716721534729,180,1.2360313435395558,0.712291310612972,0.78099173553719,0.9131671786308289,0.8468093872070312,0.9032829403877258,0.9028094410896301,0.9084945321083069,0.9042907953262329
1272,19,0.34802383184432983,69,0.49764975905418396,0.6409416464822633,0.12465373961218837,0.6953811645507812,0.6828058362007141,0.6986277103424072,0.6775983572006226,0.701306164264679,0.6931654214859009
1273,11,0.35278692841529846,49,0.9271424810091654,0.8411963246762753,0.2396694214876033,0.9543002247810364,0.9129108786582947,0.9457221031188965,0.9312088489532471,0.9354453086853027,0.9435846209526062
1274,19,0.3347707688808441,17,1.0773048773407936,0.4917305548985799,0.33240997229916897,0.06696122884750366,0.051148414611816406,0.04528248310089111,0.012911796569824219,0.050501227378845215,-0.020369768142700195
1275,6,0.17006869614124298,145,1.0967171788215637,0.9550753831863403,1.0,0.1791953444480896,0.11346864700317383,0.18006855249404907,0.17530643939971924,0.17826449871063232,0.1763310432434082
1276,24,0.1051952987909317,196,0.8849889978766441,0.5120327270456723,0.4982638888888889,-0.04850649833679199,-0.08213412761688232,-0.043154239654541016,-0.04071331024169922,-0.04152655601501465,-0.04364728927612305
1277,3,0.2629499137401581,157,0.704927533864975,1.1311715841293335,0.2222222222222222,0.022970914840698242,0.0185663104057312,0.02187061309814453,0.020308494567871094,0.02091139554977417,0.01777350902557373
1278,25,0.15544171631336212,99,1.605071450982775,0.586201023724344,0.7408,0.4358394145965576,0.18157958984375,0.4107860326766968,0.45680493116378784,0.43265730142593384,0.4763404130935669
1279,16,0.22313372790813446,184,1.0756242871284485,0.609464181959629,0.8359375,0.9068751335144043,0.8716863393783569,0.9064453840255737,0.9063142538070679,0.9057186245918274,0.9015597701072693
1280,17,0.16530165076255798,13,0.9620706140995026,0.5766696929931641,0.24567474048442905,-0.013950467109680176,0.10284703969955444,0.07417094707489014,0.09691572189331055,0.038285136222839355,0.18860715627670288
1281,12,0.2619267404079437,83,0.6393011286854744,0.47528387792408466,0.5,-0.038445472717285156,-0.03911709785461426,-0.03468310832977295,-0.06588554382324219,-0.03960740566253662,-0.06772494316101074
1282,17,0.12092790007591248,22,1.144086316227913,0.4000590576065911,0.8546712802768166,0.6350772976875305,0.15626919269561768,0.6454513072967529,0.6431668996810913,0.6365542411804199,0.6418164968490601
1283,5,0.1771061271429062,157,0.7191944519678751,0.489544153213501,0.0,0.19912219047546387,0.19649022817611694,0.19739365577697754,0.2012205719947815,0.1952148675918579,0.1965520977973938
1284,17,0.38508105278015137,138,0.7258431315422058,0.5363245404192379,0.15570934256055363,0.7639950513839722,0.7707396745681763,0.758163571357727,0.7629753351211548,0.7460635900497437,0.753231942653656
1285,24,0.21280543506145477,188,1.1558796614408493,0.46053294986486437,0.2951388888888889,0.2228493094444275,0.23183858394622803,0.22205638885498047,0.2225446105003357,0.22210389375686646,0.22540277242660522
1286,12,0.12344895303249359,143,0.8685716731207711,0.617468672990799,0.5555555555555556,0.7333711981773376,0.7431575655937195,0.7331336736679077,0.7302721738815308,0.73406982421875,0.7356125116348267
1287,11,0.11976593732833862,138,0.6982684383789698,0.40939658880233765,0.7851239669421488,0.1930343508720398,0.03266799449920654,0.1873176097869873,0.18309003114700317,0.1912420392036438,0.2066488265991211
1288,8,0.12578029930591583,195,0.7704875230789184,1.1576811174551647,0.546875,0.24854713678359985,0.239122211933136,0.24644851684570312,0.23929333686828613,0.24600619077682495,0.24435114860534668
1289,21,0.21949326992034912,78,1.2347228229045868,0.4753280395970625,0.9841269841269841,0.8533580899238586,0.7567507028579712,0.8552323579788208,0.8436292409896851,0.8552868366241455,0.8580807447433472
1290,24,0.33298197388648987,119,1.393756131331126,0.5802832600616273,0.140625,0.6208547949790955,0.6997963786125183,0.5285999774932861,0.6370574235916138,0.44990479946136475,0.6237863898277283
1291,23,0.1315242499113083,16,1.3435020191328866,0.908709429204464,0.665406427221172,0.36555153131484985,0.24480128288269043,0.3846767544746399,0.4395408034324646,0.3775624632835388,0.4304511547088623
1292,21,0.14308981597423553,150,0.5899153873324394,0.5232880883491956,0.8480725623582767,0.3700893521308899,0.11870449781417847,0.3735140562057495,0.3554237484931946,0.36959773302078247,0.3698577284812927
1293,12,0.11210530996322632,17,0.8333431531985601,0.6008354524771372,0.8125,0.5891420841217041,-0.11672985553741455,0.5785554647445679,0.6387342214584351,0.5866203308105469,0.6248617172241211
1294,11,0.1147068589925766,170,0.7350028504927953,0.5693806529045105,0.6776859504132231,0.4442160725593567,0.40829718112945557,0.4431939125061035,0.44720029830932617,0.44838953018188477,0.4458143711090088
1295,15,0.18238438665866852,145,1.0633548100789387,0.6554233729839325,0.49777777777777776,0.5836860537528992,0.5662876963615417,0.5785315036773682,0.5857693552970886,0.5801445245742798,0.5784735083580017
1296,20,0.1236250251531601,139,0.8090583011507988,0.7326201784114043,0.1125,0.18557500839233398,0.13753730058670044,0.19438809156417847,0.18983978033065796,0.18943184614181519,0.19531142711639404
1297,15,0.37372371554374695,79,0.7831903398036957,0.4954447322166883,0.40444444444444444,0.4851570725440979,0.23648065328598022,0.4667772054672241,0.5133018493652344,0.4518672823905945,0.4854985475540161
1298,4,0.2242964804172516,160,0.7601231932640076,0.2821981906890869,0.9375,0.5193004608154297,0.25138598680496216,0.5159022808074951,0.515290379524231,0.5200915336608887,0.5170164704322815
1299,18,0.2968456745147705,77,1.138104776541392,0.6160378317038219,0.2654320987654321,0.5316846370697021,0.4630717635154724,0.5242587327957153,0.5296108722686768,0.5322138071060181,0.5306527614593506
1300,20,0.19818080961704254,54,0.8708591411511103,0.8302839164222989,0.61,0.6044732332229614,0.616619348526001,0.609147310256958,0.6221306324005127,0.6061467528343201,0.6221858263015747
1301,7,0.19492383301258087,193,0.9074616193771362,0.6569375097751617,0.6122448979591837,0.058294594287872314,0.029868125915527344,0.05092364549636841,0.06458640098571777,0.047907114028930664,0.06041055917739868
1302,10,0.2950160503387451,33,1.4542456070582073,0.5812576987913677,0.09,0.13340413570404053,0.19241774082183838,0.08814287185668945,0.156916081905365,0.12164068222045898,0.18801194429397583
1303,21,0.1332782804965973,109,1.2495083553450448,0.7090897347245898,0.3922902494331066,0.5634709000587463,0.580695629119873,0.5652774572372437,0.5564647912979126,0.5639535188674927,0.5633100867271423
1304,18,0.2980209290981293,55,1.4074460119009018,0.7316686574901853,0.8827160493827161,0.5779023170471191,0.47181975841522217,0.5833927392959595,0.5483824014663696,0.5263060331344604,0.5721635818481445
1305,24,0.2328796088695526,186,0.69065972417593,0.5291740231215953,0.3194444444444444,0.7546428442001343,0.5289208889007568,0.6366571187973022,0.652188777923584,0.6343117952346802,0.6206762194633484
1306,21,0.20999479293823242,184,1.0569391995668411,0.6182744818575242,0.4217687074829932,0.3444492816925049,0.09966981410980225,0.3473386764526367,0.32084935903549194,0.347445011138916,0.3353153467178345
1307,24,0.27109092473983765,109,1.2636046806971233,0.6698932974111467,0.4635416666666667,0.5540039539337158,0.5137014985084534,0.5991644859313965,0.5386768579483032,0.6225816011428833,0.5917401909828186
1308,23,0.21874740719795227,21,0.7290669918060303,0.5410900397433175,0.07750472589792061,0.0933491587638855,0.1076890230178833,0.04869687557220459,0.11021536588668823,0.05556070804595947,0.09765374660491943
1309,20,0.17607812583446503,126,1.1460370421409607,0.5924754682928324,0.025,0.6557742357254028,0.6347324848175049,0.6556510925292969,0.6351430416107178,0.6495048999786377,0.6513277888298035
1310,14,0.1586878001689911,39,1.0064848154783248,0.37676700949668884,0.7193877551020408,0.7244619727134705,0.72333824634552,0.7184416055679321,0.7273260354995728,0.7167031168937683,0.7284037470817566
1311,17,0.12388529628515244,162,0.8995107132941484,0.48736271262168884,0.5190311418685121,0.959816038608551,0.8903721570968628,0.9608519077301025,0.956720769405365,0.9598214626312256,0.9562194347381592
1312,6,0.15202991664409637,173,0.6017332176367441,0.5314675023158392,0.3611111111111111,-0.00048613548278808594,-0.01293325424194336,-0.001978635787963867,0.0006408095359802246,-0.0013600587844848633,-0.00043189525604248047
1313,25,0.27501437067985535,47,0.7566759809851646,0.5461891350292024,0.3216,0.7305877208709717,0.7313746213912964,0.7287242412567139,0.7363667488098145,0.7241880297660828,0.7321649789810181
1314,21,0.3877045512199402,132,1.8525336980819702,0.827516706366288,0.20408163265306123,0.01115638017654419,0.018781721591949463,0.018871009349822998,-0.028992891311645508,0.015456080436706543,-0.028679490089416504
1315,16,0.1421305388212204,121,1.4230663299560546,0.523516137491573,0.44140625,0.6900582313537598,0.6890937089920044,0.6914171576499939,0.6935014128684998,0.6916384696960449,0.6963921785354614
1316,11,0.1594998836517334,24,1.02330884039402,0.5458058168490728,0.049586776859504134,0.5669801235198975,0.655553936958313,0.58648282289505,0.6585383415222168,0.5719386339187622,0.6529327034950256
1317,17,0.2698241174221039,11,0.962028980255127,0.4693254626223019,0.889273356401384,-0.18842625617980957,-0.3474048376083374,-0.1843891143798828,-0.3527553081512451,-0.16188442707061768,-0.2278674840927124
1318,18,0.13491016626358032,133,1.3625218212604522,0.8629167899489403,0.8518518518518519,-0.010606765747070312,-0.04175090789794922,-0.010480880737304688,-0.01770615577697754,-0.011561155319213867,-0.007712006568908691
1319,18,0.19423946738243103,87,1.2950907150904338,0.572371780872345,0.28703703703703703,0.2291100025177002,0.1419721245765686,0.2328893542289734,0.22792011499404907,0.23019522428512573,0.2322237491607666
1320,12,0.1297420859336853,2,0.5791805187861124,0.48935703933238983,0.16666666666666666,-0.13330864906311035,-0.17276573181152344,-0.13272976875305176,-0.1775951385498047,-0.14120995998382568,-0.14363574981689453
1321,11,0.19833819568157196,96,0.6920779794454575,0.672455683350563,0.7520661157024794,0.039048969745635986,-0.006061434745788574,0.05196881294250488,0.017685770988464355,0.04883396625518799,0.019006550312042236
1322,25,0.18343117833137512,135,0.8837142661213875,0.5761197159687678,0.0528,0.8035860061645508,0.8070907592773438,0.8011845946311951,0.8103411197662354,0.8021788597106934,0.7801675200462341
1323,3,0.1301826685667038,124,0.985899955034256,0.21731916069984436,0.0,0.9088689088821411,0.9049983024597168,0.9094241857528687,0.8982213139533997,0.9076306819915771,0.9032256603240967
1324,21,0.22497940063476562,146,0.7310513019561767,0.41957030538469553,0.5328798185941043,0.5424375534057617,0.4179264307022095,0.4741284251213074,0.6350783109664917,0.5184898376464844,0.6360586881637573
1325,4,0.2599533796310425,94,0.7164618273576101,0.212217316031456,0.25,0.038481950759887695,0.014715015888214111,0.022256076335906982,0.032582879066467285,0.03124392032623291,0.03330034017562866
1326,25,0.19737625122070312,99,1.2189980298280716,0.5603263065928504,0.024,0.3304527997970581,0.34999752044677734,0.3272594213485718,0.33368849754333496,0.3257768154144287,0.3360987901687622
1327,22,0.16027458012104034,47,1.2166699667771657,0.6265554521232843,0.5413223140495868,0.2567610740661621,0.19902509450912476,0.15633118152618408,0.23409497737884521,0.1953897476196289,0.19453346729278564
1328,16,0.28678563237190247,85,0.9611393734812737,0.4279816771547,0.58984375,0.8606066703796387,0.6701392531394958,0.8606438636779785,0.8599793314933777,0.8562463521957397,0.8453682065010071
1329,7,0.2734396159648895,75,0.5934605598449707,0.4038495302200317,0.08163265306122448,0.18544596433639526,0.22277748584747314,0.18140971660614014,0.21453821659088135,0.19090837240219116,0.23628383874893188
1330,15,0.21335838735103607,70,1.3278437001364571,0.4289067108184099,0.3111111111111111,0.218281090259552,0.2515054941177368,0.23010671138763428,0.25017452239990234,0.2277688980102539,0.2361128330230713
1331,18,0.11097320169210434,110,1.3026927411556244,0.48756260238587856,0.3055555555555556,0.2189551591873169,-0.0021109580993652344,0.2087092399597168,0.22025549411773682,0.22104954719543457,0.19242513179779053
1332,6,0.3360587954521179,188,1.313041552901268,0.40876440331339836,0.05555555555555555,0.43309199810028076,0.45512574911117554,0.4455518126487732,0.43937456607818604,0.44205373525619507,0.4370189905166626
1333,25,0.24140985310077667,133,2.0338039994239807,0.5131396690140599,0.248,0.7717657685279846,0.6204712390899658,0.7569401264190674,0.7422691583633423,0.7413200736045837,0.743749737739563
1334,22,0.26044219732284546,81,2.0805811484654746,0.4699262851162961,0.2768595041322314,0.5459494590759277,0.5290341377258301,0.5742495059967041,0.4609489440917969,0.5592436194419861,0.5845843553543091
1335,8,0.10387850552797318,43,0.7659203290939331,0.45525900026162464,0.53125,0.36255377531051636,0.2560504674911499,0.3620346188545227,0.3565638065338135,0.36564087867736816,0.3560527563095093
1336,17,0.19880476593971252,73,0.9613375425338745,0.75193173935016,0.5570934256055363,0.906237006187439,0.6336491107940674,0.8897792100906372,0.8879008293151855,0.8972806334495544,0.8853349089622498
1337,14,0.26683303713798523,179,1.8885765433311463,0.5453758786122004,0.25,0.6859060525894165,0.6874665021896362,0.6746808290481567,0.6993420124053955,0.6633106470108032,0.6773555874824524
1338,5,0.17314517498016357,135,2.1309297382831573,0.7523626089096069,1.0,0.08967030048370361,-0.009665131568908691,0.08989644050598145,0.08924555778503418,0.0904189944267273,0.08729106187820435
1339,3,0.2837582528591156,137,1.5062523484230042,1.0162770748138428,0.8888888888888888,-0.03498363494873047,-0.019162416458129883,-0.03173232078552246,-0.033360958099365234,-0.0287550687789917,-0.04012107849121094
1340,6,0.10219952464103699,54,0.7568029165267944,1.7189029455184937,0.5277777777777778,0.0459824800491333,0.10152238607406616,0.053173840045928955,0.12288081645965576,0.10125255584716797,0.11358946561813354
1341,15,0.3033181130886078,98,1.3151259571313858,0.6414471536874771,0.92,0.939513087272644,0.9104496240615845,0.9340493679046631,0.9297294616699219,0.9339327812194824,0.929816484451294
1342,16,0.14342555403709412,32,0.9896078280040196,0.4595763319068485,0.625,0.2025122046470642,-0.026937246322631836,0.1268025040626526,0.1877536177635193,0.1421976089477539,0.2226131558418274
1343,8,0.27242472767829895,122,1.1105215191841125,0.5769624908765157,0.421875,0.07939577102661133,-0.021323800086975098,0.09044724702835083,0.08378750085830688,0.10084480047225952,0.08539408445358276
1344,19,0.36079350113868713,38,0.5341762155294418,0.5482153713703155,0.8116343490304709,0.23625439405441284,0.1757345199584961,0.11445194482803345,0.17400461435317993,0.11513149738311768,0.18547695875167847
1345,14,0.2187555730342865,175,1.0833871364593506,0.7612587081061469,0.10204081632653061,0.0006393790245056152,0.03540635108947754,0.006931722164154053,0.025130629539489746,-0.0019646883010864258,0.02947920560836792
1346,12,0.30056822299957275,164,1.11037278175354,0.6101126611232758,0.9513888888888888,0.6177657246589661,0.5235271453857422,0.6183230876922607,0.6196517944335938,0.6182922124862671,0.5983209013938904
1347,18,0.11334094405174255,146,1.0612309649586678,0.6052382787068685,0.8888888888888888,0.15294909477233887,0.031176507472991943,0.15819644927978516,0.12462377548217773,0.15156841278076172,0.15124720335006714
1348,10,0.28461307287216187,15,0.7614460587501526,0.5888084173202515,0.18,0.0004169344902038574,0.03569591045379639,-0.004107117652893066,0.026936054229736328,0.004228472709655762,0.03610497713088989
1349,14,0.21049894392490387,26,0.9471723635991415,0.8462936542928219,0.23469387755102042,-0.02691209316253662,0.012911736965179443,-0.025853514671325684,-0.0030580759048461914,-0.02021777629852295,2.2590160369873047e-05
1350,7,0.22548358142375946,39,1.1137513667345047,0.7335167080163956,0.5714285714285714,0.018278956413269043,-0.05124306678771973,0.027655422687530518,0.01616460084915161,0.025433063507080078,0.027468323707580566
1351,15,0.1909760981798172,178,0.7021054824193319,0.5208452145258585,0.28888888888888886,0.6793088912963867,0.6727731227874756,0.6799878478050232,0.6752705574035645,0.6786720752716064,0.6772003173828125
1352,10,0.21437709033489227,177,1.117127686738968,0.6111901178956032,0.11,0.3457943797111511,0.35807085037231445,0.3561626076698303,0.35601186752319336,0.35766714811325073,0.35705089569091797
1353,6,0.23265911638736725,28,0.6645843386650085,0.32796405255794525,0.4166666666666667,0.8925976157188416,0.7596403360366821,0.8939628601074219,0.8929587006568909,0.8928447365760803,0.8913053870201111
1354,10,0.18219678103923798,43,1.3232501571377118,0.9764926880598068,0.44,0.30074506998062134,0.1264270544052124,0.2950575351715088,0.296390175819397,0.30115991830825806,0.29513055086135864
1355,7,0.29820558428764343,61,1.9173978567123413,0.6480206623673439,0.8163265306122449,0.06194084882736206,0.032398998737335205,0.05515015125274658,0.04852759838104248,0.040019869804382324,0.053908467292785645
1356,12,0.3850238025188446,162,1.1452418367067974,0.5449264811144935,0.4722222222222222,0.10005080699920654,0.13904327154159546,0.10348266363143921,0.12692224979400635,0.10524481534957886,0.13348537683486938
1357,15,0.11413705348968506,35,1.1787684336304665,0.4224136173725128,0.8355555555555556,0.8164349794387817,0.48302143812179565,0.8172867894172668,0.8302414417266846,0.8240877389907837,0.8273560404777527
1358,21,0.14111845195293427,133,1.1523379564285279,0.5970716662704945,0.031746031746031744,0.6199108362197876,0.6381043195724487,0.6108874678611755,0.5994828939437866,0.6313416957855225,0.6159588098526001
1359,24,0.1610972136259079,90,1.2516533533732097,0.498860236008962,0.5121527777777778,0.3649154305458069,0.34747105836868286,0.36674898862838745,0.3408921957015991,0.3629534840583801,0.35712558031082153
1360,23,0.33768385648727417,40,1.0709586143493652,0.6171246398436395,0.5633270321361059,0.8847322463989258,0.8874295353889465,0.8957250118255615,0.8815406560897827,0.8646001219749451,0.9051600098609924
1361,17,0.33700278401374817,9,0.7834869921207428,0.6211513017232602,0.7750865051903114,0.5545642375946045,0.536711573600769,0.546419084072113,0.5057107210159302,0.49333906173706055,0.5201244354248047
1362,21,0.33401843905448914,87,0.4875960797071457,0.7151733252562975,0.4489795918367347,0.43112093210220337,0.33249998092651367,0.35860204696655273,0.3587098717689514,0.3203619718551636,0.3507080674171448
1363,18,0.3413100242614746,177,1.0979516357183456,0.43527162607227055,0.5277777777777778,0.8544769883155823,0.8254467248916626,0.8065048456192017,0.8277586698532104,0.8206334710121155,0.8321746587753296
1364,12,0.2400350421667099,44,0.7494910359382629,0.44927136931154465,0.09722222222222222,-0.0022246837615966797,-0.06644725799560547,-0.01429438591003418,-0.059285521507263184,-0.012120962142944336,-0.04517686367034912
1365,22,0.1052272841334343,104,0.9299398958683014,0.5323019841542611,0.34917355371900827,0.5378838777542114,0.19382244348526,0.5515885353088379,0.5737982988357544,0.5590188503265381,0.5605533123016357
1366,7,0.3158717155456543,132,1.0002266814311345,0.6595036089420319,0.3877551020408163,0.2681351900100708,0.25752192735671997,0.29146164655685425,0.263100802898407,0.24746543169021606,0.2833763360977173
1367,15,0.14541268348693848,170,0.9402677118778229,0.4771763777190989,0.6977777777777778,0.7418831586837769,0.7242059707641602,0.739812970161438,0.7398589849472046,0.7410985231399536,0.7421179413795471
1368,4,0.30025994777679443,111,1.7379087209701538,0.6353013118108114,0.625,0.6521891355514526,0.5031024217605591,0.6511316299438477,0.6482944488525391,0.6510162353515625,0.6523736715316772
1369,17,0.10932805389165878,114,0.7670163909594218,0.38619225404479285,0.5190311418685121,0.04921311140060425,0.030950188636779785,0.04742854833602905,0.05999475717544556,0.049914419651031494,0.06683146953582764
1370,16,0.10309700667858124,72,1.3264215940778905,0.7462386906147003,0.6796875,0.8007868528366089,0.765810489654541,0.8055253624916077,0.7937140464782715,0.8019884824752808,0.8024498224258423
1371,21,0.12405160814523697,47,0.8261531051248312,0.4900883321578686,0.2857142857142857,-0.020711064338684082,-0.10389459133148193,-0.011750221252441406,-0.05918431282043457,-0.013368487358093262,-0.050800442695617676
1372,20,0.15687976777553558,18,0.5892384541886193,0.5598553144014798,0.0275,0.036463379859924316,-0.00033402442932128906,0.032338619232177734,0.02148723602294922,0.03262948989868164,0.027087867259979248
1373,25,0.23655174672603607,95,1.352384477853775,0.6147869825363159,0.2144,0.681980311870575,0.5558077096939087,0.6649535894393921,0.6996387243270874,0.6792477369308472,0.6821718215942383
1374,10,0.39947509765625,55,0.5585168401400248,0.4879658839532307,0.7,0.0775255560874939,0.06896036863327026,0.059965550899505615,0.06996035575866699,0.06735044717788696,0.0648835301399231
1375,21,0.1065945103764534,43,1.4890991548697154,0.6987587531407674,0.272108843537415,0.6862456798553467,0.6470097303390503,0.6881210207939148,0.6829019784927368,0.6868575811386108,0.6727971434593201
1376,21,0.3638262450695038,82,0.6385530978441238,0.5362092186422909,0.4988662131519274,0.6758135557174683,0.5959068536758423,0.669730544090271,0.6551162004470825,0.6643966436386108,0.6506469249725342
1377,17,0.1227894052863121,92,1.0293688476085663,0.812366554682905,0.22145328719723184,0.02325427532196045,-0.019437193870544434,0.04573887586593628,0.05170255899429321,0.02917248010635376,0.05562621355056763
1378,23,0.30728164315223694,78,1.6598424315452576,0.6589054408527556,0.21739130434782608,0.3200719952583313,0.27621400356292725,0.33021295070648193,0.32470810413360596,0.30485403537750244,0.318852961063385
1379,18,0.1554693579673767,122,1.3597735613584518,0.3359552875161171,0.015432098765432098,0.709345817565918,0.7579763531684875,0.6225690841674805,0.5777711868286133,0.6531379818916321,0.5755837559700012
1380,18,0.19458158314228058,79,0.7083992540836335,0.8262344323671781,0.9228395061728395,-0.044507503509521484,-0.060461997985839844,-0.0329279899597168,-0.07408511638641357,-0.04342961311340332,-0.04788482189178467
1381,3,0.305467426776886,4,0.2538042664527893,0.3376675695180893,0.1111111111111111,-0.5527094602584839,-0.36466026306152344,-0.5121182203292847,-0.2921454906463623,-0.527982234954834,-0.28343117237091064
1382,25,0.29412418603897095,142,1.811090628306071,0.5858267071572217,0.6496,0.8965033292770386,0.8049347400665283,0.8433700203895569,0.8592482805252075,0.8337612152099609,0.8528790473937988
1383,20,0.15696129202842712,15,0.7881293396155039,0.5311836110694068,0.4425,0.06109744310379028,0.15327441692352295,0.05968254804611206,0.17890715599060059,0.07315844297409058,0.17391234636306763
1384,19,0.1652829349040985,53,0.7177311820643288,0.6050597093999386,0.8337950138504155,0.5332467555999756,0.07611429691314697,0.5462708473205566,0.4423668384552002,0.5596319437026978,0.5464401245117188
1385,19,0.22278742492198944,88,1.1098152175545692,0.7848398407300313,0.34349030470914127,0.02021104097366333,-0.0002677440643310547,0.01702272891998291,-0.02337038516998291,0.015214145183563232,0.015324234962463379
1386,19,0.33244946599006653,47,2.0944277942180634,0.6657790620537365,0.6897506925207756,0.9482578039169312,0.9400993585586548,0.9336316585540771,0.9500470161437988,0.9344127774238586,0.9432355165481567
1387,10,0.13933421671390533,114,1.0422129333019257,0.6173344155152639,0.87,0.025001049041748047,0.008190393447875977,0.026141881942749023,0.02591019868850708,0.025197982788085938,0.024282217025756836
1388,21,0.2614635229110718,143,0.6004921197891235,0.5392524468548158,0.3741496598639456,0.2239058017730713,0.00442129373550415,0.19652807712554932,0.2696149945259094,0.2246706485748291,0.23184210062026978
1389,7,0.26081159710884094,168,1.1685028225183487,0.2811236133178075,0.7755102040816326,0.18427258729934692,0.21535718441009521,0.16769248247146606,0.19834941625595093,0.17862063646316528,0.19279032945632935
1390,11,0.1037246435880661,164,1.1216193934281666,0.3429814040660858,0.9173553719008265,0.890572190284729,0.8833144307136536,0.8914262056350708,0.8893619775772095,0.8913795351982117,0.891042172908783
1391,16,0.35981979966163635,155,1.3497374653816223,0.5878193548747471,0.19921875,0.9018310308456421,0.8738663196563721,0.87790846824646,0.8799774050712585,0.8399680852890015,0.8581600189208984
1392,12,0.26450225710868835,34,1.619650736451149,1.036696396768093,0.4930555555555556,0.6788994669914246,0.6824479103088379,0.6809499263763428,0.679111123085022,0.6806176900863647,0.6759481430053711
1393,24,0.14817392826080322,35,1.0440983563661574,0.5777591275317329,0.3055555555555556,-0.06022536754608154,0.13037961721420288,0.0793880820274353,0.06730914115905762,0.12454527616500854,0.03825974464416504
1394,14,0.24129384756088257,20,0.43868792057037354,0.49636120750353885,0.3520408163265306,-0.1344062089920044,-0.1765512228012085,-0.13750207424163818,-0.23848235607147217,-0.14141249656677246,-0.22998857498168945
1395,17,0.17700831592082977,186,0.969976894557476,0.6079022207043387,0.7093425605536332,0.18924158811569214,0.06238865852355957,0.19548887014389038,0.19472163915634155,0.19327110052108765,0.19643300771713257
1396,18,0.34049469232559204,78,1.4065385560194652,0.5115219453970591,0.6481481481481481,0.4751579761505127,0.40623414516448975,0.46578627824783325,0.46988385915756226,0.45686715841293335,0.46811211109161377
1397,25,0.3325064778327942,12,0.8025758117437363,0.4999166393563861,0.8672,-0.07308042049407959,-0.3797823190689087,-0.0794287919998169,-0.12826967239379883,-0.05951964855194092,-0.08541929721832275
1398,4,0.3853594660758972,121,1.4384715855121613,0.25044435262680054,0.3125,0.8985156416893005,0.8156407475471497,0.8942272067070007,0.8928817510604858,0.8950966000556946,0.8897904753684998
1399,13,0.14939548075199127,190,1.4464905202388763,0.46175722032785416,1.0,0.8413992524147034,0.7637631893157959,0.8519096374511719,0.8483447432518005,0.8471945524215698,0.835242509841919
1400,22,0.20047716796398163,102,1.669186147550742,0.6090531032532454,0.5950413223140496,0.9409816265106201,0.8666753768920898,0.9392758011817932,0.9404017329216003,0.9393430352210999,0.9418503046035767
1401,17,0.298610657453537,83,0.5775770545005798,0.6138695226265833,0.9826989619377162,0.5051793456077576,0.029309868812561035,0.2325195074081421,0.081210196018219,0.2013513445854187,0.17539352178573608
1402,25,0.1432744562625885,114,0.985725175589323,0.789950381307041,0.5712,0.533810019493103,0.5119235515594482,0.5074993371963501,0.6035654544830322,0.5171594619750977,0.603023886680603
1403,14,0.3167117238044739,148,1.2630351662635804,0.5933345506588618,0.3163265306122449,0.18523764610290527,0.10115563869476318,0.19551944732666016,0.2025718092918396,0.18537181615829468,0.19677293300628662
1404,23,0.1441737562417984,162,1.150690917457853,0.6548259928822517,0.1833648393194707,0.87600177526474,0.8724717497825623,0.8771735429763794,0.8736047744750977,0.8738089203834534,0.8746151924133301
1405,7,0.23238332569599152,41,1.2598594054579735,0.6304567257563273,0.2857142857142857,0.02091836929321289,0.022801756858825684,0.02274787425994873,0.02424907684326172,0.022331953048706055,0.01308828592300415
1406,17,0.15453718602657318,123,0.48010576516389847,0.5197306126356125,0.9653979238754326,0.16597533226013184,0.1200265884399414,0.15529495477676392,0.14353245496749878,0.16370302438735962,0.14613258838653564
1407,15,0.1122073233127594,18,1.3957416772842408,0.7336665540933609,0.7377777777777778,0.18535387516021729,-0.0497511625289917,0.20268601179122925,0.11097913980484009,0.20690947771072388,0.1817111372947693
1408,7,0.2164994329214096,64,0.7602656334638596,0.7282732129096985,0.7959183673469388,0.3372352123260498,0.3200298547744751,0.33686405420303345,0.33353716135025024,0.33864444494247437,0.34212833642959595
1409,14,0.32941383123397827,40,0.7539897561073303,0.6814710931344465,0.8571428571428571,0.193589448928833,0.15645521879196167,0.1974734663963318,0.25642889738082886,0.2274187207221985,0.24448812007904053
1410,13,0.28494518995285034,139,1.6161814153194427,0.5083739627152681,1.0,0.3980748653411865,0.314663827419281,0.39574193954467773,0.3980732560157776,0.38355720043182373,0.405167818069458
1411,21,0.34376877546310425,179,0.4835694581270218,0.7028655158846002,0.7029478458049887,0.10630810260772705,0.13195204734802246,0.1005936861038208,0.08286076784133911,0.1070319414138794,0.09487110376358032
1412,13,0.3680519759654999,6,0.21861809492111206,0.8389915004372597,0.4437869822485207,-0.217201828956604,-0.1002732515335083,-0.22103333473205566,-0.16389763355255127,-0.21274125576019287,-0.12553751468658447
1413,5,0.13555927574634552,42,0.8626464406649271,1.1033848971128464,0.68,-0.0029053688049316406,0.00016695261001586914,-0.0002199411392211914,-0.0016463994979858398,0.004607677459716797,0.0039021968841552734
1414,21,0.15223777294158936,120,1.046160380045573,0.5343383173147838,0.7029478458049887,0.9534452557563782,0.8937399387359619,0.9529711008071899,0.9521440863609314,0.9533466100692749,0.9519712328910828
1415,5,0.18860289454460144,123,1.6577421029408772,0.7405070215463638,0.6,0.12985122203826904,0.12850815057754517,0.1350892186164856,0.12760323286056519,0.12958216667175293,0.13143759965896606
1416,13,0.13705746829509735,138,0.8893867752381733,0.46436573068300885,0.4556213017751479,-0.016059160232543945,-0.035872459411621094,-0.020226240158081055,-0.04522824287414551,-0.020646333694458008,-0.05916917324066162
1417,12,0.12417151033878326,77,2.125635544459025,0.7038421879212061,0.9930555555555556,0.7948516607284546,0.6900249719619751,0.7971432209014893,0.7885369062423706,0.7909926772117615,0.785789966583252
1418,22,0.1256905049085617,175,1.5680265767233712,0.6901775340239207,0.3574380165289256,0.4338778257369995,0.34883254766464233,0.43405890464782715,0.42554396390914917,0.42812496423721313,0.42951488494873047
1419,3,0.26450657844543457,32,1.0189030468463898,0.4930105209350586,0.6666666666666666,0.20581597089767456,0.2062038779258728,0.20368337631225586,0.20681655406951904,0.20695698261260986,0.2054440975189209
1420,22,0.17321144044399261,82,0.8424095869064331,0.4934213424430174,0.19834710743801653,0.11439824104309082,0.12669920921325684,0.13992595672607422,0.13082343339920044,0.13726437091827393,0.1296178102493286
1421,17,0.3927549719810486,110,2.386805295944214,0.6225809641182423,0.33217993079584773,0.8492229580879211,0.7196018695831299,0.7254899144172668,0.7757869362831116,0.8129255175590515,0.7395930290222168
1422,25,0.2355896681547165,56,1.632699266076088,0.5860112870023364,0.8576,0.04141300916671753,0.01590275764465332,0.05563795566558838,0.06020236015319824,0.08743864297866821,0.08701825141906738
1423,4,0.11844368278980255,13,0.9103932678699493,0.2875957489013672,0.375,-0.007085084915161133,-0.030209779739379883,-0.005239129066467285,-0.019370675086975098,-0.00590670108795166,-0.02093827724456787
1424,23,0.3327677547931671,34,1.169959843158722,0.6941494449973107,0.29867674858223064,0.387187659740448,0.4155905246734619,0.43284064531326294,0.4578935503959656,0.45799964666366577,0.516961395740509
1425,16,0.23704256117343903,60,1.7561339537302654,0.6254453189097918,0.0703125,0.8807711601257324,0.8974376320838928,0.83356773853302,0.8668233156204224,0.8840429186820984,0.8860951662063599
1426,22,0.3872562348842621,94,0.5772001624107361,0.48905501646154065,0.621900826446281,0.4365292191505432,0.3900045156478882,0.3284931778907776,0.4248030185699463,0.3564959764480591,0.3772859573364258
1427,17,0.10675191134214401,63,1.0194876260227628,0.6807241439819336,0.24567474048442905,0.23304426670074463,0.22350144386291504,0.12333029508590698,0.22900331020355225,0.11606067419052124,0.21509385108947754
1428,7,0.24461939930915833,21,1.3170289546251297,0.8472740749518076,0.8775510204081632,0.874879002571106,0.868671715259552,0.8717820644378662,0.8662599325180054,0.8664671182632446,0.8702453970909119
1429,23,0.14710500836372375,64,0.9480860659054348,0.5545316692441702,0.07750472589792061,-0.02933049201965332,-0.04060947895050049,-0.02075040340423584,-0.022784709930419922,-0.019894838333129883,-0.020601272583007812
1430,17,0.13445121049880981,174,1.6129001915454864,0.46691441908478737,0.5155709342560554,0.6084314584732056,0.560905933380127,0.5985739231109619,0.5924275517463684,0.6011394262313843,0.6003481149673462
1431,17,0.36574414372444153,113,0.6532839238643646,0.6140515165669578,0.48788927335640137,0.45620959997177124,0.35045772790908813,0.4355872869491577,0.412217915058136,0.4323018789291382,0.4286114573478699
1432,20,0.3912435472011566,192,1.3367242813110352,0.861102011273889,0.4475,0.5441456437110901,0.535239577293396,0.5367046594619751,0.5147399306297302,0.5332424640655518,0.5141614079475403
1433,24,0.17805391550064087,8,1.1150158643722534,0.4774312863224431,0.11284722222222222,-0.15198993682861328,0.017565011978149414,-0.10214793682098389,0.02496790885925293,-0.10331761837005615,0.016704320907592773
1434,25,0.34419089555740356,17,0.9050493240356445,0.5787278779528358,0.6944,0.8438899517059326,0.8574705123901367,0.8161693811416626,0.8466861844062805,0.8166593909263611,0.86725914478302
1435,23,0.3775729835033417,133,1.0476751526196797,0.6542113699018955,0.8431001890359168,0.3744720220565796,0.34800249338150024,0.3329838514328003,0.4462341070175171,0.3413485288619995,0.3683333992958069
1436,11,0.18770834803581238,6,0.9625392936997943,0.8140065670013428,0.743801652892562,-0.11204111576080322,-0.1916276216506958,-0.10592043399810791,-0.12542784214019775,-0.11074817180633545,-0.1276160478591919
1437,9,0.26578283309936523,117,0.5747737064957619,0.5131012022495269,0.1728395061728395,0.04745769500732422,0.04211699962615967,0.039711177349090576,0.03813844919204712,0.034022748470306396,0.030236244201660156
1438,24,0.2227330356836319,13,1.3040048837661744,0.6765569064177965,0.734375,0.6010603308677673,0.3609520196914673,0.5401444435119629,0.6100273132324219,0.5855870246887207,0.6562066078186035
1439,8,0.2476608008146286,77,0.9240038990974426,0.48736169437567395,0.5625,0.3520353436470032,0.285488486289978,0.360604465007782,0.4072340130805969,0.3767985701560974,0.3525499105453491
1440,9,0.2714217007160187,154,0.4793255825837453,0.6152583311001459,0.037037037037037035,0.6906141042709351,0.6967937350273132,0.6860039234161377,0.7035645246505737,0.6768483519554138,0.6574534773826599
1441,16,0.1845848709344864,43,1.924308180809021,0.6074392721056938,0.44921875,0.019762158393859863,0.020804286003112793,0.012013435363769531,0.013031184673309326,0.005564749240875244,0.014415144920349121
1442,22,0.1656859964132309,78,1.2785835340619087,0.6059957423380443,0.7665289256198347,0.6316181421279907,0.3758300542831421,0.6194148063659668,0.6285544633865356,0.6159160137176514,0.6411541104316711
1443,12,0.14056716859340668,84,0.45560222268104555,0.5139471207346235,0.08333333333333333,0.7576055526733398,0.76314777135849,0.7564727067947388,0.7574430704116821,0.7582764625549316,0.7623370289802551
1444,19,0.22282522916793823,151,0.9724946022033691,0.732162756845355,0.12188365650969529,-0.03491818904876709,0.042771100997924805,-0.01917290687561035,0.0021089911460876465,-0.0210878849029541,-0.013437628746032715
1445,17,0.18145640194416046,157,0.8251362442970276,0.5669192309890475,0.8927335640138409,0.13717973232269287,0.0683717131614685,0.14539408683776855,0.1389373540878296,0.1504637598991394,0.13001960515975952
1446,19,0.20170706510543823,7,0.6342760920524597,0.657446950674057,0.2299168975069252,-0.8486335277557373,-0.43547511100769043,-0.7500357627868652,-0.6315861940383911,-0.7418686151504517,-0.6111527681350708
1447,18,0.3560500144958496,110,0.5250179568926493,0.5762517144282658,0.42592592592592593,0.051342129707336426,0.04947322607040405,0.04716610908508301,0.07932227849960327,0.043605923652648926,0.07673525810241699
1448,15,0.384171724319458,69,0.9262138803799947,0.5654496227701505,0.49777777777777776,0.8282548785209656,0.7540649771690369,0.8199419379234314,0.7970820665359497,0.7990711331367493,0.7899618148803711
1449,7,0.253126323223114,30,1.1119892001152039,0.44716564416885374,0.16326530612244897,0.707589864730835,0.7040256857872009,0.7178261280059814,0.7334932088851929,0.7011146545410156,0.7213047742843628
1450,13,0.15081574022769928,63,1.408411905169487,0.6022623380025228,0.8224852071005917,0.3037595748901367,0.1629859209060669,0.2873584032058716,0.29514962434768677,0.28155314922332764,0.2956690192222595
1451,22,0.2208389937877655,195,1.065644308924675,0.7050978243350983,0.0,0.7463608980178833,0.750368058681488,0.7495771646499634,0.7460151314735413,0.7536773681640625,0.7362757921218872
1452,3,0.38203465938568115,48,1.156400516629219,0.6228023767471313,0.1111111111111111,-0.014204978942871094,-0.01959824562072754,-0.023425579071044922,0.0034747719764709473,-0.012131214141845703,-0.0071027278900146484
1453,22,0.28370580077171326,66,0.5679188907146454,0.8002501805039013,0.4214876033057851,0.789197564125061,0.7606797218322754,0.7348036766052246,0.786360502243042,0.7338037490844727,0.7797685265541077
1454,14,0.30104827880859375,21,1.489613488316536,0.8319320678710938,0.42346938775510207,0.02476876974105835,0.026194274425506592,0.42036330699920654,0.23444610834121704,-0.10285568237304688,0.17847514152526855
1455,24,0.10521864891052246,85,1.572507917881012,0.6673746630549431,0.6336805555555556,0.5489210486412048,0.19166666269302368,0.5580060482025146,0.5219244956970215,0.5597992539405823,0.6144411563873291
1456,24,0.19957591593265533,90,1.907234525680542,0.6991091950943595,0.7048611111111112,-0.010788202285766602,0.10860896110534668,0.09652096033096313,0.11093854904174805,0.10057026147842407,0.11210215091705322
1457,7,0.3611668646335602,138,1.4538864195346832,0.6274727781613668,0.12244897959183673,-0.07871901988983154,-0.02088916301727295,-0.01871204376220703,-0.061492323875427246,-0.042794108390808105,-0.05881178379058838
1458,14,0.11235643178224564,109,0.8397993842760721,0.737283505499363,0.11224489795918367,-0.054839372634887695,-0.06080317497253418,-0.06214249134063721,-0.053170204162597656,-0.04977715015411377,-0.05985665321350098
1459,13,0.17111836373806,130,0.9386950646127973,0.5659858634074529,0.011834319526627219,-0.06669437885284424,-0.012783527374267578,-0.06229543685913086,-0.01812446117401123,-0.0639117956161499,-0.017394423484802246
1460,22,0.21426445245742798,170,1.3096040904521942,0.6043529405313379,0.2396694214876033,0.9243086576461792,0.8747482895851135,0.9215255975723267,0.9135085344314575,0.917532742023468,0.9101932048797607
1461,22,0.18195728957653046,134,1.0318850517272948,0.6051870882511139,0.5227272727272727,0.5521966218948364,0.4630388617515564,0.5519194006919861,0.5635524392127991,0.5523240566253662,0.5459673404693604
1462,7,0.17050860822200775,154,0.897985115647316,0.6727885653575262,0.16326530612244897,0.21595245599746704,-0.01452624797821045,0.2156527042388916,0.20966088771820068,0.2182009220123291,0.21692436933517456
1463,8,0.2934612035751343,3,0.3828984200954437,0.3836774379014969,0.78125,-0.0008274316787719727,0.0019404888153076172,0.012283682823181152,-0.013235211372375488,0.0415501594543457,0.04587423801422119
1464,17,0.3657718300819397,137,0.7973018487294515,0.6979497011218753,0.671280276816609,0.8873835802078247,0.6406799554824829,0.793066680431366,0.8013001680374146,0.6894904375076294,0.7452776432037354
1465,17,0.11033641546964645,193,0.9103974018778119,0.74816365391016,0.7301038062283737,0.7444459199905396,0.5813608169555664,0.7417005300521851,0.7446335554122925,0.7468230128288269,0.7402896881103516
1466,6,0.23776745796203613,46,0.5778252085049947,0.3692304690678914,0.8333333333333334,-0.00960230827331543,-0.003353714942932129,-0.005476951599121094,-0.014099717140197754,-0.00782930850982666,-0.008058667182922363
1467,8,0.2267254739999771,28,1.559104397892952,0.4125794395804405,0.578125,0.36068660020828247,-0.006986379623413086,0.37050682306289673,0.28879672288894653,0.14879250526428223,0.3411707282066345
1468,17,0.1068834513425827,23,1.33360206335783,0.5842360324329801,0.3494809688581315,0.7692825794219971,0.7779378294944763,0.7655974626541138,0.7765819430351257,0.7679027915000916,0.7721585631370544
1469,25,0.21312615275382996,55,1.0590256229043007,0.49795570756707874,0.9312,0.4140077829360962,0.3365156054496765,0.43652963638305664,0.3605468273162842,0.4005134105682373,0.45620274543762207
1470,18,0.11207767575979233,165,1.3485388954480488,0.4895147830247879,0.20987654320987653,0.20946061611175537,0.20333701372146606,0.21639835834503174,0.2026330828666687,0.21697217226028442,0.2101154327392578
1471,23,0.23762163519859314,87,1.470828777551651,0.712134074833658,0.9300567107750473,0.9515525698661804,0.8171252012252808,0.9399414658546448,0.9425042867660522,0.942089855670929,0.9370219111442566
1472,8,0.364355206489563,14,0.6182616055011749,0.2835545688867569,0.484375,0.29141080379486084,0.29957878589630127,0.30133873224258423,0.29460591077804565,0.29873955249786377,0.2863684892654419
1473,7,0.37320494651794434,149,0.5797186493873596,0.30267640948295593,0.14285714285714285,0.6671322584152222,0.668516218662262,0.666167140007019,0.670001208782196,0.6691285371780396,0.6673349142074585
1474,12,0.1732427477836609,129,1.1596494019031525,0.5703459978103638,0.5833333333333334,0.8124586939811707,0.807532787322998,0.8117234706878662,0.8105888366699219,0.814977765083313,0.8134146928787231
1475,19,0.24165453016757965,176,1.1667155822118123,0.5414406198721665,0.27146814404432135,0.3913019895553589,0.3776478171348572,0.3880857229232788,0.3926854729652405,0.39189672470092773,0.3810954689979553
1476,3,0.3457426428794861,172,0.27903521060943604,0.4273063540458679,0.7777777777777778,0.12753641605377197,0.099770188331604,0.12683135271072388,0.12518495321273804,0.1228494644165039,0.119121253490448
1477,19,0.20286647975444794,74,0.6953092482354906,0.6322756811976433,0.32409972299168976,0.02385812997817993,-0.06525981426239014,0.0479046106338501,-0.0027784109115600586,0.006207764148712158,0.012967944145202637
1478,11,0.19806326925754547,89,0.9135562479496002,0.6865878469414182,0.4628099173553719,0.015588700771331787,0.05846935510635376,0.036409199237823486,-0.0313565731048584,0.0326884388923645,0.02308022975921631
1479,10,0.28931304812431335,171,1.4083900928497315,0.6992469370365143,0.11,0.2645196318626404,0.30068570375442505,0.20897817611694336,0.2616910934448242,0.23144108057022095,0.23428291082382202
1480,7,0.3013540208339691,106,1.8977290391921997,0.3941739002863566,0.8979591836734694,0.9599271416664124,0.7387305498123169,0.9566354155540466,0.9535577297210693,0.9557391405105591,0.9441070556640625
1481,23,0.1752200424671173,37,0.6894347481429577,0.6629811416069666,0.21172022684310018,0.5093146562576294,0.553507924079895,0.49978917837142944,0.5310726165771484,0.4987727403640747,0.5633357763290405
1482,15,0.10391637682914734,163,1.79632668197155,0.6558323930948973,0.5777777777777777,0.11770719289779663,-0.02259039878845215,0.11902618408203125,0.1223301887512207,0.11166208982467651,0.13036835193634033
1483,6,0.16890887916088104,130,0.7327123483022054,0.460325022538503,0.75,0.10059696435928345,0.0896340012550354,0.10580402612686157,0.10778242349624634,0.10165822505950928,0.10078573226928711
1484,13,0.39568036794662476,86,0.755158081650734,0.5782993937080557,0.46745562130177515,0.8934719562530518,0.6612225770950317,0.8879134654998779,0.8423963189125061,0.8645373582839966,0.8421266078948975
1485,19,0.2886854410171509,34,0.5677703559398651,0.5809673986264637,0.3268698060941828,0.323015034198761,0.3469949960708618,0.29141438007354736,0.2761353850364685,0.31061768531799316,0.3336638808250427
1486,10,0.2930797338485718,86,0.3435213267803192,0.6483725979924202,0.57,0.8176164031028748,0.3819650411605835,0.8197554349899292,0.8205530643463135,0.8218088150024414,0.8218555450439453
1487,11,0.2178354263305664,168,1.2382009824117024,0.624119758605957,0.049586776859504134,0.5123354196548462,0.5168665051460266,0.5131099224090576,0.5191148519515991,0.5113584399223328,0.5212775468826294
1488,25,0.34855541586875916,180,1.1651125351587932,0.5761203813281927,0.4416,0.8243761658668518,0.7487297058105469,0.8359797596931458,0.8280264139175415,0.8289752006530762,0.8222416639328003
1489,21,0.13166645169258118,144,0.9948899064745221,0.4478642812797001,0.35374149659863946,0.6878615617752075,0.6820645332336426,0.701840877532959,0.6642646789550781,0.6959264278411865,0.7017472386360168
1490,15,0.2010732740163803,125,0.780274361371994,0.554952469739047,0.9733333333333334,0.668711245059967,0.5301544666290283,0.6562919616699219,0.6459299325942993,0.6599467396736145,0.6453204154968262
1491,23,0.17302730679512024,200,1.9076500535011292,0.728861680802177,0.9584120982986768,0.8953610062599182,0.7805413007736206,0.8924503326416016,0.8766642808914185,0.8925701975822449,0.8861766457557678
1492,25,0.38950249552726746,73,1.8568768501281738,0.55815299179243,0.0896,0.6124745607376099,0.6958152055740356,0.5638043880462646,0.5701725482940674,0.5899747014045715,0.6046304702758789
1493,21,0.18096813559532166,71,0.8082700570424398,0.6067142824331919,0.4988662131519274,0.930145263671875,0.8878750205039978,0.9098183512687683,0.925174355506897,0.9166815876960754,0.9328845739364624
1494,11,0.1604938954114914,45,1.0133767426013947,0.6607517344611031,0.4628099173553719,-0.0017042160034179688,0.030465126037597656,0.0003476738929748535,0.015545189380645752,0.003262460231781006,0.027267038822174072
1495,8,0.3484373092651367,60,1.366028144955635,0.788761280477047,0.046875,0.8753150105476379,0.8612438440322876,0.8710101842880249,0.8653547763824463,0.8679022192955017,0.8676634430885315
1496,18,0.1862090528011322,129,0.6768914113442103,0.472804735104243,0.9166666666666666,0.42188870906829834,0.3026290535926819,0.43715208768844604,0.44265371561050415,0.430337131023407,0.4356323480606079
1497,6,0.2723233103752136,134,0.8628323376178741,0.41366270929574966,0.3333333333333333,0.6546040773391724,0.6430579423904419,0.6542251110076904,0.6545475125312805,0.6602382659912109,0.656791090965271
1498,18,0.16077113151550293,12,0.9193428556124369,0.5547514880696932,0.6851851851851852,0.07176411151885986,0.09653371572494507,0.0693255066871643,0.13412731885910034,0.07106590270996094,0.12731623649597168
1499,19,0.1225769892334938,141,1.1208655876772744,0.7010610972841581,0.3601108033240997,0.8763059973716736,0.19333666563034058,0.8691201210021973,0.8766594529151917,0.8744869232177734,0.8805091381072998
1500,12,0.31583866477012634,199,0.8457936346530914,0.5074456334114075,0.5625,0.3328043818473816,0.310488224029541,0.3387221097946167,0.34242790937423706,0.3363391160964966,0.3371589183807373
1501,18,0.2615348994731903,85,1.8605881407856941,0.6869706809520721,0.43209876543209874,0.7013093829154968,0.693670928478241,0.7041259407997131,0.7057390809059143,0.7077580094337463,0.6803553104400635
1502,10,0.131112203001976,44,1.1735363577802975,0.7827237546443939,0.67,-0.02698814868927002,-0.12911701202392578,-0.027815699577331543,-0.042005181312561035,-0.01957416534423828,-0.03698921203613281
1503,19,0.13200852274894714,27,1.5826455354690552,0.6314832825552333,0.5290858725761773,0.021138310432434082,-0.0557560920715332,0.019472956657409668,0.014079093933105469,0.02681511640548706,0.032970964908599854
1504,9,0.20481467247009277,106,0.4212648570537567,0.5848386511206627,0.06172839506172839,0.23248142004013062,0.2262936234474182,0.22231245040893555,0.249558687210083,0.22662484645843506,0.23032552003860474
1505,24,0.13196685910224915,24,0.958061945438385,0.4285423436335155,0.1388888888888889,0.20789414644241333,0.18169891834259033,0.20010018348693848,0.18909746408462524,0.19089794158935547,0.19825893640518188
1506,25,0.13240091502666473,200,1.3145833313465118,0.6483941262259203,0.4736,0.4571816921234131,0.43598103523254395,0.43364131450653076,0.4827026128768921,0.4489746689796448,0.43812984228134155
1507,17,0.38886359333992004,113,1.1513991951942444,0.5242842098077138,0.07612456747404844,0.5941513776779175,0.5716321468353271,0.5547728538513184,0.5584902763366699,0.5563876628875732,0.5568035840988159
1508,20,0.3177499771118164,25,0.8808742264906565,0.7611345420865452,0.095,0.8020608425140381,0.6189876794815063,0.6832191348075867,0.5443551540374756,0.5906185507774353,0.6103313565254211
1509,17,0.3153989911079407,108,1.0953675284981728,0.78597814647051,0.7197231833910035,0.06410229206085205,0.005682766437530518,0.07390749454498291,0.04477429389953613,0.06619226932525635,0.08270621299743652
1510,15,0.24976003170013428,118,1.2155899128743581,0.6612639240920544,0.8266666666666667,0.5423065423965454,0.4802117347717285,0.5175964832305908,0.5244609713554382,0.5038455724716187,0.5026383399963379
1511,8,0.16263648867607117,53,0.8998350381851197,0.5144060601790746,0.140625,0.8770003914833069,0.8789047002792358,0.8767262101173401,0.8710201382637024,0.876990795135498,0.8770663142204285
1512,5,0.38050761818885803,117,0.8029984533786774,0.4826962351799011,0.6,0.2911495566368103,0.2982599139213562,0.2999272346496582,0.31615686416625977,0.31216251850128174,0.3096333146095276
1513,19,0.11545661836862564,29,0.9086582256214959,0.7720328954358896,0.8421052631578947,0.007509708404541016,-0.10993468761444092,0.010603129863739014,-0.0006763935089111328,0.012908220291137695,0.010495185852050781
1514,3,0.10104849189519882,12,2.5643182396888733,1.7336339950561523,0.3333333333333333,0.01303774118423462,0.08296066522598267,0.018807530403137207,0.07018303871154785,0.03670072555541992,0.0857345461845398
1515,19,0.3434031903743744,29,1.2465800046920776,0.4354437265325995,0.7063711911357341,0.5634980201721191,0.5401856303215027,0.5879131555557251,0.5927828550338745,0.5875215530395508,0.6075972318649292
1516,14,0.28902319073677063,134,0.318824827671051,0.47870547448595363,0.5357142857142857,0.5922108888626099,0.5407715439796448,0.5804482698440552,0.5641236305236816,0.5968354940414429,0.5929694175720215
1517,12,0.10503090173006058,155,0.9723723701068333,0.3765158236026764,0.2638888888888889,0.5214933156967163,0.5179702639579773,0.520909309387207,0.5206801891326904,0.5196505784988403,0.5240086317062378
1518,17,0.10317864269018173,76,0.5892894621938467,0.534482502275043,0.05190311418685121,0.004752695560455322,0.23565876483917236,0.021624326705932617,0.24437981843948364,0.05557793378829956,0.21136128902435303
1519,13,0.3757339417934418,179,0.7734934290250143,0.6702449157834053,0.03550295857988166,0.8880568146705627,0.8824228048324585,0.8902786374092102,0.8886777758598328,0.8871604800224304,0.8933780193328857
1520,9,0.14731131494045258,126,1.0185463428497314,0.4697578350702922,0.345679012345679,0.13164126873016357,0.05618768930435181,0.13169389963150024,0.1306135058403015,0.1324802041053772,0.1323215365409851
1521,9,0.25013643503189087,24,1.8265206217765808,0.4414110311440059,0.5061728395061729,0.7515063881874084,0.6781800985336304,0.7531611323356628,0.7707074880599976,0.7571607232093811,0.7748052477836609
1522,8,0.13352209329605103,147,0.5917375981807709,0.476142518222332,0.703125,0.03938949108123779,0.04901820421218872,0.03810226917266846,0.04451221227645874,0.041026413440704346,0.03620731830596924
1523,21,0.3432033956050873,126,1.3374755308032036,0.643980860710144,0.6190476190476191,0.5825917720794678,0.4571684002876282,0.5044717788696289,0.5597579479217529,0.5169620513916016,0.5414806604385376
1524,14,0.1093214601278305,170,1.2129432218415397,0.4722353518009186,0.6326530612244898,0.07299268245697021,0.056477248668670654,0.06974738836288452,0.08005374670028687,0.07975941896438599,0.07629328966140747
1525,19,0.1634797751903534,39,0.6042556116978327,0.6579160071336306,0.9335180055401662,-0.029444336891174316,-0.07779467105865479,-0.02371227741241455,-0.0724259614944458,-0.01711905002593994,-0.033979058265686035
1526,5,0.2771318256855011,7,1.4366414149602253,0.3642640709877014,0.92,0.6306620836257935,-0.026652216911315918,0.5609862804412842,0.39660727977752686,0.5584650039672852,0.4450224041938782
1527,17,0.14102016389369965,119,1.0224900096654892,0.7895427454601635,0.5570934256055363,0.4041851758956909,0.09090614318847656,0.39541131258010864,0.39986467361450195,0.3963490128517151,0.3931317925453186
1528,6,0.19212421774864197,146,0.3914375901222229,0.41255030035972595,0.3888888888888889,0.4963417649269104,0.5187364816665649,0.4831596612930298,0.5118701457977295,0.492801308631897,0.500080943107605
1529,13,0.16722697019577026,28,0.46126044541597366,0.6622821489969889,0.8698224852071006,-0.05032539367675781,-0.13053762912750244,-0.06611394882202148,-0.11281037330627441,-0.057205796241760254,-0.033452630043029785
1530,10,0.216872438788414,107,0.6143053198854128,0.6114161163568497,0.9,0.1250629425048828,0.06609869003295898,0.14199090003967285,0.11742186546325684,0.1366647481918335,0.12642544507980347
1531,24,0.13327045738697052,29,0.874359804391861,0.6706579829517164,0.3836805555555556,0.7225712537765503,0.6936893463134766,0.731429934501648,0.6799268126487732,0.7340787649154663,0.7137768268585205
1532,23,0.38530194759368896,75,1.194250464439392,0.6040224321186543,0.8790170132325141,0.17812687158584595,0.1498437523841858,0.11934614181518555,0.14393270015716553,0.07442069053649902,0.14031141996383667
1533,22,0.34903454780578613,90,1.1999457478523254,0.45497243934207493,0.3884297520661157,0.004243433475494385,0.056827664375305176,0.016413211822509766,0.03522831201553345,0.013981759548187256,0.04175460338592529
1534,6,0.3111065924167633,71,0.4584829956293106,1.3865849375724792,0.5277777777777778,-0.02539694309234619,0.03487133979797363,-0.02998054027557373,-0.015355825424194336,-0.02534329891204834,-0.03368830680847168
1535,6,0.3808691203594208,154,1.8897625803947449,0.3509784936904907,0.4722222222222222,0.6722202301025391,0.6837823987007141,0.686198353767395,0.6971333026885986,0.6822808384895325,0.6985726952552795
1536,17,0.20210328698158264,63,1.0655736774206161,0.6556356549263,0.5224913494809689,0.303602397441864,0.21765053272247314,0.3016395568847656,0.3512626886367798,0.3113173842430115,0.3520823121070862
1537,13,0.22381232678890228,192,0.8565952479839325,0.6088861018419266,0.33727810650887574,0.11764055490493774,0.09265762567520142,0.11387050151824951,0.10218226909637451,0.11152201890945435,0.10489380359649658
1538,9,0.3640635311603546,118,0.5986548066139221,0.5339991194861275,0.1728395061728395,0.14159530401229858,0.10658645629882812,0.12376809120178223,0.15609830617904663,0.1550438404083252,0.12989920377731323
1539,12,0.15603585541248322,158,1.2541737655798595,0.6658710787693659,0.9305555555555556,0.8025945425033569,0.4778808355331421,0.8011692762374878,0.8027849197387695,0.8020808696746826,0.8010781407356262
1540,11,0.21628035604953766,177,1.1089054942131042,0.7448867857456207,0.256198347107438,0.448827862739563,0.46749716997146606,0.44879525899887085,0.48238974809646606,0.4495420455932617,0.4645748734474182
1541,10,0.19125111401081085,131,1.1953600645065308,0.3930903247424534,0.52,0.46793419122695923,0.4010940194129944,0.4686594605445862,0.48191481828689575,0.4706602692604065,0.4801959991455078
1542,17,0.19348172843456268,39,1.2701824655135472,0.7883089997551658,0.11764705882352941,0.8620303273200989,0.8564878702163696,0.8642985224723816,0.8347492218017578,0.8706647157669067,0.8591662049293518
1543,25,0.18325838446617126,105,1.221321439743042,0.5252574943006039,0.5744,0.7996108531951904,0.7917587757110596,0.79179447889328,0.7668057084083557,0.7693540453910828,0.7379683256149292
1544,19,0.2987656891345978,38,0.8352912366390228,0.7325633000582457,0.7700831024930748,0.7538974285125732,0.6968076229095459,0.7323763370513916,0.685219407081604,0.7433476448059082,0.7355438470840454
1545,7,0.35858285427093506,87,1.965399940808614,0.44955434650182724,0.02040816326530612,0.3493882417678833,0.3456442952156067,0.3420359492301941,0.34452277421951294,0.34538835287094116,0.3549564480781555
1546,16,0.2407277375459671,157,1.326750099658966,0.6803984802502853,0.6875,0.8799374103546143,0.7452322244644165,0.8635377287864685,0.8086287975311279,0.8543767929077148,0.8576488494873047
1547,14,0.14417986571788788,78,0.7008626073598861,0.5839015824927224,0.45918367346938777,0.45338714122772217,0.4087698459625244,0.41327399015426636,0.46919894218444824,0.45493507385253906,0.4725828766822815
1548,15,0.12443824112415314,18,1.2267265114933252,0.4933692727770124,0.10666666666666667,-0.022794485092163086,0.07482796907424927,-0.021321654319763184,0.07218509912490845,-0.023249506950378418,0.09111511707305908
1549,14,0.20195449888706207,144,1.2821066826581955,0.5697503071278334,0.07142857142857142,0.26454228162765503,0.2041894793510437,0.08419263362884521,0.24372541904449463,0.21697652339935303,0.2952301502227783
1550,25,0.2609936594963074,172,0.9802419145901998,0.5463220497423952,0.672,0.7913980484008789,0.6600363254547119,0.7927850484848022,0.7927778959274292,0.7732992172241211,0.7850139737129211
1551,22,0.23446647822856903,40,0.9662058055400848,0.69479801549631,0.08264462809917356,0.23061329126358032,0.21917539834976196,0.24727725982666016,0.20794034004211426,0.2398638129234314,0.23289740085601807
1552,24,0.3312221169471741,111,1.2599878112475078,0.5597683042287827,0.1857638888888889,0.5263307094573975,0.5546178817749023,0.5048197507858276,0.4745268225669861,0.4857875108718872,0.5133060216903687
1553,6,0.18688257038593292,10,1.6504597663879395,0.4644754230976105,0.6944444444444444,0.13303792476654053,0.0316353440284729,0.1242266297340393,0.14204299449920654,0.12904000282287598,0.17301201820373535
1554,6,0.16609789431095123,9,1.0843729749321938,0.2494616061449051,0.2222222222222222,0.3271290063858032,0.5057920217514038,0.3287515640258789,0.5141470432281494,0.33198803663253784,0.5362067818641663
1555,12,0.17940548062324524,11,0.7604301571846008,0.6564003452658653,0.9375,0.8029041886329651,0.3029542565345764,0.7509846687316895,0.7680793404579163,0.8118205070495605,0.8035513162612915
1556,18,0.3094009757041931,126,1.5210883617401123,0.41983749147723703,0.25,0.7654029726982117,0.7521642446517944,0.7577480673789978,0.7681454420089722,0.7570653557777405,0.7452841997146606
1557,9,0.29591259360313416,187,1.2120170593261719,0.7715626806020737,0.037037037037037035,0.4905875325202942,0.5026129484176636,0.49675071239471436,0.5266738533973694,0.4895703196525574,0.5107119083404541
1558,8,0.16587184369564056,65,1.5214206218719482,0.731148491303126,0.453125,-0.07465672492980957,-0.1353764533996582,-0.08567929267883301,-0.11590635776519775,-0.08249080181121826,-0.09119915962219238
1559,6,0.1042744591832161,140,0.7920771062374115,0.2981604337692261,0.9722222222222222,0.4639524221420288,0.18683356046676636,0.47013020515441895,0.4691285490989685,0.4728963375091553,0.4669097065925598
1560,3,0.346341609954834,79,1.9844681024551392,0.5131900608539581,1.0,0.6744767427444458,0.675640881061554,0.6807737946510315,0.6802806258201599,0.6807748079299927,0.6864125728607178
1561,23,0.10909420251846313,56,0.9104618628819784,0.48387477853718924,0.3686200378071834,0.7260227203369141,0.7216888666152954,0.7152639627456665,0.688014805316925,0.7105919122695923,0.7154654264450073
1562,3,0.24716268479824066,86,1.4835545420646667,1.8717310428619385,0.0,-0.11668336391448975,-0.10247540473937988,-0.11170637607574463,-0.08991706371307373,-0.11895298957824707,-0.10840117931365967
1563,21,0.17806439101696014,139,1.2150072554747264,0.5080124239126841,0.8888888888888888,0.17954427003860474,0.01689302921295166,0.1794518232345581,0.1543559432029724,0.17799371480941772,0.17990809679031372
1564,9,0.2904227077960968,73,0.43489686648050946,0.32932838052511215,0.7407407407407407,0.6769251227378845,0.2276238203048706,0.673748791217804,0.6815600395202637,0.6754274964332581,0.6751014590263367
1565,11,0.20823483169078827,105,0.6542171686887741,0.48756239243916105,0.8512396694214877,-0.008491277694702148,-0.008604168891906738,-0.004369974136352539,-0.01988232135772705,-0.0010039806365966797,-0.013304352760314941
1566,5,0.3918035328388214,68,1.13632067044576,0.6854416504502296,0.2,0.7792395949363708,0.7512773275375366,0.7594119310379028,0.7594152688980103,0.7635549306869507,0.7598350048065186
1567,3,0.3721272945404053,152,0.4318365454673767,0.2622250020503998,0.4444444444444444,0.4303761124610901,0.42456042766571045,0.43053579330444336,0.43068742752075195,0.43283218145370483,0.43113553524017334
1568,23,0.19632911682128906,46,1.246671160062154,0.47261918016842436,0.18147448015122875,0.9618511199951172,0.9486652612686157,0.9616000652313232,0.9368790984153748,0.9630694389343262,0.9612792730331421
1569,10,0.30048781633377075,40,3.2456114292144775,0.4682191378540463,0.75,0.2535409927368164,0.19625449180603027,0.257221519947052,0.21712666749954224,0.2547087073326111,0.23686033487319946
1570,7,0.17320165038108826,174,1.5992896854877472,0.30583109458287555,0.32653061224489793,0.5279769897460938,0.5145342350006104,0.5260782837867737,0.5247095823287964,0.5258923768997192,0.5228224992752075
1571,3,0.32186394929885864,122,0.6106094419956207,0.47258085012435913,0.1111111111111111,0.555404543876648,0.5573917627334595,0.557910144329071,0.5535609722137451,0.5572155714035034,0.5433946251869202
1572,17,0.19786083698272705,126,1.3065749645233153,0.6732251867651939,0.14878892733564014,0.2850531339645386,0.39369821548461914,0.28754663467407227,0.3800336718559265,0.2825498580932617,0.33074843883514404
1573,3,0.2637360990047455,93,0.5171735882759094,0.6301845908164978,0.5555555555555556,0.058692872524261475,0.03907930850982666,0.0515936017036438,0.05697023868560791,0.05628997087478638,0.057655394077301025
1574,24,0.3361243009567261,9,1.7293014079332352,0.5341927239840681,0.5225694444444444,0.03862553834915161,0.1359952688217163,0.014406263828277588,0.053655385971069336,0.020735621452331543,0.04815101623535156
1575,11,0.22596858441829681,180,0.6753567258516947,0.8123189881443977,0.01652892561983471,0.912536084651947,0.9162856340408325,0.9134137034416199,0.9064977169036865,0.9116062521934509,0.900227427482605
1576,23,0.3166166841983795,141,2.129731237888336,0.5436900137435823,0.2665406427221172,0.20340991020202637,0.1989918351173401,0.16821026802062988,0.23960936069488525,0.18636322021484375,0.26139897108078003
1577,20,0.12579502165317535,5,1.1213406026363373,0.554379699130853,0.0975,-0.07214903831481934,0.49904829263687134,-0.1773843765258789,0.4431235194206238,-0.24168622493743896,0.44402509927749634
1578,5,0.17948433756828308,77,0.9280297756195068,0.5140649676322937,0.6,0.4476342797279358,0.41617244482040405,0.4414401650428772,0.43908971548080444,0.43038874864578247,0.4346175789833069
1579,10,0.10844867676496506,66,1.591920832792918,0.4779664533478873,0.62,0.35241711139678955,0.3870706558227539,0.3373523950576782,0.3945735692977905,0.3522031307220459,0.4130048155784607
1580,21,0.30650293827056885,133,0.7616453543305397,0.5123812030343449,0.49206349206349204,0.32840490341186523,0.04267311096191406,0.28938567638397217,0.3279306888580322,0.3220372200012207,0.31914788484573364
1581,9,0.30719584226608276,122,1.2838284969329834,0.5222148895263672,0.5185185185185185,-0.0986335277557373,-0.10345625877380371,-0.08876609802246094,-0.09764838218688965,-0.10560071468353271,-0.12594139575958252
1582,10,0.11571665108203888,12,0.7408326665560404,0.39914920926094055,0.74,-0.1080094575881958,-0.2828788757324219,-0.08032059669494629,-0.05749976634979248,-0.1048804521560669,-0.09140932559967041
1583,17,0.14957959949970245,20,0.9263680651783943,0.5210297405719757,0.5224913494809689,0.029682040214538574,-0.10772907733917236,0.053756117820739746,-0.13300848007202148,0.0397297739982605,-0.057158470153808594
1584,16,0.1670026332139969,66,1.1428936123847961,0.44811271876096725,0.3671875,0.2767667770385742,0.3430701494216919,0.29122060537338257,0.3494076728820801,0.29686129093170166,0.3487766981124878
1585,22,0.1298423409461975,39,0.9330144772926966,0.7690102281048894,0.8037190082644629,0.1225881576538086,0.06003040075302124,0.048799216747283936,0.13938218355178833,0.04219794273376465,0.09810179471969604
1586,10,0.38410061597824097,29,2.428830623626709,0.6456865651739968,0.34,0.6870942115783691,0.6950997114181519,0.676001787185669,0.68890380859375,0.6918011903762817,0.6833012104034424
1587,17,0.1950872540473938,140,0.5429096043109893,0.6352717752257983,0.27335640138408307,-0.08035361766815186,-0.0005004405975341797,-0.03920745849609375,-0.01079416275024414,-0.05263853073120117,0.01983553171157837
1588,11,0.39707285165786743,100,0.6693389415740967,0.636238306760788,0.35537190082644626,0.2575705051422119,0.22894525527954102,0.2611941695213318,0.2536426782608032,0.24856215715408325,0.3045811057090759
1589,15,0.125419482588768,161,1.2194433708985646,0.5595610108640459,0.21777777777777776,0.01888352632522583,0.00901871919631958,0.02402031421661377,0.029647469520568848,0.02187490463256836,0.03056091070175171
1590,20,0.32254481315612793,155,1.558943271636963,0.6697304041849242,0.875,0.8583282232284546,0.7551962733268738,0.8432984352111816,0.8218516111373901,0.8422458171844482,0.8227548599243164
1591,13,0.21172823011875153,165,1.3197551518678665,0.5766178634431627,0.2781065088757396,0.13908404111862183,0.16085952520370483,0.11531215906143188,0.15991663932800293,0.13641148805618286,0.14739710092544556
1592,18,0.11976813524961472,72,0.6931333889563879,0.6111271546946632,0.9907407407407407,0.6737443208694458,0.19522351026535034,0.6754484176635742,0.6764236092567444,0.6722542643547058,0.6757251024246216
1593,23,0.13698236644268036,102,0.9890198577195406,0.6138526688019434,0.011342155009451797,0.959957480430603,0.962385892868042,0.9602823853492737,0.9607442021369934,0.9605374932289124,0.9614952802658081
1594,22,0.23820969462394714,159,0.6536717613538107,0.715986796115574,0.4152892561983471,-0.0421680212020874,-0.03227376937866211,-0.04742908477783203,-0.02735579013824463,-0.045276641845703125,-0.048314571380615234
1595,13,0.3473856449127197,23,0.6029310822486877,0.4390942400152033,0.9881656804733728,0.7727637887001038,0.5277050733566284,0.7741307020187378,0.7420315742492676,0.7742564678192139,0.7013874053955078
1596,5,0.19423219561576843,150,1.0927969217300415,0.41922397911548615,0.24,0.4809853434562683,0.014775276184082031,0.4837307929992676,0.47938328981399536,0.4818950295448303,0.48618531227111816
1597,15,0.23518531024456024,50,1.6208494901657104,0.5817416633168856,0.8711111111111111,0.07415258884429932,0.025706470012664795,0.07249003648757935,0.06599712371826172,0.07148009538650513,0.06152021884918213
1598,7,0.22980865836143494,90,1.4802814722061157,0.6919382214546204,0.24489795918367346,0.33576124906539917,0.3690454363822937,0.3384642004966736,0.3587714433670044,0.34018486738204956,0.35809820890426636
1599,7,0.29546549916267395,44,1.1632639467716217,0.3405683785676956,0.6326530612244898,0.729548990726471,0.7386534214019775,0.7216598987579346,0.727379560470581,0.724528431892395,0.7272772789001465
1600,8,0.1480550467967987,77,1.3184351523717244,0.8122359961271286,0.34375,0.27175116539001465,0.2040347456932068,0.27365338802337646,0.2708650827407837,0.2731715440750122,0.2770129442214966
1601,17,0.379800409078598,198,1.172171801328659,0.4923040454204266,0.020761245674740483,0.35959261655807495,0.3720672130584717,0.3967944383621216,0.3771148920059204,0.35907667875289917,0.3581089973449707
1602,8,0.3927890658378601,33,0.21373923122882843,0.8295989802905491,0.484375,-0.08225250244140625,-0.0707627534866333,-0.0991373062133789,-0.06801533699035645,-0.06536495685577393,-0.08065366744995117
1603,6,0.26090526580810547,86,0.5653235912322998,0.9061114390691122,0.7777777777777778,0.48021429777145386,0.4526245594024658,0.47502702474594116,0.4805665612220764,0.4760324954986572,0.4823187589645386
1604,8,0.19259651005268097,132,1.2447576224803925,0.33163124322891235,0.015625,-0.011220216751098633,-0.00438535213470459,-0.016845107078552246,-0.0004924535751342773,-0.015414714813232422,-0.004306435585021973
1605,14,0.3243798613548279,165,2.1800275246302285,0.6426182294433768,0.25510204081632654,0.6576358079910278,0.6499224901199341,0.6610110998153687,0.6511447429656982,0.659912109375,0.6624647378921509
1606,14,0.15796849131584167,27,0.6715031802654267,0.8107675744427575,0.1377551020408163,0.0736457109451294,0.03297477960586548,0.06549590826034546,0.045315325260162354,0.06916117668151855,0.048579514026641846
1607,24,0.1502930074930191,106,1.227395738874163,0.6547276395208695,0.5277777777777778,0.3063930869102478,0.23049390316009521,0.30990660190582275,0.3032603859901428,0.3003803491592407,0.30956828594207764
1608,23,0.3891475796699524,63,1.5415050089359283,0.5015515770230975,0.17013232514177692,0.914326548576355,0.9251487255096436,0.9082289934158325,0.8729838132858276,0.8786369562149048,0.828471302986145
1609,18,0.21432647109031677,173,1.2921140268445015,0.9039965659379959,0.41358024691358025,0.44890642166137695,0.4283536672592163,0.4513653516769409,0.45159536600112915,0.4485882520675659,0.4424869418144226
1610,14,0.10043591260910034,118,0.8317058861255646,0.49627036849657696,0.00510204081632653,0.04964148998260498,0.1302790641784668,0.03390240669250488,0.0871891975402832,0.039136290550231934,0.12011653184890747
1611,6,0.296186625957489,85,1.700677901506424,0.6002157181501389,0.0,0.03184324502944946,0.042105138301849365,0.04097801446914673,0.0441821813583374,0.0396689772605896,0.04413384199142456
1612,17,0.2923111021518707,167,0.7710088193416595,0.5539008166108813,0.07612456747404844,0.5792287588119507,0.5867692828178406,0.5882573127746582,0.5942261815071106,0.5871401429176331,0.5363075733184814
1613,24,0.19474714994430542,106,1.5745732188224792,0.8192687287926674,0.2777777777777778,0.5804746150970459,0.5814429521560669,0.553581714630127,0.5687195062637329,0.5053436160087585,0.5566953420639038
1614,22,0.19773077964782715,124,2.430282553037008,0.5629970047034716,0.09710743801652892,0.09898751974105835,0.1717110276222229,0.09593158960342407,0.13625282049179077,0.09346640110015869,0.1302289366722107
1615,8,0.2867722809314728,22,1.5284642279148102,0.5367417509357134,0.671875,0.3377952575683594,0.3561334013938904,0.36230039596557617,0.34014761447906494,0.3629372715950012,0.3481626510620117
1616,13,0.18521030247211456,11,0.7656113766133785,0.5074882109959921,0.0650887573964497,-0.08432424068450928,0.012310624122619629,-0.09729135036468506,-0.1340951919555664,-0.08197152614593506,-0.002330303192138672
1617,8,0.18754909932613373,149,1.348897323012352,0.36522698029875755,0.046875,0.8637532591819763,0.8683099746704102,0.8664175271987915,0.8641918301582336,0.8621534109115601,0.862916111946106
1618,3,0.3867567777633667,187,0.763048529624939,0.4222870171070099,0.8888888888888888,0.4762679934501648,0.42830002307891846,0.47169774770736694,0.48105448484420776,0.47597736120224,0.47614234685897827
1619,21,0.2709043323993683,177,0.6276937574148178,0.5554668981777994,0.15192743764172337,0.41806918382644653,0.44132810831069946,0.36726075410842896,0.38851433992385864,0.3750424385070801,0.3989008665084839
1620,23,0.26984909176826477,32,1.4114062935113907,0.5208490992847242,0.23629489603024575,0.34747034311294556,-0.029362797737121582,0.34590911865234375,0.3041049838066101,0.3412840962409973,0.2936462163925171
1621,16,0.21149560809135437,80,0.7219517926375071,0.7487248927354813,0.625,-0.013336777687072754,-0.02942061424255371,-0.01058197021484375,-0.011222124099731445,-0.00915980339050293,-0.017369985580444336
1622,17,0.399528831243515,40,1.0285606781641643,0.6307366000754493,0.4844290657439446,0.25796306133270264,0.20358002185821533,0.2464732527732849,0.2026653289794922,0.21210342645645142,0.20567739009857178
1623,22,0.2834414541721344,150,1.787343700726827,0.59990504462468,0.5144628099173554,0.5521674156188965,0.5458227396011353,0.5426672101020813,0.5839494466781616,0.5428778529167175,0.5626659393310547
1624,13,0.12983191013336182,99,1.2872020415961742,0.4696734815835953,0.6627218934911243,0.002635955810546875,0.0032395124435424805,0.0037096738815307617,0.011400461196899414,0.002850055694580078,0.003376305103302002
1625,22,0.12229235470294952,113,1.136693390707175,0.4067058652639389,0.128099173553719,0.45194774866104126,0.40773648023605347,0.4509355425834656,0.43784236907958984,0.44670629501342773,0.4384956359863281
1626,7,0.12040766328573227,31,1.1555778682231903,1.1813754538695018,0.0,-0.050289273262023926,-0.08028411865234375,-0.046715378761291504,-0.07711827754974365,-0.06329882144927979,-0.07472383975982666
1627,11,0.2870141863822937,122,1.0316534787416458,0.4257888879094805,0.5537190082644629,0.8998414278030396,0.730766773223877,0.900259256362915,0.8779273629188538,0.9075002670288086,0.9098677635192871
1628,12,0.295688271522522,28,0.5691814541816711,0.8238480133669717,0.6319444444444444,0.16010338068008423,0.0564609169960022,0.14917415380477905,0.10649770498275757,0.15980547666549683,0.10905146598815918
1629,9,0.15002471208572388,146,0.6120759149392446,0.8511511484781901,0.5802469135802469,0.04068315029144287,-0.0044258832931518555,0.02614462375640869,0.0358809232711792,0.028665006160736084,0.014765024185180664
1630,25,0.3892638385295868,159,0.8669876654942831,0.5715451653708111,0.016,0.7672522664070129,0.8512687683105469,0.6914317607879639,0.7567455768585205,0.7244643568992615,0.7238442897796631
1631,12,0.1647990196943283,61,0.8021003554264704,0.6457792222499847,0.5416666666666666,0.4516807794570923,0.16038769483566284,0.4413745403289795,0.40013939142227173,0.43174290657043457,0.3964623212814331
1632,5,0.1784621924161911,35,0.5948512554168701,0.8094219267368317,0.68,0.2991909980773926,0.052090227603912354,0.2975747585296631,0.3051295280456543,0.3021327257156372,0.29374897480010986
1633,3,0.21937793493270874,99,1.2862155437469482,0.37714970111846924,0.6666666666666666,0.6799287796020508,0.6025056838989258,0.6766057014465332,0.6777900457382202,0.6787916421890259,0.6771682500839233
1634,8,0.24997112154960632,175,1.3942477703094482,0.6146813035011292,0.75,0.031614601612091064,-0.008462309837341309,0.02988535165786743,0.01948249340057373,0.038533568382263184,0.027715742588043213
1635,19,0.29600727558135986,169,0.8988834619522095,0.40620484749476116,0.04986149584487535,0.8187950849533081,0.8222227692604065,0.8097171783447266,0.8178775310516357,0.8153309226036072,0.7857201099395752
1636,4,0.158559188246727,71,0.6445320049921671,0.3374737501144409,0.3125,0.056571245193481445,-0.06868040561676025,0.05022764205932617,0.048249661922454834,0.054400742053985596,0.06638038158416748
1637,23,0.3498102128505707,109,0.8237118124961853,0.6667633190751076,0.13988657844990549,0.5855307579040527,0.5690969228744507,0.5555057525634766,0.5914605855941772,0.5816740989685059,0.5757834911346436
1638,17,0.11245894432067871,124,1.054787665605545,0.6847081482410431,0.8512110726643599,0.6133369207382202,0.6245540976524353,0.6147907972335815,0.6268720626831055,0.6174553036689758,0.6219483613967896
1639,9,0.17414996027946472,143,1.189624051253001,1.2937892476717632,0.0,0.6664457321166992,0.6481063365936279,0.6266810894012451,0.6532721519470215,0.6249629855155945,0.6116181015968323
1640,14,0.16669882833957672,51,1.3447291731834412,0.6161041359106699,0.9489795918367347,-0.161188006401062,-0.0962754487991333,-0.15123343467712402,-0.15811777114868164,-0.14425110816955566,-0.22121834754943848
1641,17,0.29743480682373047,16,1.0170050660769145,0.4663202613592148,0.5916955017301038,0.687761127948761,0.6416552066802979,0.6874672174453735,0.749184250831604,0.6837030649185181,0.7411065101623535
1642,18,0.2730719745159149,94,0.5795100331306458,0.5246890187263489,0.8580246913580247,0.6478806734085083,0.4819728136062622,0.6489689350128174,0.6137149333953857,0.5785849690437317,0.6619460582733154
1643,23,0.32316848635673523,191,1.034470647573471,0.5350728332996368,0.8544423440453687,0.533610999584198,0.14063477516174316,0.44854551553726196,0.4982314109802246,0.06361305713653564,0.2352253794670105
1644,22,0.25125962495803833,158,1.1328135927518208,0.6039775774667138,0.2892561983471074,0.34900104999542236,0.3060358166694641,0.33123189210891724,0.2814064621925354,0.34413307905197144,0.2664560079574585
1645,9,0.1590181589126587,193,1.182568871974945,0.3444220945239067,0.654320987654321,0.8584820628166199,0.8566469550132751,0.8583986759185791,0.8549172878265381,0.8569318056106567,0.8551005125045776
1646,9,0.2204705774784088,52,0.9450336843729019,0.6792635798454285,0.6666666666666666,0.6692757606506348,0.27920347452163696,0.6688694953918457,0.6575371026992798,0.6646809577941895,0.6666640639305115
1647,18,0.2279176563024521,193,1.3296554684638977,0.5141965938465936,0.8055555555555556,0.4927223324775696,0.3096216320991516,0.4866488575935364,0.4814046025276184,0.49958640336990356,0.492844820022583
1648,6,0.2689848244190216,6,0.633843183517456,0.4712314084172249,0.6388888888888888,0.13838517665863037,-0.15298950672149658,0.13842254877090454,0.08032399415969849,0.1137470006942749,0.02056962251663208
1649,13,0.21569734811782837,198,2.4048367738723755,0.6865951120853424,0.13609467455621302,0.8103615641593933,0.8379790186882019,0.7717733383178711,0.7890060544013977,0.7996741533279419,0.7754130959510803
1650,5,0.13650675117969513,54,0.9399557312329611,0.6216561794281006,0.32,-0.010855793952941895,-0.002481222152709961,-0.007817268371582031,-0.010511398315429688,-0.014127731323242188,-0.011738300323486328
1651,14,0.1518697589635849,193,0.8446555584669113,0.6459369972348213,0.3163265306122449,0.9371565580368042,0.9327448606491089,0.9292837977409363,0.9232358932495117,0.9355353116989136,0.9289489984512329
1652,3,0.296443372964859,125,1.5060592293739319,0.7778136730194092,1.0,0.013570070266723633,0.01422739028930664,0.0073969364166259766,0.010386824607849121,0.00331801176071167,0.011048495769500732
1653,21,0.3897244334220886,110,0.6778368850549062,0.7270085091392199,0.4013605442176871,0.49591296911239624,0.4834594130516052,0.43420469760894775,0.4794638156890869,0.42650139331817627,0.47123998403549194
1654,13,0.11383051425218582,103,1.2052431950966518,0.6766343116760254,0.757396449704142,0.8663535118103027,0.8645678758621216,0.8654313683509827,0.8667836785316467,0.8665071129798889,0.8675857782363892
1655,14,0.2302781194448471,27,1.7928206697106361,0.41722546219825746,0.5306122448979592,0.4274594783782959,0.4252015948295593,0.28719985485076904,0.4755151867866516,0.28151023387908936,0.5283851623535156
1656,3,0.3393418490886688,120,0.5218305587768555,0.30328696966171265,0.8888888888888888,0.15969079732894897,0.13544052839279175,0.15780800580978394,0.1538677215576172,0.1591053009033203,0.1544891595840454
1657,3,0.19410866498947144,193,1.1553269028663635,1.0279557704925537,0.8888888888888888,-0.07098734378814697,-0.03027021884918213,-0.07210171222686768,-0.08810162544250488,-0.0822598934173584,-0.07807254791259766
1658,21,0.19033069908618927,65,1.1617956260840099,0.5244382619857788,0.08163265306122448,0.8279127478599548,0.8457996845245361,0.7678427696228027,0.694240927696228,0.8036680221557617,0.849855363368988
1659,23,0.1372566968202591,38,1.8100911293710982,0.5247435681521893,0.497164461247637,0.8055267930030823,0.7403175830841064,0.8014127016067505,0.7930088043212891,0.8018213510513306,0.8031842112541199
1660,19,0.15491883456707,105,0.7042951107025146,0.555016295186111,0.0221606648199446,0.31885385513305664,0.342645525932312,0.3022097945213318,0.31722933053970337,0.3126909136772156,0.3278982639312744
1661,3,0.1815367490053177,81,0.35349179804325104,0.8204180002212524,0.8888888888888888,0.014681577682495117,0.017634153366088867,0.010816097259521484,0.02137577533721924,0.01491844654083252,0.024818897247314453
1662,16,0.1796741783618927,58,1.1159194894134998,0.6444879919290543,0.50390625,0.6012304425239563,0.08486819267272949,0.2857418656349182,0.3209916949272156,0.27695900201797485,0.6460475921630859
1663,13,0.12940075993537903,138,1.935948121547699,0.5871771983802319,0.5443786982248521,0.9170518517494202,0.8205064535140991,0.9131064414978027,0.917198121547699,0.908913254737854,0.9140508770942688
1664,19,0.30849313735961914,101,0.8735738098621368,0.55601158340772,0.8476454293628809,0.6803683638572693,0.4389721751213074,0.6803919076919556,0.6922730803489685,0.683159589767456,0.6837921142578125
1665,10,0.13928811252117157,119,1.1368943862617016,1.1404256075620651,0.7,0.7509326934814453,0.6956963539123535,0.7502830028533936,0.7699708938598633,0.7522096633911133,0.7632215023040771
1666,20,0.2118806093931198,87,1.1307643006245296,0.4478333964943886,0.2925,0.7256612181663513,0.7090710997581482,0.6994372606277466,0.7026610970497131,0.7181825041770935,0.7061920166015625
1667,19,0.2591242492198944,31,1.5977211594581604,0.4409075200557709,0.8337950138504155,0.3665679097175598,0.03496807813644409,0.3376179337501526,0.30102723836898804,0.33558356761932373,0.30599379539489746
1668,11,0.3994233310222626,5,1.0729070504506428,0.721796179190278,0.6611570247933884,0.023395776748657227,0.07191330194473267,0.016796648502349854,0.12324357032775879,0.02838611602783203,0.11258035898208618
1669,14,0.278575599193573,129,0.9086893002192179,0.777514938603748,0.23979591836734693,0.41474461555480957,0.37149518728256226,0.4115219712257385,0.41026973724365234,0.4137938618659973,0.4005805253982544
1670,12,0.19032564759254456,162,0.5833506464958191,0.8001070959227425,0.1736111111111111,0.01738297939300537,-0.012746095657348633,0.005482733249664307,-0.010682821273803711,0.019241511821746826,0.012983143329620361
1671,16,0.10352317243814468,178,1.3906454543272655,0.6935982584953309,0.328125,-0.08211004734039307,0.09387087821960449,-0.032340407371520996,0.03650552034378052,-0.0554659366607666,0.038207411766052246
1672,11,0.32625049352645874,173,0.5171467065811157,0.6097384906477399,0.19834710743801653,0.5713127851486206,0.621465265750885,0.5282968282699585,0.585901141166687,0.5634124279022217,0.6095174551010132
1673,12,0.3009997010231018,182,0.5387890487909317,0.5161170333623886,0.4097222222222222,0.4652096629142761,0.39594244956970215,0.48860877752304077,0.46335268020629883,0.4611204266548157,0.43201470375061035
1674,25,0.3952972888946533,161,0.9900851845741272,0.4919486635675033,0.8272,0.690721869468689,0.592300295829773,0.6362469792366028,0.5384746789932251,0.6223219037055969,0.5880458354949951
1675,12,0.2945861518383026,33,0.6346426010131836,0.46474115053812665,0.041666666666666664,0.0008928775787353516,0.0930745005607605,0.008488833904266357,0.10687953233718872,-0.02530491352081299,0.09992402791976929
1676,9,0.26310810446739197,84,0.7812035158276558,0.8743338704109191,0.5061728395061729,-0.08892405033111572,-0.014239907264709473,-0.08587801456451416,-0.10292816162109375,-0.09243595600128174,-0.11753642559051514
1677,16,0.13691043853759766,169,1.2594995896021526,0.5072258859872818,0.140625,0.775263249874115,0.7755844593048096,0.7766458988189697,0.770435094833374,0.7769035696983337,0.7776501774787903
1678,11,0.15097709000110626,63,1.6218937158584594,0.5143619378407797,0.5371900826446281,0.4948815703392029,0.040398478507995605,0.5016414523124695,0.49515485763549805,0.5048338174819946,0.4941014051437378
1679,16,0.17082801461219788,61,1.8025399893522263,0.6272021693487962,0.890625,-0.039025306701660156,-0.09173583984375,-0.008558154106140137,-0.012936115264892578,-0.0036754608154296875,-0.032938480377197266
1680,8,0.12201070040464401,131,1.279811406135559,0.65897536277771,0.890625,0.6026294827461243,0.5656511783599854,0.6047139763832092,0.5983964204788208,0.602669358253479,0.6010711193084717
1681,17,0.3868115544319153,165,0.9176482160886129,0.5318296221750123,0.6539792387543253,0.6697885394096375,0.3704203963279724,0.6398158669471741,0.5693666338920593,0.5619121789932251,0.5923422574996948
1682,8,0.29585185647010803,33,1.1041361093521118,0.7506227237837655,0.34375,0.14488357305526733,0.18036365509033203,0.22289973497390747,0.17777836322784424,0.153192937374115,0.21982085704803467
1683,23,0.27763795852661133,152,1.2377784252166748,0.6555719501093814,0.5425330812854442,0.5024482011795044,0.5323246717453003,0.4973672032356262,0.5129611492156982,0.49973857402801514,0.5171197056770325
1684,7,0.14965444803237915,185,0.8923421084880829,0.3108696788549423,0.24489795918367346,0.058878540992736816,0.011001884937286377,0.06750893592834473,0.06355613470077515,0.061939358711242676,0.06415289640426636
1685,15,0.10966714471578598,192,0.7496816404163837,0.4859096535614559,0.0,0.19267761707305908,0.19537460803985596,0.193808913230896,0.19658005237579346,0.1811981201171875,0.19800633192062378
1686,13,0.18829356133937836,47,1.271396517753601,0.6181875709444284,0.5384615384615384,-0.043280959129333496,-0.029448509216308594,-0.024399995803833008,-0.03204703330993652,-0.03095412254333496,-0.018314599990844727
1687,13,0.28323501348495483,176,1.020176813006401,0.5659634470939636,0.4911242603550296,0.03555411100387573,0.06093728542327881,0.017241239547729492,0.027012765407562256,0.013851046562194824,0.04130643606185913
1688,19,0.11474252492189407,150,0.6857950426638126,0.5000066608190536,0.9667590027700831,-0.015230417251586914,-0.04933595657348633,-0.01324009895324707,-0.08476912975311279,-0.007576704025268555,-0.05682492256164551
1689,18,0.16870427131652832,190,0.7390613377094268,0.5197898676762214,0.8518518518518519,0.806973934173584,0.7331660985946655,0.8101071715354919,0.8154897093772888,0.8125804662704468,0.8074809312820435
1690,7,0.16402031481266022,194,1.0775785247484844,0.517643965780735,0.7959183673469388,0.6995047330856323,0.6970580816268921,0.7011933326721191,0.7043955326080322,0.7010840177536011,0.7021289467811584
1691,12,0.3626520037651062,48,0.7612087465822697,0.6448300555348396,0.5625,0.5309955477714539,0.4532129764556885,0.5311183333396912,0.5275253653526306,0.5301482081413269,0.5312166213989258
1692,18,0.2064003348350525,39,0.5700036883354187,0.6380729253093401,0.6851851851851852,-0.05243635177612305,0.09012365341186523,-0.06852388381958008,0.08169984817504883,-0.036490440368652344,0.09809726476669312
1693,23,0.3917001783847809,49,1.097379446029663,0.608625057068738,0.43667296786389415,-0.0462801456451416,-0.12538957595825195,-0.028999686241149902,0.10210520029067993,-0.04297912120819092,0.050434887409210205
1694,20,0.12435288727283478,41,1.198983331521352,0.835683785378933,0.5175,0.9199323058128357,0.8902121186256409,0.9205777049064636,0.925004243850708,0.9196294546127319,0.9265862703323364
1695,12,0.15126782655715942,15,0.9710983991622925,0.6665889493056706,0.6736111111111112,0.47857165336608887,0.5448333024978638,0.4804176688194275,0.5352544784545898,0.48960697650909424,0.4394494295120239
1696,7,0.3158653974533081,124,1.5130973358949025,1.0363041758537292,0.3877551020408163,0.4240562915802002,0.16808849573135376,0.41998547315597534,0.416196346282959,0.4261201024055481,0.42633873224258423
1697,22,0.22536437213420868,14,1.3434605970978737,0.6743002467685275,0.09504132231404959,-0.03935837745666504,0.1412031054496765,-0.05497729778289795,0.1198197603225708,-0.034098029136657715,0.05127483606338501
1698,20,0.2109709084033966,120,1.6818837448954582,0.4826156897470355,0.295,0.9437031745910645,0.9419437646865845,0.9321246147155762,0.9171295166015625,0.9002187848091125,0.7852723002433777
1699,7,0.1283424198627472,166,0.8547480901082357,0.5681936666369438,0.6938775510204082,0.16761565208435059,0.04688417911529541,0.1297810673713684,0.12052977085113525,0.14411646127700806,0.1571810245513916
1700,8,0.13672678172588348,165,0.7374465465545654,0.5728101283311844,0.78125,-0.0006573200225830078,-0.021531343460083008,0.002723217010498047,0.004822194576263428,0.0025235414505004883,0.003688514232635498
1701,23,0.1020374745130539,170,1.2741867218698775,0.5259235668927431,0.17013232514177692,0.5948414206504822,0.6084771156311035,0.6001520156860352,0.5941276550292969,0.5892526507377625,0.5909856557846069
1702,25,0.23389968276023865,54,1.0909456610679626,0.5000889018962258,0.9328,0.30837011337280273,0.2103862166404724,0.19291448593139648,0.19715338945388794,0.17890465259552002,0.14026778936386108
1703,17,0.2680205702781677,16,0.7750030681490898,0.4520595738520989,0.643598615916955,0.6848192811012268,0.7083594799041748,0.6826669573783875,0.7146056890487671,0.6673703193664551,0.7055488228797913
1704,7,0.28889206051826477,188,1.2842154602209728,0.5687922686338425,0.2857142857142857,0.9682363867759705,0.9288552403450012,0.9679151773452759,0.9685208797454834,0.9688811302185059,0.9672080278396606
1705,25,0.14648514986038208,41,1.1009634733200073,0.5435640686436704,0.9488,-0.06813132762908936,-0.2215127944946289,-0.09802091121673584,-0.11459004878997803,-0.062284111976623535,-0.06438767910003662
1706,9,0.37529897689819336,96,1.3806863725185394,0.6789102894919259,0.5555555555555556,0.08535748720169067,0.06030011177062988,0.09155029058456421,0.08021301031112671,0.0887872576713562,0.0868370532989502
1707,21,0.39699751138687134,34,1.047139048576355,0.596104308962822,0.3401360544217687,0.10943001508712769,0.2538595199584961,0.03959977626800537,0.19204479455947876,0.046934425830841064,0.17228543758392334
1708,15,0.383882075548172,114,0.3618929535150528,0.7160006474990112,0.6933333333333334,0.6148933172225952,0.30390357971191406,0.6005504727363586,0.5308322906494141,0.5853506326675415,0.5599876642227173
1709,12,0.31538125872612,45,0.5004337728023529,0.7844072446227074,0.8958333333333334,0.6446386575698853,0.49643653631210327,0.5978065729141235,0.6266267895698547,0.6099432706832886,0.6232891082763672
1710,18,0.3044745624065399,48,0.8725695908069611,0.5772312372922898,0.06481481481481481,0.7789982557296753,0.8011074662208557,0.7711448669433594,0.7629086971282959,0.7669947147369385,0.7454079389572144
1711,4,0.1688382923603058,197,1.760412871837616,0.8702964186668396,0.375,0.015031397342681885,0.00917750597000122,0.017352938652038574,0.01314854621887207,0.019990265369415283,0.01792365312576294
1712,18,0.3218582272529602,33,0.7639634311199188,0.5564645826816559,0.39814814814814814,0.8704069256782532,0.7606102228164673,0.8481127023696899,0.8627007603645325,0.8770847320556641,0.8601025938987732
1713,23,0.14139233529567719,15,1.699644073843956,0.4725068241357803,0.5841209829867675,0.09384006261825562,0.1398819088935852,0.0023976564407348633,0.23091524839401245,-0.1334390640258789,0.23169225454330444
1714,12,0.32104992866516113,108,1.871438980102539,0.6827040450139479,0.8541666666666666,0.7035712003707886,0.6007500886917114,0.7019832134246826,0.6796104311943054,0.6904126405715942,0.6914235353469849
1715,24,0.17943881452083588,157,1.2718511372804642,0.5762245340479745,0.5711805555555556,0.5673221349716187,0.5101422071456909,0.5562235116958618,0.5846790075302124,0.5644587278366089,0.5734737515449524
1716,7,0.227759450674057,115,0.9858444929122925,0.4038856774568558,0.5510204081632653,-0.0025451183319091797,-0.0071915388107299805,-0.0061337947845458984,-0.0021315813064575195,-0.011579155921936035,-0.0043305158615112305
1717,24,0.21062806248664856,99,1.0343737483024598,0.6467414121878775,0.9861111111111112,0.9323912262916565,0.8908270001411438,0.9339912533760071,0.9319992065429688,0.934162437915802,0.9343342781066895
1718,25,0.2521447539329529,5,0.5029876530170441,0.5649151244889135,0.9616,0.22987854480743408,0.0862237811088562,0.24094527959823608,0.1559067964553833,0.24417030811309814,0.260318398475647
1719,13,0.12361415475606918,75,1.3182222296794255,0.454916421856199,0.5680473372781065,0.31072998046875,-0.02149510383605957,0.29046595096588135,0.29109954833984375,0.278617799282074,0.3057287335395813
1720,19,0.11799372732639313,31,1.2939764923519559,0.4070016354322433,0.18282548476454294,-0.04830503463745117,0.03783613443374634,-0.021230578422546387,0.019737422466278076,-0.021393775939941406,0.011181414127349854
1721,4,0.11321567744016647,192,1.3249311645825703,0.6754871606826782,0.5,0.055934250354766846,0.07613104581832886,0.05273681879043579,0.054149508476257324,0.061939239501953125,0.038324594497680664
1722,16,0.23081891238689423,38,0.9695763190587362,0.5859898260006537,0.3046875,0.8223987817764282,0.7791249752044678,0.8318943977355957,0.8217543363571167,0.8272902369499207,0.8260778188705444
1723,6,0.29396384954452515,55,1.5310062170028687,0.38546716049313545,0.25,0.5468743443489075,0.5158597230911255,0.5516086220741272,0.5519627332687378,0.5490655899047852,0.5536171197891235
1724,14,0.19942831993103027,134,0.7821708440780639,0.527865489323934,0.6377551020408163,-0.02619922161102295,-0.03104257583618164,-0.023203134536743164,-0.022930264472961426,-0.028597354888916016,-0.023229598999023438
1725,10,0.33365482091903687,165,2.361243426799774,0.7076488547027111,0.93,0.6085585355758667,0.2517792582511902,0.6129014492034912,0.5853705406188965,0.5775291919708252,0.5098210573196411
1726,12,0.1087285727262497,147,1.0023526634488786,0.31147401928901675,0.7152777777777778,0.5435142517089844,0.2419101595878601,0.5404939651489258,0.5423569679260254,0.5444246530532837,0.5387070178985596
1727,13,0.14711739122867584,104,1.1126785576343536,0.6940378944079081,0.893491124260355,0.7730121612548828,0.37494099140167236,0.7705636620521545,0.767396867275238,0.7710251212120056,0.7706215381622314
1728,23,0.12816797196865082,76,1.0712685414722987,0.6717923283576965,0.8525519848771267,0.6934099197387695,0.41525691747665405,0.6799861788749695,0.6832993030548096,0.6848462820053101,0.687174379825592
1729,3,0.11664903163909912,77,0.8139479756355286,0.25736764073371887,0.0,0.8827956914901733,0.8825786113739014,0.8835160136222839,0.8669499158859253,0.8836655616760254,0.8830469250679016
1730,12,0.1791265606880188,133,1.1142779489358265,0.44533928980429965,0.6527777777777778,0.015624165534973145,0.06132948398590088,0.03946113586425781,0.08850377798080444,0.03212165832519531,0.10061532258987427
1731,23,0.1844089925289154,6,1.7849918007850647,0.49532845947477555,0.3988657844990548,-0.18659663200378418,-0.4770622253417969,-0.18195796012878418,-0.351870059967041,-0.1993882656097412,-0.34777653217315674
1732,15,0.17910128831863403,99,1.581043655673663,0.4860742257701026,0.2311111111111111,0.2458575963973999,0.2511501908302307,0.2438821792602539,0.2708449363708496,0.24684137105941772,0.26955676078796387
1733,5,0.1880236119031906,196,0.5156832337379456,0.5307412842909495,0.36,0.47688180208206177,0.48235857486724854,0.471150279045105,0.48036694526672363,0.47646987438201904,0.47091978788375854
1734,7,0.1799500435590744,151,1.0805715322494507,0.62626713514328,0.42857142857142855,0.4756197929382324,0.48698586225509644,0.48250579833984375,0.47581231594085693,0.4790041446685791,0.4805490970611572
1735,25,0.2336217612028122,34,1.2900809198617935,0.9110076257160732,0.1536,0.6824565529823303,0.7298734784126282,0.6131681203842163,0.7371590733528137,0.6222878098487854,0.7389925122261047
1736,18,0.11311633884906769,63,1.5253108399254935,0.6051457822322845,0.8611111111111112,0.2002243995666504,0.19778937101364136,0.20884472131729126,0.20396047830581665,0.19586396217346191,0.2069413661956787
1737,3,0.20381395518779755,63,1.061495691537857,0.4324581027030945,0.8888888888888888,-0.0029479265213012695,-0.0036509037017822266,-0.004629969596862793,-0.0022281408309936523,-0.0030516386032104492,-0.004529118537902832
1738,10,0.2511318027973175,14,1.4934628009796143,0.43977213757378714,0.11,0.3879905939102173,0.6132392883300781,0.06441038846969604,0.5851017236709595,0.051677048206329346,0.5669758319854736
1739,10,0.2696121037006378,41,0.6844420830408732,0.6731407046318054,0.86,0.5567895770072937,-0.11232125759124756,0.5193564891815186,0.5437130928039551,0.4956727623939514,0.5170285105705261
1740,7,0.296223908662796,53,0.7735469341278076,0.3731626073519389,0.08163265306122448,0.674248218536377,0.6812871098518372,0.6739974021911621,0.680130124092102,0.6791718602180481,0.6846175193786621
1741,24,0.2350948303937912,76,0.9935572693745295,0.5527889529863993,0.546875,0.746667742729187,0.6591131091117859,0.7437024116516113,0.7466344237327576,0.7459255456924438,0.7372868061065674
1742,13,0.16964587569236755,26,1.1415060460567474,0.5757392985480172,0.28994082840236685,0.7323070764541626,0.8264976739883423,0.6352308392524719,0.7385185956954956,0.7263603210449219,0.6591989994049072
1743,6,0.20073725283145905,146,0.8576507767041525,0.7917193075021108,0.2777777777777778,0.003993690013885498,0.02039092779159546,0.014906883239746094,-0.003091096878051758,0.01571810245513916,0.01801520586013794
1744,21,0.13333958387374878,131,0.970344877243042,0.47362306036732416,0.13151927437641722,0.24693655967712402,0.33656424283981323,0.23703289031982422,0.29292070865631104,0.23087799549102783,0.27351850271224976
1745,11,0.2574879825115204,64,1.0216722935438156,0.6022172740527562,0.743801652892562,0.6271877288818359,0.5766212940216064,0.5768053531646729,0.6257822513580322,0.5654047727584839,0.6545926928520203
1746,13,0.38664981722831726,128,0.7373656034469604,0.6407450834910074,0.9230769230769231,0.7488630414009094,0.6892364025115967,0.7449318766593933,0.7469329833984375,0.7463691234588623,0.7505671977996826
1747,23,0.34081271290779114,151,1.2909829020500183,0.7010490581393242,0.3516068052930057,0.6375135183334351,0.5366911888122559,0.4553547501564026,0.49214333295822144,0.4955402612686157,0.2574365735054016
1748,22,0.21996276080608368,139,1.6577744483947754,0.6362568704705489,0.5743801652892562,0.19008606672286987,0.23515993356704712,0.1466262936592102,0.2260724902153015,0.15217357873916626,0.23779910802841187
1749,13,0.14645010232925415,52,0.9339017152786255,0.643050704151392,0.9289940828402367,0.04729562997817993,0.0698702335357666,-0.07348883152008057,0.135841965675354,0.0224686861038208,-0.13411283493041992
1750,21,0.11221478879451752,130,1.1410507410764694,0.6604366268102939,0.027210884353741496,0.8342000842094421,0.8321356773376465,0.8334625959396362,0.827978253364563,0.8327606320381165,0.8343648314476013
1751,25,0.1717263013124466,185,1.1299571692943573,0.7428131642795744,0.064,0.7343907952308655,0.7299356460571289,0.7340730428695679,0.7264419198036194,0.7330196499824524,0.7324999570846558
1752,17,0.12407586723566055,66,1.1035065531730652,0.42404868081212044,0.27335640138408307,0.7812310457229614,0.7849394679069519,0.7902811169624329,0.7807776927947998,0.7850514650344849,0.7798426151275635
1753,23,0.1382388323545456,65,1.0775575637817383,0.6229841808478037,0.05103969754253308,0.6850121021270752,0.7109683752059937,0.6925017833709717,0.6992510557174683,0.6882719993591309,0.684302806854248
1754,4,0.116974376142025,107,0.3714880843957265,0.4932228922843933,0.375,0.031201958656311035,0.005388081073760986,0.02681136131286621,0.037120938301086426,0.030368030071258545,0.03503137826919556
1755,16,0.1219608262181282,104,0.7447369247674942,0.628785252571106,0.96875,0.0031353235244750977,-0.05113363265991211,0.0031690001487731934,0.003414452075958252,-0.0021497011184692383,-0.006084084510803223
1756,25,0.27233240008354187,56,0.6537851467728615,0.6817491437707629,0.056,-0.05624222755432129,-0.08655929565429688,-0.06359851360321045,-0.10990297794342041,-0.05755198001861572,-0.08579146862030029
1757,5,0.21246087551116943,161,0.872196614742279,1.0692518055438995,0.24,0.07293510437011719,0.009380757808685303,0.06939870119094849,0.05322450399398804,0.0764966607093811,0.05559200048446655
1758,13,0.21721813082695007,63,0.6968787312507629,0.7491440822680792,0.005917159763313609,-0.08673727512359619,-0.10592448711395264,-0.08784735202789307,-0.12509465217590332,-0.08389008045196533,-0.12330436706542969
1759,22,0.1425924301147461,132,0.8209720905870199,0.5696581144418035,0.9566115702479339,0.042484819889068604,-0.011081099510192871,0.06359201669692993,0.0554652214050293,0.05942350625991821,0.029448390007019043
1760,7,0.21750256419181824,43,1.7731024026870728,0.3460300713777542,0.32653061224489793,0.20256716012954712,0.2226262092590332,0.2020295262336731,0.18713408708572388,0.22063052654266357,0.18915849924087524
1761,12,0.293549507856369,140,1.3622156977653503,0.6329940983227321,0.2777777777777778,0.49895286560058594,0.5431154370307922,0.5101287364959717,0.5271596908569336,0.5171429514884949,0.5384112596511841
1762,18,0.2474001795053482,86,1.242607980966568,0.8337086671963334,0.8117283950617284,0.6614512205123901,0.6644128561019897,0.660857081413269,0.6424235105514526,0.6726789474487305,0.6643027067184448
1763,9,0.3053833842277527,125,1.0311278998851776,0.706509815795081,0.7654320987654321,-0.028419017791748047,-0.028622984886169434,-0.029945969581604004,-0.024233102798461914,-0.02857530117034912,-0.0314178466796875
1764,10,0.23944319784641266,100,1.236482133467992,0.6262479701212474,0.83,0.4591076374053955,0.25255703926086426,0.46077632904052734,0.43740570545196533,0.4596109390258789,0.44071143865585327
1765,22,0.21655379235744476,103,0.8889069072902203,0.5336349936468261,0.9669421487603306,0.7464617490768433,0.6308196783065796,0.7410061359405518,0.7047858834266663,0.7520115971565247,0.7289115190505981
1766,20,0.1668979972600937,189,1.5058500369389851,0.51261284415211,0.9025,0.5562292337417603,0.5465624928474426,0.5686756372451782,0.5552933216094971,0.5675380229949951,0.5676330327987671
1767,8,0.30185604095458984,44,0.9017945726712545,0.5943388283252716,0.640625,0.0010079741477966309,-0.023545026779174805,-0.004567980766296387,-0.07641839981079102,0.0010943412780761719,-0.017203807830810547
1768,13,0.22038152813911438,37,0.899044930934906,0.6534722987562418,0.6094674556213018,-0.33786821365356445,-0.030353784561157227,-0.27616775035858154,-0.10977458953857422,-0.2991347312927246,-0.07419371604919434
1769,13,0.28233930468559265,157,0.7460828423500061,0.4789401859045029,0.7218934911242604,0.7929298877716064,0.781774640083313,0.7887704372406006,0.7891237735748291,0.7889935970306396,0.7922925353050232
1770,8,0.16599854826927185,184,1.0392560337980588,0.7328716367483139,0.328125,-0.0017383098602294922,-0.008468389511108398,-0.0020744800567626953,-0.0036835670471191406,-0.0030226707458496094,-0.0031011104583740234
1771,10,0.13256336748600006,47,0.6410098870595297,0.33937763795256615,0.44,0.32130372524261475,0.3374863862991333,0.3112298846244812,0.32286494970321655,0.28100645542144775,0.29186010360717773
1772,25,0.10925105214118958,101,0.8970381319522858,0.5104536223742697,0.0528,0.8131810426712036,0.8289644718170166,0.8202548027038574,0.8283200263977051,0.8184695243835449,0.8308930993080139
1773,25,0.1434042602777481,11,1.3378521303335826,0.6447962522506714,0.7904,0.5567967891693115,0.19695806503295898,0.5504013299942017,0.578772246837616,0.5579046607017517,0.5954073667526245
1774,25,0.3969193398952484,72,0.7107177674770355,0.597311574479808,0.3456,0.48394501209259033,0.4142124652862549,0.4814985394477844,0.49446386098861694,0.4852403402328491,0.480954110622406
1775,20,0.20793896913528442,22,0.5742393036683401,0.6562745325705585,0.98,0.9068595767021179,0.38695061206817627,0.8946852684020996,0.9086447954177856,0.883250892162323,0.8945409059524536
1776,10,0.22848515212535858,81,0.754111722111702,0.7017453536391258,0.13,0.24136579036712646,0.23506712913513184,0.24130618572235107,0.23936611413955688,0.24654358625411987,0.2390305995941162
1777,23,0.2666046619415283,29,1.3380531817674637,0.583361629592745,0.41776937618147447,0.29095458984375,0.14994913339614868,0.3323003649711609,0.3128892183303833,0.3170474171638489,0.273206889629364
1778,10,0.26383379101753235,53,1.3515257835388184,0.41519753847803387,0.44,0.048255980014801025,0.1597021222114563,0.06350171566009521,0.12797552347183228,0.08704644441604614,0.13050568103790283
1779,16,0.1786390244960785,121,1.2936495939890544,0.44398869276046754,0.0078125,0.9509925842285156,0.9514824748039246,0.9486145377159119,0.942645788192749,0.9474048018455505,0.9487271308898926
1780,3,0.35096511244773865,193,0.7172376215457916,1.4509758949279785,0.8888888888888888,0.022446751594543457,0.002956986427307129,0.017081022262573242,0.020068228244781494,0.01761448383331299,0.020838618278503418
1781,25,0.14658258855342865,167,0.9642976671457291,0.6438035039525283,0.8256,0.53619384765625,0.4586294889450073,0.5351228713989258,0.5345812439918518,0.5342420935630798,0.5369764566421509
1782,21,0.1616065502166748,164,0.9880199697282579,0.518267580618461,0.3900226757369615,0.6755580902099609,0.6562366485595703,0.6841212511062622,0.6998423933982849,0.7004371881484985,0.6985859870910645
1783,9,0.10599624365568161,168,0.7945935606956482,0.3451506681740284,0.08641975308641975,0.5308103561401367,0.53897625207901,0.5354602932929993,0.5186282396316528,0.5384616851806641,0.5278749465942383
1784,23,0.29416367411613464,29,1.472465415795644,0.6836830623447895,0.8185255198487713,0.09577745199203491,0.07716089487075806,0.013457417488098145,0.02171534299850464,0.015089094638824463,0.07121729850769043
1785,25,0.2518278658390045,189,0.6001946270465851,0.7336039148271084,0.7264,0.6961519718170166,0.6352294683456421,0.7018101215362549,0.7037158012390137,0.7024959325790405,0.6994229555130005
1786,11,0.28395113348960876,146,1.3633303567767143,0.41273372939654757,0.18181818181818182,0.7809832096099854,0.788712203502655,0.7753199934959412,0.7848799228668213,0.7750436067581177,0.7966638803482056
1787,20,0.10609143227338791,78,1.3363985955715179,0.6575015813112259,0.5925,0.898262083530426,0.7824642658233643,0.8857095241546631,0.8733690977096558,0.8838640451431274,0.8699954748153687
1788,11,0.394609272480011,91,1.157138504087925,0.7182275440011706,0.7603305785123967,0.05433422327041626,0.07539814710617065,0.05697733163833618,0.09117066860198975,0.04509592056274414,0.07310432195663452
1789,5,0.11844715476036072,84,0.6567274530728658,0.6996104717254639,0.88,0.07343769073486328,0.011297285556793213,0.06894499063491821,0.04508626461029053,0.06895452737808228,0.06080847978591919
1790,25,0.2937961518764496,172,1.419549822807312,0.601846701775988,0.0768,0.7046209573745728,0.6199160218238831,0.5748826265335083,0.5855456590652466,0.38061290979385376,0.4766044020652771
1791,20,0.10630115121603012,125,1.7127519249916077,0.4996678978204727,0.305,0.9114494919776917,0.9127975106239319,0.9097824692726135,0.915848433971405,0.9105327129364014,0.9154106378555298
1792,23,0.129536971449852,7,1.678951695561409,0.5392321368058522,0.6257088846880907,0.07530319690704346,0.31801629066467285,0.039670348167419434,0.15060710906982422,0.023864328861236572,0.08544033765792847
1793,17,0.30183711647987366,119,0.778346449136734,0.5064788897832234,0.8235294117647058,0.1569470763206482,0.10459500551223755,0.1639452576637268,0.1640896201133728,0.15728479623794556,0.15714293718338013
1794,20,0.30061858892440796,102,0.962864838540554,0.7235389966517687,0.3875,0.6667802333831787,0.6478798985481262,0.647148847579956,0.683534562587738,0.6458531618118286,0.6602336764335632
1795,25,0.2739604413509369,38,1.2889368832111359,0.5023663098161871,0.3024,0.8401920199394226,0.6823654174804688,0.8089564442634583,0.8065543174743652,0.7893600463867188,0.8101037740707397
1796,22,0.18239788711071014,194,0.5150854699313641,0.44060562137100434,0.30785123966942146,0.7941300272941589,0.7435892820358276,0.7778505086898804,0.7852493524551392,0.7751094102859497,0.7875380516052246
1797,25,0.39124149084091187,179,1.3746974070866902,0.5738841898062013,0.3648,0.8642812967300415,0.8150855302810669,0.8437490463256836,0.8347349166870117,0.8345904350280762,0.8229053020477295
1798,17,0.11060783267021179,27,0.7922037222555706,0.7009149491786957,0.7854671280276817,0.034994304180145264,0.09376198053359985,0.0028488636016845703,0.11058109998703003,0.02715069055557251,0.10648560523986816
1799,4,0.3145153522491455,80,1.207828551530838,0.4907008111476898,0.875,0.534772515296936,0.2041441798210144,0.5361300706863403,0.5333890318870544,0.5345656275749207,0.5355826616287231
1800,14,0.16780169308185577,165,1.078150634964307,0.6836997959762812,0.6326530612244898,0.11147892475128174,0.110889732837677,0.0990186333656311,0.11793404817581177,0.1083100438117981,0.11719143390655518
1801,14,0.13016711175441742,64,1.3330893386155367,0.3844891960422198,0.17857142857142858,0.5568475723266602,0.5527224540710449,0.5629618167877197,0.563684344291687,0.5574663281440735,0.5580440759658813
1802,17,0.2431466281414032,197,1.330912172794342,0.4418606236577034,0.0034602076124567475,0.7469692230224609,0.7378456592559814,0.7407211065292358,0.7301948666572571,0.7408894300460815,0.7294315099716187
1803,19,0.1072157546877861,190,0.9120438369837675,0.5051112100481987,0.2631578947368421,0.9375598430633545,0.9076027870178223,0.9382458329200745,0.9278533458709717,0.9365255832672119,0.9387397170066833
1804,11,0.15812894701957703,136,1.0828333497047424,0.39211001992225647,0.7851239669421488,-0.0038938522338867188,-0.037476539611816406,-0.006208300590515137,-0.02313864231109619,-0.005764961242675781,-0.01974320411682129
1805,10,0.23948749899864197,92,0.9400880634784698,0.6908864205082258,0.37,0.8113510012626648,0.807400107383728,0.8047786355018616,0.8026131987571716,0.8046382069587708,0.8041159510612488
1806,17,0.36830535531044006,185,1.122169904410839,0.4943936558870169,0.8650519031141869,0.6520524024963379,0.5537356734275818,0.6284148693084717,0.6136952638626099,0.6312280893325806,0.6324313879013062
1807,6,0.14910079538822174,39,0.4237122784058253,0.49581649899482727,0.7222222222222222,0.003955066204071045,-0.02031707763671875,0.004932820796966553,-0.0004538297653198242,0.006322026252746582,-0.008849740028381348
1808,13,0.23607920110225677,59,1.099181890487671,0.5915704005294375,0.8816568047337278,0.886484682559967,0.814386785030365,0.8916960954666138,0.8782006502151489,0.885706901550293,0.8742437362670898
1809,4,0.13056178390979767,134,0.604174792766571,0.2619835088650386,0.375,0.047679781913757324,0.06484311819076538,0.05226999521255493,0.07460957765579224,0.042702436447143555,0.06840932369232178
1810,13,0.11704146862030029,44,0.7094266414642334,1.0561773180961609,0.38461538461538464,-0.10830807685852051,0.012467622756958008,-0.09762811660766602,-0.03530740737915039,-0.08598875999450684,-0.03765738010406494
1811,17,0.2881745994091034,6,1.3332106620073318,0.47433374707515424,0.7612456747404844,0.7209697961807251,0.684906005859375,0.7261219620704651,0.7378077507019043,0.7410261631011963,0.7261262536048889
1812,11,0.25357046723365784,178,1.1788310408592224,0.4181125206606729,0.768595041322314,0.7312608957290649,0.6491377353668213,0.7208808660507202,0.7029851078987122,0.7180731296539307,0.7077318429946899
1813,6,0.2690750062465668,104,1.418624222278595,0.3250694125890732,0.6944444444444444,0.6459833383560181,0.6274903416633606,0.6478346586227417,0.6500146389007568,0.6463210582733154,0.6479613780975342
1814,21,0.30919188261032104,168,1.1524525880813599,0.8103698439896106,0.1473922902494331,0.5834197998046875,0.6282670497894287,0.5580997467041016,0.5767749547958374,0.6011453866958618,0.6049470901489258
1815,6,0.3469230830669403,93,1.0962169369061787,0.49628157416979474,0.8055555555555556,0.4787440299987793,0.4747440218925476,0.476737916469574,0.4774300456047058,0.4778825044631958,0.4790530800819397
1816,21,0.15469668805599213,185,1.2925309141476948,0.6258790771166484,0.5396825396825397,0.7194420099258423,0.6941515207290649,0.7182703018188477,0.7271270751953125,0.7276355028152466,0.7298415899276733
1817,17,0.1698223501443863,51,1.0160105228424072,0.6502860605716705,0.7370242214532872,0.3344268202781677,0.442526638507843,0.27705520391464233,0.3905945420265198,0.28352802991867065,0.3444342613220215
1818,19,0.13385993242263794,45,0.8023749462195805,0.7660446713368098,0.9861495844875346,0.12930667400360107,-0.29872381687164307,0.14471328258514404,-0.011682987213134766,0.14403265714645386,0.13574254512786865
1819,20,0.328185111284256,39,1.236135184764862,0.5079173428170821,0.6275,0.6185370683670044,0.6094111204147339,0.5486043691635132,0.716987669467926,0.565214216709137,0.6442179679870605
1820,13,0.1295323371887207,87,0.7991600135962168,0.5286290666886738,0.7869822485207101,0.7519007921218872,0.6830648183822632,0.7533020973205566,0.7576125264167786,0.7479948997497559,0.7533684372901917
1821,21,0.24148814380168915,63,1.1705563515424728,0.7207015437238357,0.673469387755102,0.8603962659835815,0.8351443409919739,0.8667629957199097,0.8660590052604675,0.8586864471435547,0.8661973476409912
1822,22,0.13701744377613068,9,1.3047943413257599,0.7828950392348426,0.24173553719008264,0.021952331066131592,0.1325168013572693,0.01648533344268799,0.11479771137237549,0.01629769802093506,0.0627363920211792
1823,16,0.27753928303718567,15,1.3546029552817345,0.6893194317817688,0.3046875,0.587954044342041,0.5277372598648071,0.5823127627372742,0.5714088082313538,0.5728846192359924,0.5893739461898804
1824,14,0.27469512820243835,2,2.220911224683126,0.6118913916024294,0.5918367346938775,0.3996276259422302,0.5342863202095032,0.32825857400894165,0.49367475509643555,0.32163745164871216,0.4430304169654846
1825,8,0.2750101089477539,142,1.0940828025341034,0.3386554755270481,0.703125,0.2292361855506897,0.19416385889053345,0.24327129125595093,0.21627384424209595,0.24500852823257446,0.23523598909378052
1826,22,0.2633838951587677,179,1.0339798331260681,0.5275473389774561,0.5640495867768595,0.4210761785507202,0.3599993586540222,0.3680809736251831,0.40131813287734985,0.36724066734313965,0.39036136865615845
1827,3,0.37011292576789856,24,0.4111616462469101,0.8038203120231628,0.3333333333333333,0.2999998927116394,-0.013073325157165527,0.29269957542419434,0.2640586495399475,0.30017000436782837,0.231181800365448
1828,24,0.1833442598581314,2,1.1949250996112823,0.6840094782412052,0.23958333333333334,-0.7798155546188354,-0.20340406894683838,-0.7177460193634033,-0.3473309278488159,-0.6982976198196411,-0.4454144239425659
1829,10,0.15903933346271515,198,0.899006595214208,0.3525553122162819,0.98,0.06517469882965088,-0.0005689859390258789,0.04800760746002197,0.021347522735595703,0.02269977331161499,-0.027773141860961914
1830,18,0.338241845369339,165,1.4158869504928588,0.5191058264328883,0.4228395061728395,0.8284569978713989,0.5129201412200928,0.779797375202179,0.7394312620162964,0.767880916595459,0.7435795068740845
1831,9,0.3838609457015991,24,0.426251158118248,0.5021262722355979,0.08641975308641975,-0.03321647644042969,-0.01632523536682129,-0.10279512405395508,-0.008867859840393066,-0.044769883155822754,-0.0037250518798828125
1832,10,0.14859828352928162,142,1.297830194234848,0.45570580412944156,0.72,0.6763306856155396,0.6667869687080383,0.6776610612869263,0.6803867816925049,0.6810735464096069,0.6702911257743835
1833,7,0.2988273799419403,51,0.9136038621266683,0.7946280986070633,0.8979591836734694,0.9405289888381958,0.8409799337387085,0.9418599605560303,0.9418432712554932,0.9416757225990295,0.9411390423774719
1834,19,0.30027663707733154,6,1.2352636953194935,0.499376711435616,0.8365650969529086,0.19117075204849243,0.20955872535705566,0.1822536587715149,0.24711304903030396,0.1953655481338501,0.2666166424751282
1835,10,0.13369379937648773,56,1.9892011284828186,0.556255555152893,0.36,0.7760897278785706,0.022521257400512695,0.7791172862052917,0.7722418904304504,0.7782179117202759,0.7675532102584839
1836,25,0.139275923371315,147,0.9445164799690247,0.5072097897529602,0.4256,0.7603393197059631,0.7559977173805237,0.7329756021499634,0.7734309434890747,0.7624731659889221,0.7770204544067383
1837,24,0.3120279610157013,169,1.0867959558963776,0.7676783630793745,0.4965277777777778,0.8685442209243774,0.7932373881340027,0.7834153771400452,0.8433157205581665,0.7852080464363098,0.8145585060119629
1838,9,0.15602928400039673,12,0.7235286682844162,0.6488194704055786,0.9012345679012346,-0.020801067352294922,-0.03231358528137207,-0.025974392890930176,-0.02764427661895752,-0.019354939460754395,-0.025172114372253418
1839,22,0.3165404200553894,107,1.479841987291972,0.45250067663820165,0.21487603305785125,0.894964337348938,0.8237680196762085,0.9009811878204346,0.9081422090530396,0.9025410413742065,0.898671567440033
1840,3,0.3296491205692291,58,0.8428587317466736,0.49825073778629303,0.0,0.11542987823486328,0.1486796736717224,0.11366528272628784,0.14338696002960205,0.12715476751327515,0.15310275554656982
1841,9,0.18532437086105347,61,0.6821133881807327,0.6229152530431747,0.5925925925925926,-0.06960499286651611,-0.02916717529296875,-0.03580141067504883,-0.035494327545166016,-0.06033587455749512,-0.02479708194732666
1842,10,0.3592968285083771,28,1.0450693219900131,0.4259449392557144,0.46,0.8082289099693298,0.6100244522094727,0.8300888538360596,0.8169664144515991,0.8219865560531616,0.8415859937667847
1843,10,0.12327080965042114,176,1.1760298411051433,0.7930798381567001,0.81,0.37377434968948364,0.19403225183486938,0.37220531702041626,0.36684083938598633,0.37101656198501587,0.373309850692749
1844,6,0.37361639738082886,93,1.516646683216095,1.142966203391552,0.5555555555555556,0.8432146906852722,0.21109610795974731,0.8400949239730835,0.825991153717041,0.8409016132354736,0.8399688601493835
1845,5,0.1652728021144867,156,0.9181664139032364,1.706405520439148,0.76,0.06386023759841919,-0.005204319953918457,0.06442403793334961,0.07830816507339478,0.05894458293914795,0.07291430234909058
1846,25,0.18955986201763153,19,0.6614802603920301,0.5061999865268406,0.3072,-0.020596027374267578,-0.014154672622680664,-0.02140331268310547,-0.020080089569091797,-0.026856660842895508,-0.01316225528717041
1847,9,0.2061702162027359,164,1.653780996799469,0.4395736575126648,0.8271604938271605,0.48750191926956177,0.453571081161499,0.48043447732925415,0.48281335830688477,0.4775594472885132,0.4812094569206238
1848,22,0.1668703407049179,77,1.0752173364162445,0.500623779637473,0.768595041322314,0.525466799736023,0.3746036887168884,0.4670448303222656,0.5283480882644653,0.5038241147994995,0.5314022302627563
1849,20,0.19111935794353485,81,0.5377879776060581,0.5260214069858193,0.4925,-0.09325182437896729,-0.026195168495178223,-0.08412528038024902,-0.02646481990814209,-0.08621466159820557,-0.03518116474151611
1850,24,0.10199636965990067,131,0.9093963801860809,0.6315695056691766,0.6267361111111112,0.35604435205459595,0.19570225477218628,0.34553205966949463,0.3289337754249573,0.3263835906982422,0.3531666398048401
1851,25,0.14675477147102356,163,1.1102829664945602,0.6107513949275016,0.0064,0.013718068599700928,0.0545351505279541,0.010032951831817627,0.04859471321105957,0.01482158899307251,0.03045886754989624
1852,9,0.11870916932821274,85,1.1517687618732453,0.580693319439888,0.8888888888888888,-0.011718034744262695,-0.008711457252502441,-0.010483622550964355,-0.006458759307861328,-0.009828805923461914,-0.007566213607788086
1853,4,0.35255166888237,153,1.2655038833618164,0.6506481394171715,0.8125,0.7280042171478271,0.7068886756896973,0.7290053367614746,0.7363632917404175,0.7295098304748535,0.7311425805091858
1854,11,0.16779173910617828,177,1.2110257625579834,0.5291693756977717,0.2727272727272727,0.3021656274795532,0.31201356649398804,0.3048241138458252,0.28453749418258667,0.3099081516265869,0.313906192779541
1855,19,0.22088365256786346,114,1.0095832149187725,0.5101018249988556,0.04155124653739612,0.018506407737731934,0.09203791618347168,-0.007467389106750488,0.06644165515899658,-0.005290508270263672,0.06402403116226196
1856,18,0.13726016879081726,192,0.7095684160788854,0.5122622884809971,0.6234567901234568,0.7332828640937805,0.5867688655853271,0.7245458364486694,0.7317676544189453,0.7237509489059448,0.7332381010055542
1857,16,0.388962060213089,136,0.9587048888206482,0.49772114732435774,0.5859375,0.5455760955810547,0.48963743448257446,0.5338701009750366,0.5226765275001526,0.521781325340271,0.5049881935119629
1858,19,0.3794644773006439,98,1.296414186557134,0.6002409746870399,0.6952908587257618,0.7713424563407898,0.5671523213386536,0.736007571220398,0.7661692500114441,0.7588360905647278,0.7722175717353821
1859,18,0.14225970208644867,179,1.025076276726193,0.7817406323220994,0.6111111111111112,0.007145881652832031,-0.01003122329711914,0.0011614561080932617,-0.00238955020904541,-0.0005048513412475586,-0.007982850074768066
1860,11,0.10021499544382095,11,1.376731983252934,0.4620708003640175,0.4132231404958678,0.019632577896118164,0.13223791122436523,0.017625927925109863,0.08698529005050659,0.011913597583770752,0.034226834774017334
1861,11,0.26568156480789185,40,1.7960223754247029,0.5413531996309757,0.3140495867768595,0.4960079789161682,0.4121766686439514,0.5392934679985046,0.5541444420814514,0.535973072052002,0.5537778735160828
1862,22,0.14431463181972504,176,0.849364255865415,0.8370226984843612,0.2768595041322314,0.4672086834907532,0.44397544860839844,0.5080643892288208,0.36980509757995605,0.4839305877685547,0.4853709936141968
1863,24,0.31577762961387634,90,1.632446140050888,0.5370135515928268,0.5104166666666666,0.9498058557510376,0.8850515484809875,0.9430117607116699,0.9190819263458252,0.9439271688461304,0.9040745496749878
1864,13,0.1462586373090744,26,0.9348274618387222,0.5184685207075543,0.029585798816568046,0.036015212535858154,0.078366219997406,0.03661048412322998,0.08416837453842163,0.030167102813720703,0.07447165250778198
1865,15,0.16761445999145508,51,0.8254285951455435,0.46819809327522915,0.04,0.015869855880737305,0.005624592304229736,0.011299848556518555,0.014027297496795654,0.01508641242980957,0.02241569757461548
1866,24,0.243468776345253,134,0.9043860137462616,0.6714676895311901,0.9461805555555556,0.8913795948028564,0.6626692414283752,0.8673756718635559,0.8069441914558411,0.8640944957733154,0.8483617305755615
1867,8,0.20143309235572815,6,1.1810771822929382,0.9734590798616409,0.1875,-0.26958632469177246,-0.04015529155731201,-0.2669748067855835,-0.29399561882019043,-0.30642879009246826,-0.29589414596557617
1868,6,0.17080771923065186,28,0.7229864597320557,0.7384316325187683,0.1388888888888889,-0.05895233154296875,-0.014278888702392578,-0.05893206596374512,-0.05521190166473389,-0.0593562126159668,-0.024764060974121094
1869,12,0.28415995836257935,174,1.4103388786315918,0.8941511269658804,0.2847222222222222,0.7205523252487183,0.5443624258041382,0.728721022605896,0.7209887504577637,0.7194362878799438,0.7195199728012085
1870,10,0.24027647078037262,15,1.1929490506649016,0.5547937512397766,0.41,-0.03085017204284668,-0.0019948482513427734,-0.032523274421691895,-0.00906217098236084,-0.030631542205810547,-0.01765143871307373
1871,17,0.2159070074558258,106,0.7314028342564901,0.7867278414113181,0.2560553633217993,0.06678605079650879,0.07448530197143555,0.06946724653244019,0.06478911638259888,0.03530466556549072,0.05671858787536621
1872,22,0.13117539882659912,56,0.7822209358215332,0.6298510414712569,0.07024793388429752,0.44058531522750854,0.3470160961151123,0.49430757761001587,0.48158085346221924,0.4641760587692261,0.5151991844177246
1873,11,0.3140609860420227,101,1.1692009170850117,0.619830060750246,0.7933884297520661,-0.046509504318237305,-0.01694166660308838,0.004439234733581543,-0.03421187400817871,-0.003205537796020508,-0.040400147438049316
1874,5,0.2991580367088318,63,1.0449320077896118,0.5536174277464548,0.16,0.8471306562423706,0.7073917984962463,0.8401910662651062,0.8491689562797546,0.8452794551849365,0.832533061504364
1875,16,0.10215828567743301,13,0.5243686570061578,0.6453861807073865,0.88671875,0.48164254426956177,0.34417426586151123,0.3334375023841858,0.348300576210022,0.3579167127609253,0.34805619716644287
1876,10,0.11807350814342499,77,1.2830976694822311,0.6270387172698975,0.89,0.05522012710571289,0.025865375995635986,0.10495966672897339,0.05342060327529907,0.08730489015579224,0.08864682912826538
1877,15,0.10010884702205658,11,1.5862218567303248,0.5646074507385492,0.12,0.9449612498283386,0.9243607521057129,0.9445407390594482,0.9500458240509033,0.9434645175933838,0.9468700885772705
1878,14,0.1859896034002304,41,1.2764743268489838,0.352176758646965,0.9897959183673469,0.8397269248962402,0.7062927484512329,0.8183646202087402,0.7643035054206848,0.8193851709365845,0.7344529628753662
1879,21,0.13627871870994568,95,1.3329705510820662,0.7501973637512752,0.6077097505668935,0.29353058338165283,0.08905923366546631,0.3033560514450073,0.24308842420578003,0.2953925132751465,0.26983362436294556
1880,4,0.3344995677471161,88,1.269355316956838,0.6634918451309204,0.125,0.8095431327819824,0.808678925037384,0.8068822622299194,0.7968512773513794,0.8053065538406372,0.80943763256073
1881,13,0.24383141100406647,104,1.3376911282539368,0.4428661286830902,0.5976331360946746,0.38565731048583984,0.41944384574890137,0.3304334878921509,0.41526442766189575,0.33376574516296387,0.3366740345954895
1882,12,0.2677444815635681,110,1.1533477306365967,0.763312317430973,0.9583333333333334,0.058705270290374756,-0.016745805740356445,0.046501874923706055,-0.014559626579284668,0.05911839008331299,0.040326476097106934
1883,7,0.21516986191272736,66,0.6842120091120402,0.565452080219984,0.40816326530612246,0.12316107749938965,0.12372046709060669,0.10700768232345581,0.1299499273300171,0.15135979652404785,0.17095351219177246
1884,15,0.15331678092479706,74,0.876974368095398,0.4130962684750557,0.4533333333333333,-0.010679841041564941,-0.07946944236755371,0.0025101304054260254,-0.019925355911254883,0.0007305741310119629,-0.005265474319458008
1885,4,0.3652516305446625,85,1.2119542360305786,0.47607314586639404,0.375,0.6943944692611694,0.5328665971755981,0.6875056028366089,0.6986548900604248,0.6925522685050964,0.6826795339584351
1886,21,0.10482468456029892,122,1.5594539940357208,0.6380747166963724,0.3197278911564626,0.7034156322479248,0.6946759223937988,0.7036144733428955,0.698563814163208,0.704581618309021,0.706172525882721
1887,3,0.32253068685531616,168,0.7736322283744812,0.2957322895526886,0.7777777777777778,0.03540152311325073,-0.015540242195129395,0.04287225008010864,0.050832152366638184,0.04291260242462158,0.040191590785980225
1888,9,0.11108358949422836,117,0.6937469512224197,0.8847436979413033,0.7901234567901234,-0.06513059139251709,0.004398047924041748,-0.06180381774902344,-0.04060542583465576,-0.05378115177154541,-0.05251181125640869
1889,15,0.1261264532804489,40,0.5203000803788503,0.5746401482158237,0.9866666666666667,0.14206629991531372,-0.17327678203582764,0.16051656007766724,0.08708000183105469,0.15533030033111572,0.10988879203796387
1890,10,0.1281912624835968,30,0.7737303078174591,0.3863186736901601,0.13,-0.04336249828338623,-0.25592660903930664,-0.045114994049072266,-0.23135638236999512,-0.06558680534362793,-0.22315669059753418
1891,16,0.1054501011967659,120,1.63501352923257,0.6923051377137502,0.6875,0.4702162742614746,0.4231058359146118,0.4652203321456909,0.4699423909187317,0.475081205368042,0.4653027057647705
1892,6,0.22104406356811523,42,0.9935166954994201,0.7053369283676147,0.2222222222222222,-0.1299886703491211,-0.18401193618774414,-0.12287425994873047,-0.1663515567779541,-0.1270604133605957,-0.162042498588562
1893,25,0.12639524042606354,129,0.9408872127532959,0.5380800392697839,0.0128,0.5171307921409607,0.5038410425186157,0.40814560651779175,0.4516524076461792,0.4132488965988159,0.4444923996925354
1894,23,0.29762324690818787,67,0.55746278911829,0.5695097148418427,0.054820415879017016,0.6946090459823608,0.7852623462677002,0.7722094058990479,0.749754011631012,0.7673828601837158,0.7191083431243896
1895,14,0.22309984266757965,40,1.4843414170401437,0.3890959194728306,0.4387755102040816,0.8347005844116211,0.7721168398857117,0.8444551229476929,0.8642287850379944,0.8401368260383606,0.8395016193389893
1896,9,0.38023045659065247,12,1.056483695904414,0.6379228035608927,0.7037037037037037,0.007421553134918213,0.13885962963104248,-0.05413615703582764,0.13242107629776,-0.045430541038513184,0.2171580195426941
1897,14,0.33692726492881775,103,0.797153290361166,0.5347580537199974,0.20918367346938777,0.698944091796875,0.7186264395713806,0.7036131620407104,0.7116035223007202,0.7095376253128052,0.7056405544281006
1898,3,0.22776955366134644,97,0.5593575984239578,0.9776795506477356,0.2222222222222222,-0.001553177833557129,-0.009848356246948242,0.0017969012260437012,0.0044441819190979,4.589557647705078e-05,0.0018020868301391602
1899,17,0.12640568614006042,163,0.9244286843708583,0.5297595590353013,0.05536332179930796,0.9645572304725647,0.9636435508728027,0.9658229947090149,0.9617578983306885,0.9639829993247986,0.9636934995651245
1900,3,0.3687208294868469,79,0.9069045931100845,1.1229585409164429,0.6666666666666666,0.06874316930770874,0.021791160106658936,0.05405223369598389,0.055507004261016846,0.05675452947616577,0.05795466899871826
1901,12,0.21174991130828857,163,1.612011194229126,0.6684282757341862,0.6388888888888888,0.13814640045166016,0.11418241262435913,0.13499152660369873,0.13317888975143433,0.13612335920333862,0.13706082105636597
1902,16,0.3723308742046356,39,1.1632286310195923,0.47746614194833314,0.1875,0.4410083293914795,0.5212621092796326,0.45956331491470337,0.4553736448287964,0.4450494647026062,0.42110246419906616
1903,16,0.16306646168231964,177,0.6963672637939453,0.5207696842650572,0.0703125,0.3284800052642822,0.30314427614212036,0.3246850371360779,0.33124083280563354,0.3251960277557373,0.32517772912979126
1904,21,0.19502924382686615,110,0.8470709323883057,0.4887857520952821,0.45351473922902497,0.8424725532531738,0.7267848253250122,0.8279750943183899,0.8476395606994629,0.8214561939239502,0.8332550525665283
1905,21,0.21626444160938263,104,1.1570325195789337,0.6348210880532861,0.23809523809523808,0.774167537689209,0.8036965727806091,0.778301477432251,0.7872288823127747,0.7733917832374573,0.7724124193191528
1906,21,0.1016669049859047,39,1.0680221423506737,0.5153884115544233,0.17006802721088435,0.7184435129165649,0.7728992700576782,0.7714340686798096,0.7200071811676025,0.766502857208252,0.7174389362335205
1907,19,0.2453039437532425,161,1.2354663133621215,0.48006159386464525,0.9335180055401662,0.008859336376190186,-0.0014600753784179688,0.010583341121673584,0.0037100911140441895,0.007171928882598877,0.008027851581573486
1908,16,0.16667702794075012,157,1.0679654851555824,0.55563994795084,0.8203125,0.9291450381278992,0.8613055944442749,0.9291189908981323,0.9239747524261475,0.9291038513183594,0.9329190850257874
1909,24,0.1055297777056694,27,1.222877935929732,0.5642728736767402,0.3836805555555556,0.5824965238571167,0.5903655886650085,0.5780162811279297,0.6431991457939148,0.5641046762466431,0.6344287991523743
1910,11,0.24661469459533691,67,0.9895257949829102,0.55635786652565,0.36363636363636365,-0.008051276206970215,0.009744703769683838,-0.0037407875061035156,-0.005758047103881836,-0.004340171813964844,-0.007371425628662109
1911,17,0.3387456238269806,12,0.5506001859903336,0.7439444225568038,0.3356401384083045,0.3606213927268982,0.13510042428970337,0.35540759563446045,0.3472212553024292,0.3552951216697693,0.3390849828720093
1912,24,0.10966330021619797,20,1.6778913199901582,0.841843883906092,0.7291666666666666,-0.22377002239227295,-0.10841405391693115,-0.2501877546310425,-0.16876006126403809,-0.24787914752960205,-0.17140209674835205
1913,22,0.12703083455562592,169,0.8379901647567749,0.6759834066033363,0.762396694214876,0.8738266825675964,0.5996607542037964,0.8642011880874634,0.8594449162483215,0.8722745180130005,0.8726377487182617
1914,10,0.3099200427532196,96,2.2359139124552407,0.6487492727381843,0.03,0.47849196195602417,0.4813818335533142,0.45479023456573486,0.5299805402755737,0.44239342212677,0.5283823013305664
1915,15,0.33066532015800476,172,0.5305097065865993,0.7106256105683066,0.9822222222222222,0.4830383062362671,0.3832471966743469,0.47929513454437256,0.4891819357872009,0.4917961359024048,0.4979238510131836
1916,5,0.18198533356189728,140,0.9309597611427307,0.517831563949585,0.8,0.0649634599685669,0.07364332675933838,0.06316584348678589,0.06815463304519653,0.0699237585067749,0.06431126594543457
1917,7,0.187311053276062,76,1.0550484098494053,0.949988047281901,0.7959183673469388,-0.017614364624023438,-0.021950483322143555,-0.015164494514465332,-0.010092854499816895,-0.013010740280151367,-0.01135718822479248
1918,10,0.16284242272377014,197,0.47043465822935104,0.4191598395506541,0.72,-0.02684617042541504,0.01481252908706665,-0.03751111030578613,-0.0017812252044677734,-0.02804279327392578,-0.010257840156555176
1919,14,0.18052344024181366,105,0.5820424358050028,0.6866176643154838,0.576530612244898,-0.015153765678405762,-0.012265205383300781,-0.01591026782989502,-0.03169596195220947,-0.01971304416656494,-0.027010440826416016
1920,12,0.28502896428108215,52,0.4648471549153328,0.47334297373890877,0.1875,0.22367185354232788,0.042739272117614746,0.21749120950698853,0.21196043491363525,0.2224583625793457,0.18567627668380737
1921,15,0.14703476428985596,148,1.0075637102127075,0.5191273567351428,0.7866666666666666,-0.013188838958740234,-0.0856466293334961,-0.008630037307739258,-0.006078958511352539,-0.012067556381225586,-0.01321268081665039
1922,15,0.26376286149024963,77,0.8405631482601166,0.6565895997560941,0.18222222222222223,0.40546733140945435,0.3894461989402771,0.3800651431083679,0.3976626396179199,0.3666325807571411,0.36516934633255005
1923,8,0.14552758634090424,51,0.9819759726524353,0.5141899958252907,0.453125,0.2560228705406189,0.3722825050354004,0.25525134801864624,0.36850523948669434,0.2889891266822815,0.34665173292160034
1924,13,0.1332719624042511,53,1.5406769464413326,0.5997261788163867,0.8698224852071006,0.5917743444442749,0.3227624297142029,0.5624920129776001,0.566796064376831,0.5714007019996643,0.5888770222663879
1925,13,0.22600948810577393,186,0.506208011507988,0.47977432049810886,0.757396449704142,0.17467713356018066,0.16510272026062012,0.17823797464370728,0.16213619709014893,0.1792699098587036,0.17183750867843628
1926,13,0.19318297505378723,172,1.3350696682929992,0.6564682442694902,0.1952662721893491,0.6356202960014343,0.5776950120925903,0.6374679207801819,0.6424233913421631,0.6445474624633789,0.6329705119132996
1927,10,0.18582411110401154,20,0.9371777971585592,0.7319453358650208,1.0,0.7915538549423218,0.6602292656898499,0.7933707237243652,0.8000234365463257,0.798558235168457,0.7944705486297607
1928,21,0.17238271236419678,158,0.7792889475822449,0.5405863430351019,0.6031746031746031,0.7250486016273499,0.7338359951972961,0.7233842611312866,0.7221226692199707,0.722995936870575,0.7229625582695007
1929,14,0.39257118105888367,174,0.7266274690628052,0.4871658831834793,0.7040816326530612,0.1823679804801941,0.1355951428413391,0.15214699506759644,0.18820947408676147,0.1583184003829956,0.17614072561264038
1930,7,0.16177038848400116,75,1.2576455175876617,0.6611506342887878,0.16326530612244897,0.6778219938278198,0.5750613808631897,0.6817445755004883,0.6802287101745605,0.6813019514083862,0.6767449378967285
1931,13,0.3888980746269226,25,1.0931727290153503,0.4103738340464505,0.40828402366863903,0.7529232501983643,0.7026304006576538,0.7601425051689148,0.7120615839958191,0.7668932676315308,0.634265661239624
1932,20,0.3463445007801056,97,1.0125682651996613,0.4833782548084855,0.38,0.46590155363082886,0.4902304410934448,0.5030851364135742,0.4970383644104004,0.45094871520996094,0.5096327066421509
1933,19,0.22399300336837769,66,0.6656273206075033,0.5266507146880031,0.0997229916897507,0.7533713579177856,0.7859090566635132,0.729080080986023,0.7711675763130188,0.7346785664558411,0.7847946286201477
1934,22,0.23872320353984833,82,1.012981817126274,0.6200364836388164,0.7933884297520661,0.16309446096420288,0.17314642667770386,0.13148635625839233,0.13659751415252686,0.16673219203948975,0.1689131259918213
1935,12,0.18429967761039734,161,0.8212685883045197,0.7093425653874874,0.5347222222222222,0.29325079917907715,0.29488813877105713,0.29600340127944946,0.27355921268463135,0.2916356921195984,0.2709388732910156
1936,18,0.11226220428943634,67,0.8290660351514816,0.522989409044385,0.9814814814814815,0.0039048194885253906,-0.01059269905090332,0.0053893327713012695,-0.008804559707641602,0.007620096206665039,-0.011412858963012695
1937,20,0.3404051661491394,90,0.7962262233098348,0.5075796421836404,0.99,0.8462663292884827,0.7303271293640137,0.8069955110549927,0.8189247250556946,0.8165686130523682,0.8219172954559326
1938,22,0.3026480972766876,23,0.9803510904312134,0.5029794216156006,0.9731404958677686,0.469521701335907,-0.08369076251983643,0.49784785509109497,0.3877623677253723,0.48810142278671265,0.4472184181213379
1939,25,0.28610530495643616,77,1.0694800813992817,0.6214274337345903,0.3664,0.34818553924560547,0.2626804709434509,0.31747233867645264,0.32113415002822876,0.33934181928634644,0.25750529766082764
1940,5,0.20886768400669098,143,1.7792408466339111,0.7912917733192444,0.8,0.8278785347938538,0.8340688943862915,0.8241223096847534,0.829053521156311,0.8287345767021179,0.8259692192077637
1941,19,0.14242485165596008,50,1.1071014744894845,0.40320273364583653,0.6149584487534626,0.5802828073501587,0.135719895362854,0.5787378549575806,0.5722100734710693,0.5701507925987244,0.565272331237793
1942,10,0.11722265928983688,81,1.6386732697486877,0.6438898563385009,0.45,0.37202441692352295,0.3402867317199707,0.37862735986709595,0.3761598467826843,0.35929566621780396,0.37384897470474243
1943,16,0.11201764643192291,135,0.7852673861715529,0.7312102381672178,0.4921875,-0.07685494422912598,-0.012394428253173828,-0.07191407680511475,-0.03744924068450928,-0.10153400897979736,-0.03253054618835449
1944,9,0.22879865765571594,198,0.5181428790092468,0.413580097258091,0.5802469135802469,0.6144036054611206,0.6091232299804688,0.6143694519996643,0.6099184155464172,0.6158186197280884,0.6107656955718994
1945,22,0.12257429957389832,90,0.8316782225262035,0.6928520879962228,0.43388429752066116,0.3470951318740845,0.026743412017822266,0.32888323068618774,0.3274577260017395,0.3531162142753601,0.34930694103240967
1946,13,0.11174282431602478,144,1.0090364416440327,0.8702176298413958,0.5739644970414202,0.19673937559127808,0.07646483182907104,0.19427597522735596,0.19685858488082886,0.19105058908462524,0.1982889175415039
1947,22,0.10591578483581543,41,1.1207098178565502,0.5082379164440292,0.5557851239669421,0.014102697372436523,0.004153788089752197,0.011987507343292236,-0.004048466682434082,0.023470163345336914,0.034806907176971436
1948,11,0.17084166407585144,47,1.7290002057949703,1.017287826538086,0.4297520661157025,0.8897824287414551,0.8340255618095398,0.8884517550468445,0.8879655003547668,0.8900904059410095,0.8882229924201965
1949,11,0.21858230233192444,74,0.6409800499677658,0.4124920836516789,0.01652892561983471,0.5841687917709351,0.646568238735199,0.5742592811584473,0.4866411089897156,0.5540240406990051,0.4918692708015442
1950,9,0.2726677656173706,156,1.6929231733083725,0.349159437417984,0.49382716049382713,0.20297837257385254,0.15611982345581055,0.16666805744171143,0.18973445892333984,0.1991470456123352,0.19488227367401123
1951,17,0.16610850393772125,106,1.175090769926707,0.790772253816778,0.15570934256055363,0.10495936870574951,0.10133469104766846,0.10373920202255249,0.1011231541633606,0.10128670930862427,0.10549616813659668
1952,3,0.320448637008667,48,0.4579243063926697,0.6481384038925171,1.0,0.06006509065628052,0.007045626640319824,0.05587410926818848,0.0559084415435791,0.05528724193572998,0.05512511730194092
1953,16,0.2845270335674286,59,0.8100577890872955,0.5927823143345969,0.98828125,0.34668463468551636,0.15396881103515625,0.3460009694099426,0.3320019245147705,0.3476199507713318,0.3474957346916199
1954,23,0.11669787764549255,179,1.2264108563011342,0.6977160448829333,0.8790170132325141,0.08876454830169678,0.05580782890319824,0.10891121625900269,0.1318771243095398,0.1106407642364502,0.12655162811279297
1955,20,0.1288716197013855,191,1.3368253360191982,0.6068571880459785,0.535,0.9002748727798462,0.8927827477455139,0.8996990919113159,0.8990887999534607,0.8969096541404724,0.9008039236068726
1956,13,0.14140598475933075,144,1.5894821286201477,0.6908488805804934,0.7337278106508875,0.34655117988586426,0.18756330013275146,0.3443657159805298,0.3432042598724365,0.34240657091140747,0.33824270963668823
1957,14,0.34605124592781067,148,0.6046300927797953,0.599747350270098,0.34183673469387754,0.8738570809364319,0.8620062470436096,0.8744913339614868,0.8750451803207397,0.8645651340484619,0.8770216703414917
1958,8,0.19424180686473846,64,1.248986840248108,0.9371226876974106,0.78125,0.37685227394104004,0.2798370122909546,0.3720303773880005,0.33321720361709595,0.36906760931015015,0.33053529262542725
1959,6,0.1130300983786583,88,1.3336309671401978,0.3604809045791626,1.0,0.00461888313293457,0.021165072917938232,0.006365001201629639,0.012438058853149414,0.004777133464813232,0.011451780796051025
1960,15,0.22290195524692535,32,0.3966139256954193,0.61195969581604,0.04888888888888889,-0.0281141996383667,0.02370697259902954,-0.024693846702575684,-0.023563146591186523,-0.006595492362976074,-0.03355860710144043
1961,12,0.22704368829727173,22,0.6318096419175466,0.5012714862823486,0.14583333333333334,0.20669454336166382,0.3367161154747009,0.1877220869064331,0.35708481073379517,0.24072688817977905,0.348943829536438
1962,8,0.1597171127796173,77,1.2596628367900848,0.3914195994536082,0.296875,0.5977952480316162,0.474226176738739,0.6047346591949463,0.612694501876831,0.6059635281562805,0.6068886518478394
1963,14,0.1444936841726303,153,0.7996474305788676,0.5125909271565351,0.336734693877551,0.9207971692085266,0.9259212613105774,0.9216108918190002,0.9244551062583923,0.9198459982872009,0.9165202975273132
1964,15,0.39610132575035095,114,0.5991267561912537,0.3633700402883383,0.47555555555555556,0.10410261154174805,0.08113664388656616,0.07831621170043945,0.1081092357635498,0.08381479978561401,0.11196404695510864
1965,17,0.20808647572994232,169,0.7837025846044222,0.9320969744162126,0.6332179930795848,0.41554689407348633,0.26139289140701294,0.4004218578338623,0.37223464250564575,0.39470696449279785,0.39822572469711304
1966,7,0.2205207347869873,169,0.8891519904136658,0.47891369462013245,0.8979591836734694,-0.013772964477539062,-0.03082716464996338,-0.006895184516906738,-0.006293892860412598,-0.006440877914428711,-0.018967866897583008
1967,6,0.3726751208305359,190,0.48064540326595306,0.8675047755241394,0.3611111111111111,0.15507656335830688,0.15815311670303345,0.1518685221672058,0.1601656675338745,0.1527302861213684,0.15493518114089966
1968,22,0.22656495869159698,78,0.5423470338185629,0.8693390559209021,0.1322314049586777,-0.1654665470123291,-0.14886081218719482,-0.16463017463684082,-0.1537848711013794,-0.16524553298950195,-0.15992939472198486
1969,25,0.397793710231781,116,0.47558267911275226,0.4942461726340381,0.76,0.8631718754768372,0.7846794724464417,0.8395161032676697,0.8594834804534912,0.8444746732711792,0.8672850131988525
1970,16,0.15972237288951874,120,1.4316288892711913,0.5015360282527076,0.7890625,0.13430249691009521,0.09106171131134033,0.13958227634429932,0.1259729266166687,0.13402146100997925,0.11880314350128174
1971,25,0.1681189239025116,112,1.3138611714045207,0.6590563686270463,0.1168,0.7067991495132446,0.7234395146369934,0.6499695777893066,0.6748817563056946,0.649519145488739,0.6787512302398682
1972,11,0.37481436133384705,139,1.3519681493441265,0.5635695699602365,0.8677685950413223,0.1723088026046753,0.1222878098487854,0.21926391124725342,0.2302842140197754,0.18932241201400757,0.19283533096313477
1973,14,0.2406386137008667,155,1.2540295124053955,0.5499748289585114,0.14285714285714285,0.8421692252159119,0.8398684859275818,0.8445637822151184,0.841480553150177,0.8399900794029236,0.8413530588150024
1974,7,0.2723621428012848,134,1.3484810789426167,0.4906252846121788,0.2653061224489796,-0.016973376274108887,-0.008783221244812012,-0.009143710136413574,-0.0014133453369140625,-0.008765339851379395,-0.006455779075622559
1975,13,0.18410776555538177,113,0.5798352003097534,0.5039963647723198,0.1893491124260355,0.4053417444229126,0.3795715570449829,0.4130125641822815,0.4377238154411316,0.40324461460113525,0.4035724401473999
1976,22,0.20055516064167023,175,1.0473909676074982,0.6070117553075155,0.28512396694214875,0.5739588737487793,0.5059038400650024,0.5711355209350586,0.5501949191093445,0.5736736059188843,0.5142737627029419
1977,24,0.17867635190486908,151,1.5143499622742336,0.7563116186194949,0.3975694444444444,0.12103652954101562,0.22373533248901367,0.10617810487747192,0.15633922815322876,0.16936922073364258,0.10465008020401001
1978,17,0.15844659507274628,45,0.7767881512641907,0.6334791605671247,0.01384083044982699,0.20460402965545654,0.30989396572113037,0.054946184158325195,0.09604936838150024,0.01408308744430542,0.11980980634689331
1979,17,0.285475492477417,126,0.6360441446304321,0.6386760106453528,0.8512110726643599,0.28538715839385986,0.19341981410980225,0.2865961790084839,0.28926026821136475,0.2714347839355469,0.28547996282577515
1980,22,0.3090746998786926,193,1.695270612835884,0.6245121169421408,0.9896694214876033,0.8039737343788147,0.4146750569343567,0.797171950340271,0.7755293250083923,0.7374576330184937,0.7809833288192749
1981,20,0.13809026777744293,36,1.0638241876255383,0.4706287715170119,0.035,0.7811319231987,0.8108443021774292,0.8122515678405762,0.7889681458473206,0.7531029582023621,0.8352907299995422
1982,25,0.2922661006450653,192,0.8043583333492279,0.553635733930961,0.9104,0.9329390525817871,0.8844781517982483,0.9247311949729919,0.9161219000816345,0.927379310131073,0.9268409013748169
1983,10,0.12062066048383713,130,1.2404794593652089,0.4125732593238354,0.37,0.2540426254272461,0.2326124906539917,0.255268931388855,0.2541062831878662,0.25578945875167847,0.25853145122528076
1984,9,0.28290310502052307,181,0.20826850831508636,0.671442586928606,0.38271604938271603,0.3950123190879822,0.3878132700920105,0.3856757879257202,0.37687957286834717,0.378804087638855,0.3884037137031555
1985,24,0.17908638715744019,140,0.861285263299942,0.5916387650527453,0.9704861111111112,-0.04503488540649414,-0.19709575176239014,-0.018688440322875977,-0.07080113887786865,-0.014688849449157715,-0.05042576789855957
1986,14,0.18193462491035461,140,0.7322894744575024,0.4658479889233907,0.8214285714285714,0.5603833794593811,0.5169620513916016,0.5605772137641907,0.5465015172958374,0.5629894733428955,0.5703870058059692
1987,22,0.18513844907283783,139,1.2715011196477073,0.5996636281410853,0.6053719008264463,0.3309439420700073,0.2577226161956787,0.3188630938529968,0.32698822021484375,0.30417031049728394,0.3201169967651367
1988,24,0.12865427136421204,77,1.032796981079238,0.540670715710696,0.6493055555555556,0.22607487440109253,0.12194275856018066,0.24868661165237427,0.206687331199646,0.2409486174583435,0.21425318717956543
1989,17,0.392101913690567,103,0.711921364068985,0.4721979091564814,0.6782006920415224,0.8252706527709961,0.7661091089248657,0.8222536444664001,0.8115410208702087,0.8099793195724487,0.8224477171897888
1990,24,0.2676568031311035,74,1.4176770945390065,0.6689196683111645,0.8350694444444444,-0.026618242263793945,0.017176508903503418,-0.0011150836944580078,0.021864771842956543,0.0012753009796142578,0.010901868343353271
1991,10,0.249182790517807,138,1.0673538520932198,0.5062197148799896,0.78,0.7318019866943359,0.32621580362319946,0.7429665327072144,0.7312793731689453,0.7003648281097412,0.7243797779083252
1992,23,0.15443623065948486,86,1.6335841715335846,0.5417425150380415,0.23062381852551986,0.8689063191413879,0.8450556993484497,0.8600554466247559,0.85695481300354,0.8629367351531982,0.8604900240898132
1993,6,0.26052388548851013,11,0.7205642958482107,0.34394211570421857,0.8888888888888888,0.2190576195716858,0.22197574377059937,0.0936652421951294,0.37329041957855225,0.1831952929496765,0.4100947380065918
1994,16,0.10065537691116333,116,0.6928126301084246,0.6212654494576983,0.9375,-0.0359649658203125,-0.03535890579223633,-0.06329655647277832,-0.09888994693756104,-0.06422102451324463,-0.08930516242980957
1995,21,0.3304082453250885,24,1.2584584131836891,0.6238474784528508,0.6870748299319728,-0.017380952835083008,-0.06603384017944336,0.015118300914764404,-0.10363006591796875,-0.06436562538146973,-0.0897524356842041
1996,22,0.15010131895542145,2,1.153855323791504,0.3948455559355872,0.512396694214876,-0.12965285778045654,0.26158004999160767,-0.10576784610748291,0.16391003131866455,-0.13347148895263672,0.06695306301116943
1997,24,0.27669379115104675,185,1.2864820957183838,0.5893227216743288,0.296875,0.48840081691741943,0.31054359674453735,0.43439215421676636,0.4379473328590393,0.42019122838974,0.4481803774833679
1998,5,0.3323814570903778,82,0.869500736395518,0.4897378236055374,0.88,-0.001953601837158203,0.007675468921661377,-0.000736236572265625,-0.001206040382385254,-0.003423333168029785,-0.0021723508834838867
1999,13,0.3011132478713989,32,0.9614951610565186,0.6140883386135101,0.13609467455621302,0.4999397397041321,0.508459210395813,0.5089263916015625,0.4749932289123535,0.4937671422958374,0.48996222019195557
2000,15,0.37250882387161255,102,0.21686114370822906,0.6879272546086993,0.9111111111111111,0.7262594699859619,0.6909201145172119,0.7043941617012024,0.6968981027603149,0.7043930292129517,0.6918819546699524
2001,25,0.2704482674598694,195,1.0211196616292,0.6455869220551991,0.6304,0.24257665872573853,0.2253400683403015,0.23435592651367188,0.2721390724182129,0.21199893951416016,0.2799302339553833
2002,17,0.10686803609132767,67,1.0619102702899412,0.6950815469026566,0.13494809688581316,-0.048482656478881836,-0.055486083030700684,-0.06269705295562744,-0.03325808048248291,-0.0659029483795166,-0.047661423683166504
2003,19,0.1835402399301529,59,1.2484505116939544,0.6390240320137569,0.2520775623268698,0.6195884346961975,0.36195695400238037,0.651069164276123,0.6249532699584961,0.6412455439567566,0.6484025716781616
2004,20,0.10567714273929596,40,1.2904684288161141,0.7862804256952726,0.745,-0.043839454650878906,-0.06500804424285889,-0.011205434799194336,-0.1024254560470581,-0.017322421073913574,-0.06672799587249756
2005,15,0.1257171779870987,188,0.7654525488615036,0.6340583359653299,0.044444444444444446,0.5432629585266113,0.5404238700866699,0.5560966730117798,0.5589718818664551,0.5602892637252808,0.5677948594093323
2006,15,0.3000633418560028,14,0.9075805147488912,0.5775511711835861,0.044444444444444446,-0.013572454452514648,0.23064380884170532,-0.05951964855194092,0.1116519570350647,-0.03443276882171631,0.02520817518234253
2007,16,0.21099026501178741,25,1.0341671258211136,0.7054887682199478,0.31640625,0.19243675470352173,0.21059590578079224,0.18097615242004395,0.211989164352417,0.13927870988845825,0.28098124265670776
2008,9,0.15152166783809662,54,1.553130845228831,0.2545711050430934,0.9629629629629629,-0.01008903980255127,-0.07170414924621582,-0.010560274124145508,-0.013187170028686523,-0.006603717803955078,-0.00946509838104248
2009,15,0.20758846402168274,129,0.9114804342389107,0.4100782708688216,0.72,0.9248256087303162,0.7834416031837463,0.9419196248054504,0.9314600229263306,0.9313238859176636,0.936836838722229
2010,16,0.35481196641921997,140,0.9262360453605651,0.5928262743082914,0.25390625,0.08867329359054565,0.108639657497406,0.07535696029663086,0.09004580974578857,0.08072173595428467,0.09853267669677734
2011,5,0.29775017499923706,52,1.0360277791817982,0.5540100336074829,0.88,-0.045523881912231445,-0.06448805332183838,-0.05023360252380371,-0.09192442893981934,-0.0588151216506958,-0.12910878658294678
2012,6,0.23867622017860413,32,1.4358898550271988,0.35739584267139435,0.6388888888888888,0.5573620200157166,0.5671030282974243,0.5371996164321899,0.5470098257064819,0.5558327436447144,0.5746051073074341
2013,25,0.3286520540714264,178,1.1710381706555684,0.5674123574386943,0.8288,0.5579168796539307,0.33386582136154175,0.5771130323410034,0.5721490383148193,0.5523681640625,0.5891549587249756
2014,18,0.2925143539905548,151,0.6795207758744558,0.5065912892421086,0.5925925925925926,0.8797513246536255,0.8370290994644165,0.8809816837310791,0.8804072141647339,0.8741508722305298,0.8847879767417908
2015,25,0.15181754529476166,50,1.1364010982215405,0.7589747739188811,0.4784,0.05921781063079834,-0.017626285552978516,-0.014673948287963867,-0.012795090675354004,-0.00490117073059082,0.008943736553192139
2016,6,0.18730439245700836,34,1.409071534872055,0.7341036796569824,0.027777777777777776,0.03252458572387695,-0.016747474670410156,-0.017500638961791992,0.0101662278175354,-0.022733330726623535,0.0011125802993774414
2017,14,0.21181975305080414,166,0.8081455628077189,0.531531426039609,0.7959183673469388,0.7254706621170044,0.5822221040725708,0.7197607755661011,0.7190515995025635,0.7121349573135376,0.710465133190155
2018,11,0.3703603744506836,105,0.9165355682373046,0.5564382672309875,0.38016528925619836,-0.005440235137939453,-0.012153029441833496,-0.0048046112060546875,-0.006114602088928223,-0.005060434341430664,-0.0060814619064331055
2019,22,0.18955565989017487,198,0.9699156681696574,0.5005482654822501,0.8367768595041323,0.604600191116333,0.4794779419898987,0.6038143038749695,0.5919508934020996,0.6040823459625244,0.6035853624343872
2020,6,0.24141168594360352,77,1.2795055210590363,0.4850980043411255,0.05555555555555555,0.7953439354896545,0.7932029366493225,0.793709933757782,0.7963361144065857,0.7895636558532715,0.7851290106773376
2021,25,0.10291492938995361,51,1.3513260616196527,0.5453256769105792,0.1664,0.5845065116882324,0.5896002054214478,0.5790877938270569,0.6484228372573853,0.5765663385391235,0.6392025947570801
2022,9,0.1609063297510147,164,0.8782587920626005,1.2336934208869934,0.3333333333333333,-0.014432191848754883,-0.0075522661209106445,-0.0133514404296875,-0.017882823944091797,-0.016871213912963867,-0.019305825233459473
2023,12,0.18371041119098663,169,1.6472442150115967,0.4752795696258545,0.9583333333333334,0.8736634254455566,0.7859907746315002,0.8547321557998657,0.8746144771575928,0.8530713319778442,0.8492929339408875
2024,15,0.1965191662311554,44,0.8791064570347468,0.6631430205371645,0.7822222222222223,-0.02109968662261963,-0.08752202987670898,-0.02184295654296875,-0.044072628021240234,-0.02333962917327881,-0.00447845458984375
2025,14,0.21381692588329315,100,1.2708674669265747,0.49908337990442914,0.6071428571428571,0.3684048652648926,0.2669218182563782,0.37474918365478516,0.3477684259414673,0.3758990168571472,0.3470156192779541
2026,13,0.12236788868904114,71,1.0539321780204773,0.7182855755090714,0.8520710059171598,0.6744654178619385,0.6428948640823364,0.6855943202972412,0.6511232852935791,0.675142765045166,0.661488950252533
2027,10,0.1786748170852661,51,1.614530861377716,0.5403791606426239,0.55,0.04608738422393799,-0.32339465618133545,-0.006930351257324219,0.02896171808242798,0.04336357116699219,0.0312727689743042
2028,7,0.37658601999282837,127,0.8307409584522247,0.6053984463214874,0.24489795918367346,-0.005801200866699219,-0.024997711181640625,0.0037979483604431152,-0.004074811935424805,0.006066441535949707,-0.003962039947509766
2029,20,0.2802024185657501,121,0.7956981100142002,0.6127836788073182,0.1825,0.9335033297538757,0.9355752468109131,0.9283550977706909,0.9277639985084534,0.9302172064781189,0.9257930517196655
2030,18,0.36620619893074036,81,1.8347307443618774,0.6076604932546615,0.18209876543209877,0.9458516240119934,0.9418684244155884,0.9158304929733276,0.9204496145248413,0.9131597876548767,0.8833498358726501
2031,22,0.3669390380382538,180,0.5020811955134074,0.6227051043196729,0.21694214876033058,0.9588810205459595,0.9356351494789124,0.9430227279663086,0.931911051273346,0.9359131455421448,0.9158454537391663
2032,4,0.2167978584766388,68,1.3228886425495148,1.0797122120857239,0.875,0.5653825998306274,0.17017394304275513,0.5620781183242798,0.56156325340271,0.5691279172897339,0.5672467350959778
2033,10,0.2402573972940445,150,0.6078287363052368,0.7113202893071704,0.29,0.7902135848999023,0.39360421895980835,0.7837070822715759,0.7812069654464722,0.7852094769477844,0.7837838530540466
2034,20,0.17663557827472687,6,1.2044188295091902,0.5855835928366735,0.4125,-0.2863903045654297,-0.6619229316711426,-0.28049635887145996,-0.48905861377716064,-0.2777431011199951,-0.4923292398452759
2035,18,0.13075996935367584,131,1.219507896900177,0.6587507128715515,0.9722222222222222,0.5642812848091125,0.49962544441223145,0.5735040903091431,0.5380858182907104,0.5667917728424072,0.5433269739151001
2036,13,0.29460832476615906,155,2.0279518167177835,0.36442030519247054,0.005917159763313609,0.5407600402832031,0.543302059173584,0.5352269411087036,0.5281199216842651,0.5381526350975037,0.5206425189971924
2037,8,0.18773296475410461,53,0.3703577021757762,0.6653371155261993,0.40625,0.4855153560638428,0.47998660802841187,0.4915497899055481,0.5314350128173828,0.4993494153022766,0.5098159313201904
2038,12,0.13426947593688965,188,0.7315458804368973,0.5167915746569633,0.9930555555555556,0.17122304439544678,0.15221351385116577,0.17726492881774902,0.15982598066329956,0.17089170217514038,0.17499208450317383
2039,14,0.10860032588243484,102,0.7059758553902308,0.451103737950325,0.5918367346938775,0.17621725797653198,0.11194503307342529,0.20852673053741455,0.16454732418060303,0.20701605081558228,0.22618287801742554
2040,22,0.225265771150589,86,1.2548140684763591,0.64813526680595,0.9214876033057852,0.07059699296951294,0.009706854820251465,0.04697149991989136,0.055139780044555664,0.054207563400268555,0.08652198314666748
2041,4,0.21065913140773773,156,1.0844732522964478,0.4937472343444824,0.6875,-0.009236693382263184,-0.018116235733032227,-0.013321399688720703,-0.00377500057220459,-0.019658446311950684,-0.01629781723022461
2042,14,0.24553319811820984,114,0.4845314919948578,0.49615135192871096,0.7040816326530612,0.5562893152236938,0.47022485733032227,0.5503602027893066,0.5562580227851868,0.5545946359634399,0.5460352301597595
2043,7,0.2405923455953598,95,1.277766302227974,0.4308145046234131,0.7142857142857143,0.4413677453994751,0.13921111822128296,0.42812496423721313,0.4523012638092041,0.4515705108642578,0.4383794665336609
2044,23,0.1744011789560318,193,0.8552981785365513,0.792028458788991,0.7466918714555766,0.003707408905029297,0.009615838527679443,-0.0003044605255126953,-0.0018063783645629883,0.004482269287109375,-0.006512045860290527
2045,23,0.391027569770813,50,1.0542055517435074,0.567226725973581,0.24763705103969755,0.22233515977859497,0.3021683096885681,0.18752562999725342,0.08143067359924316,0.1479519009590149,0.1503438949584961
2046,25,0.38265225291252136,129,1.5007288058598836,0.6458188241178339,0.4432,0.7381798028945923,0.7950190305709839,0.7265682220458984,0.6703307628631592,0.7157977819442749,0.7069501876831055
2047,25,0.12711326777935028,128,0.4653581269085407,0.5656138851362116,0.9488,0.2243461012840271,-0.04553687572479248,0.18738698959350586,-0.007962346076965332,0.19381117820739746,0.14557629823684692
2048,21,0.23252864181995392,41,1.141264408826828,0.5659877836704255,0.5578231292517006,0.8433161973953247,0.7196677923202515,0.7607182264328003,0.8157954812049866,0.7619354724884033,0.8349782228469849
2049,4,0.22359828650951385,52,1.4566707611083984,0.3479452580213547,0.0,-0.006075501441955566,-0.005659341812133789,-0.010862231254577637,-0.05792856216430664,-0.006670475006103516,-0.04896557331085205
2050,9,0.19532518088817596,185,0.5159256905317307,0.7535318076610565,0.8888888888888888,0.09681302309036255,0.08702027797698975,0.09691494703292847,0.094157874584198,0.09329760074615479,0.09682464599609375
2051,6,0.10503936558961868,200,1.3077806532382965,1.6578439474105835,0.3611111111111111,-0.028470993041992188,-0.06532573699951172,-0.017639875411987305,-0.011911273002624512,-0.026187777519226074,-0.026112675666809082
2052,12,0.2808104455471039,135,1.8384087483088176,0.6695656528075536,0.22916666666666666,0.9429091811180115,0.9175995588302612,0.9431588053703308,0.9383249878883362,0.9429230093955994,0.9382595419883728
2053,21,0.1573174148797989,47,0.776903531381062,0.6077207422682217,0.049886621315192746,-0.02776658535003662,-0.17132675647735596,-0.019177913665771484,-0.18025743961334229,-0.02321803569793701,-0.14210116863250732
2054,20,0.10487370938062668,42,0.9091997593641281,0.549062709013621,0.6375,-0.02746713161468506,-0.05239975452423096,-0.011577129364013672,-0.11989712715148926,-0.013219714164733887,-0.04138660430908203
2055,8,0.25967925786972046,153,0.3680710792541504,0.49323833485444385,0.5625,0.3145691752433777,0.1612585186958313,0.3101447820663452,0.3071547746658325,0.3209015130996704,0.3218921422958374
2056,17,0.2938469350337982,25,0.5410694777965546,0.5194695879306112,1.0,0.15959948301315308,0.06614983081817627,0.14290183782577515,0.1402415633201599,0.15440499782562256,0.14979249238967896
2057,18,0.10673386603593826,43,0.8956778432641711,0.740143971009688,0.9629629629629629,0.8998931050300598,-0.016670942306518555,0.8742578029632568,0.8730049729347229,0.8267625570297241,0.8322269916534424
2058,3,0.3061555325984955,189,0.5245369076728821,1.2957924604415894,0.1111111111111111,0.05925840139389038,0.05880320072174072,0.05917781591415405,0.05774778127670288,0.06158703565597534,0.058876872062683105
2059,5,0.19093266129493713,22,0.8888258077204227,0.5267587304115295,0.72,0.6170082092285156,0.6063600182533264,0.625640869140625,0.6216637492179871,0.6173453330993652,0.609470009803772
2060,22,0.21905653178691864,92,1.3611412405967713,0.5563432065879598,0.2975206611570248,0.9773653149604797,0.9693772792816162,0.9687299728393555,0.9696768522262573,0.9725899696350098,0.9715284109115601
2061,11,0.175325408577919,5,0.9126310149828593,0.7016785681247711,0.5041322314049587,0.016187071800231934,0.19708305597305298,0.012714982032775879,0.08076506853103638,0.012381255626678467,0.10138016939163208
2062,24,0.330392450094223,45,0.8927437464396158,0.46840448890413555,0.59375,0.0045212507247924805,0.08694899082183838,0.03293365240097046,0.09294480085372925,0.03570646047592163,0.08621710538864136
2063,15,0.23353677988052368,154,0.8158357620239258,0.8726517111063004,0.5955555555555555,0.694036066532135,0.6174606680870056,0.7031437158584595,0.7020847797393799,0.7074205875396729,0.7070266008377075
2064,15,0.24070362746715546,148,0.7941168248653412,0.7353747884432474,0.5155555555555555,0.8729308843612671,0.845039427280426,0.8674905300140381,0.8505328297615051,0.8636082410812378,0.8396576046943665
2065,19,0.27476826310157776,116,1.308137434720993,0.5878555370228631,0.23822714681440443,0.8530992865562439,0.8559457063674927,0.8533616065979004,0.8557324409484863,0.853249728679657,0.8568119406700134
2066,12,0.21295101940631866,27,1.1458096305529277,0.7910892168680826,0.8611111111111112,0.714539647102356,0.5411360263824463,0.7165834903717041,0.6939278841018677,0.7230024933815002,0.7100719809532166
2067,17,0.11978455632925034,147,1.1079232811927795,0.5391304812261036,0.9134948096885813,0.4261453151702881,0.21865534782409668,0.41931241750717163,0.42056065797805786,0.4214489459991455,0.3928459882736206
2068,13,0.23459544777870178,169,1.024135627916881,0.6877856304248174,0.1834319526627219,0.6874706745147705,0.6985735893249512,0.6892082691192627,0.6917366981506348,0.6841750144958496,0.6922701597213745
2069,18,0.3912357985973358,84,1.8259305953979492,0.7049834833425634,0.17901234567901234,0.37962228059768677,0.4070138931274414,0.38573092222213745,0.4352782368659973,0.3842378258705139,0.40969622135162354
2070,8,0.2308906614780426,145,1.9157461822032928,0.36387182027101517,0.375,0.6728196740150452,0.28469711542129517,0.6938095688819885,0.6807022094726562,0.6780383586883545,0.6694639325141907
2071,18,0.15343357622623444,184,1.1600681808259752,0.5765124029583402,0.5895061728395061,0.776702344417572,0.5603244304656982,0.7573514580726624,0.7617515921592712,0.7565241456031799,0.7657470107078552
2072,14,0.2060738205909729,8,1.2316897043160029,0.4772208758762905,0.923469387755102,0.5395033359527588,0.5380381345748901,0.5500825643539429,0.5320196747779846,0.47664302587509155,0.533683180809021
2073,22,0.26283520460128784,112,1.4763841430346172,0.6451655449345708,0.768595041322314,0.7476989030838013,0.28956592082977295,0.7404688596725464,0.758463978767395,0.7441785335540771,0.7457916736602783
2074,21,0.26550930738449097,115,0.7173009117444357,0.4926997307274077,0.3492063492063492,0.3754503130912781,0.39742952585220337,0.345436155796051,0.37709343433380127,0.3433813452720642,0.3703928589820862
2075,19,0.207781583070755,175,0.6301220744848252,0.6556344915713582,0.3047091412742382,0.777336061000824,0.7445536851882935,0.7730014324188232,0.7527787685394287,0.7716892957687378,0.7670572400093079
2076,19,0.25569072365760803,86,1.7814205139875412,0.6664650122324626,0.7285318559556787,0.37399452924728394,0.33300572633743286,0.36987054347991943,0.37901437282562256,0.37379390001296997,0.3818832039833069
2077,16,0.3940654993057251,99,0.4857301488518715,0.5171993660430113,0.69921875,0.3166068196296692,0.009270787239074707,0.10967326164245605,0.06394976377487183,0.06253296136856079,0.09203445911407471
2078,5,0.1504068523645401,12,1.7114882071812947,0.9192675352096558,0.48,0.06331837177276611,0.00636214017868042,0.0663602352142334,0.06072103977203369,0.06015270948410034,0.052241504192352295
2079,24,0.2872152626514435,118,1.4984095096588135,0.6180719390511513,0.3802083333333333,0.5032039284706116,0.5071918964385986,0.4584506154060364,0.5094043016433716,0.41712212562561035,0.4907912611961365
2080,17,0.18681302666664124,183,0.46001389622688293,0.6943564300353711,0.2041522491349481,0.4584968686103821,0.5270429253578186,0.4613913297653198,0.49728137254714966,0.46352875232696533,0.5084531307220459
2081,7,0.17116311192512512,96,0.5991090337435404,0.4247160330414772,0.04081632653061224,0.4218074679374695,0.42950010299682617,0.4160768389701843,0.4289540648460388,0.42105013132095337,0.442155122756958
2082,6,0.1968567967414856,172,0.6794367730617523,0.25367313623428345,0.9166666666666666,0.8386330604553223,0.8370285630226135,0.837541937828064,0.8406573534011841,0.8392719626426697,0.8409050703048706
2083,7,0.1267099678516388,97,1.5261542052030563,0.6757814685503641,0.04081632653061224,0.30831849575042725,0.3146688938140869,0.31258445978164673,0.3183099031448364,0.308097779750824,0.315582275390625
2084,17,0.10702885687351227,146,1.002680629491806,0.599254803525077,0.21107266435986158,0.7583767771720886,0.7252273559570312,0.7585635781288147,0.7541556358337402,0.7573773264884949,0.7564584612846375
2085,21,0.2711033225059509,100,0.9969288229942321,0.5711200535297394,0.272108843537415,0.9689201712608337,0.9311922788619995,0.9643664360046387,0.9397006034851074,0.9615287780761719,0.931326687335968
2086,17,0.14329731464385986,187,1.3465790748596191,0.4814478009939194,0.17647058823529413,0.738909125328064,0.7715103626251221,0.7493958473205566,0.7263818979263306,0.7132788896560669,0.7140381932258606
2087,19,0.2075061798095703,129,0.7764566898345947,0.3850381353071758,0.8587257617728532,0.0257299542427063,-0.012501239776611328,0.024161994457244873,0.014672398567199707,0.0252225399017334,0.032787024974823
2088,16,0.3660460412502289,127,0.28228485584259033,0.718069119254748,0.81640625,0.43669867515563965,0.3924630880355835,0.44063085317611694,0.42971271276474,0.43103235960006714,0.42847591638565063
2089,17,0.37458673119544983,145,0.4336574226617813,0.4473877360423406,0.8512110726643599,0.6112453937530518,0.5448794364929199,0.6299923658370972,0.616461455821991,0.6247013807296753,0.6118713617324829
2090,18,0.1758912205696106,100,0.8875417858362198,0.7233619349343436,0.7561728395061729,0.08874505758285522,0.027781426906585693,0.10800468921661377,0.14473623037338257,0.12031644582748413,0.09955871105194092
2091,7,0.10668352246284485,135,0.758902482688427,0.8185440599918365,0.08163265306122448,0.458080530166626,0.46213656663894653,0.4434736371040344,0.4163709878921509,0.4513987898826599,0.44435083866119385
2092,16,0.1592978537082672,119,0.9772869944572449,0.46068266928195956,0.94921875,-0.020473241806030273,-0.05729663372039795,-0.012592673301696777,-0.02362358570098877,-0.01531374454498291,-0.017955303192138672
2093,3,0.1192547082901001,157,2.2341949939727783,0.5600114464759827,0.8888888888888888,0.6717272996902466,0.17694860696792603,0.677043080329895,0.6748483777046204,0.6731767058372498,0.6754682064056396
2094,4,0.15016156435012817,102,1.1504397888978322,0.561644434928894,0.3125,0.5714844465255737,0.5561139583587646,0.5702265501022339,0.5752406120300293,0.5707709789276123,0.5796804428100586
2095,16,0.3099820017814636,179,1.516632119814555,0.4739903647166032,0.26953125,0.6867194175720215,0.40302377939224243,0.6749509572982788,0.6819499731063843,0.6742449998855591,0.6789644360542297
2096,19,0.2083742618560791,122,1.058742594718933,0.5939413372959409,0.11634349030470914,0.0331692099571228,0.030035734176635742,0.038588106632232666,0.005776882171630859,0.025797128677368164,0.04288458824157715
2097,18,0.16204969584941864,115,1.175675744811694,0.5815136258800825,0.8919753086419753,0.6280258297920227,0.4417641758918762,0.6266562938690186,0.6284979581832886,0.6266653537750244,0.6274495720863342
2098,3,0.37729769945144653,11,0.9626591801643372,0.27099448442459106,1.0,0.5712175369262695,0.599590539932251,0.5708445310592651,0.5432143807411194,0.5607681274414062,0.5668997764587402
2099,16,0.22081908583641052,128,0.9992432355880737,0.3770607601512562,0.26171875,0.6973249912261963,0.6841844916343689,0.6998944878578186,0.6780258417129517,0.6946701407432556,0.6977434158325195
2100,18,0.1141924187541008,19,1.2295709252357483,0.5518871049086252,0.5370370370370371,0.6821757555007935,0.38781195878982544,0.59767746925354,0.7351566553115845,0.6558952927589417,0.7994924783706665
2101,19,0.13298971951007843,94,1.1140574514865875,0.36055928468704224,0.9556786703601108,0.0539587140083313,0.10008114576339722,0.07507181167602539,0.098277747631073,0.08062303066253662,0.08945077657699585
2102,17,0.13062193989753723,56,0.6683135430018107,0.8188709806312214,0.2560553633217993,0.13089638948440552,0.08679717779159546,0.12855708599090576,0.12657177448272705,0.12902706861495972,0.13172787427902222
2103,14,0.2934565246105194,191,1.0068336725234985,0.6847744911909104,0.6989795918367347,0.7213571667671204,0.6139772534370422,0.6980903148651123,0.6494426727294922,0.687454342842102,0.6326906681060791
2104,24,0.1677897423505783,70,0.5937623530626297,0.6687495686113835,0.003472222222222222,0.7387731671333313,0.7487767338752747,0.726980984210968,0.7086095213890076,0.7165820002555847,0.738201379776001
2105,21,0.3810357451438904,118,0.9622146487236023,0.6914469107985497,0.02947845804988662,0.14566254615783691,0.1401141881942749,0.08060193061828613,0.15812206268310547,0.11092650890350342,0.13526690006256104
2106,23,0.1698097586631775,61,0.8571879044175148,0.7084328563589799,0.31190926275992437,0.7440839409828186,0.31172019243240356,0.748548150062561,0.737469494342804,0.7440699338912964,0.7404947280883789
2107,14,0.3294565975666046,45,1.2933904727300007,0.6208765533837405,0.34183673469387754,0.6140470504760742,0.6269146203994751,0.6282470226287842,0.5735840201377869,0.6050251126289368,0.6302046775817871
2108,19,0.2642427384853363,15,0.7095055282115936,0.5895725432783365,0.25761772853185594,-0.095306396484375,-0.0326230525970459,-0.09068822860717773,-0.0978626012802124,-0.09329855442047119,-0.04626750946044922
2109,9,0.10636749863624573,198,0.6069505661725998,0.6053988814353943,0.5555555555555556,-0.04915165901184082,-0.060884714126586914,-0.05817818641662598,-0.03227376937866211,-0.05716729164123535,-0.04236173629760742
2110,7,0.21392638981342316,11,1.0155883073806762,0.9713778793811798,0.6530612244897959,-0.07257342338562012,0.13825124502182007,0.020685791969299316,0.12831008434295654,0.07892352342605591,-0.040093421936035156
2111,4,0.31525111198425293,90,0.5272592231631279,0.4469892829656601,0.1875,-0.028461575508117676,-0.06786656379699707,-0.053563475608825684,0.034135639667510986,-0.03705489635467529,0.0264054536819458
2112,25,0.12254791706800461,163,0.8747483491897583,0.6330733795960745,0.5072,0.5297194123268127,0.4512634873390198,0.5118165016174316,0.4590768814086914,0.505294919013977,0.52649986743927
2113,21,0.17050950229167938,67,0.81654920677344,0.6189874509970347,0.6485260770975056,0.025624573230743408,0.017074882984161377,0.025088131427764893,0.05390191078186035,0.0259857177734375,0.06130605936050415
2114,19,0.14643986523151398,161,1.1789359375834465,0.6932435401461341,0.296398891966759,0.01579946279525757,0.030164659023284912,-0.0022066831588745117,0.008215487003326416,0.002931356430053711,0.01475292444229126
2115,7,0.1555941253900528,50,1.4186115264892578,0.874007006486257,0.7142857142857143,0.6094756722450256,0.5712549686431885,0.6057199239730835,0.6160666942596436,0.6063724160194397,0.6161324381828308
2116,25,0.11098677664995193,199,1.041386718551318,0.7415831763493387,0.4864,0.2756584882736206,0.07361936569213867,0.28129512071609497,0.20908397436141968,0.28408247232437134,0.2812063694000244
2117,25,0.24451735615730286,12,0.6543558239936829,0.6379257304512936,0.656,0.3898749351501465,0.4152727723121643,0.3919827938079834,0.42559248208999634,0.3645445704460144,0.3502260446548462
2118,12,0.19624590873718262,192,0.5066520869731903,0.7843390107154846,0.7430555555555556,0.28643423318862915,0.24952614307403564,0.27444934844970703,0.28771674633026123,0.2759101986885071,0.2549169659614563
2119,22,0.12368826568126678,176,0.6815290562808514,0.7052411841494697,0.743801652892562,0.7277483940124512,0.5427277088165283,0.7213438749313354,0.7259525656700134,0.7285960912704468,0.7315673828125
2120,12,0.38936108350753784,149,0.7596890106797218,0.5615486726164818,0.625,0.2686000466346741,0.18888020515441895,0.19842153787612915,0.29144662618637085,0.1754346489906311,0.18685734272003174
2121,23,0.15558196604251862,170,0.5562686175107956,0.6804986525523035,0.3988657844990548,0.9204578995704651,0.9234465956687927,0.9156774878501892,0.9164621829986572,0.9152449369430542,0.9225276112556458
2122,8,0.3305554687976837,159,1.5617426633834839,0.6251944899559021,0.5,0.7421879768371582,0.6817793846130371,0.7233631610870361,0.6998605728149414,0.6917958855628967,0.7266030311584473
2123,25,0.1675562858581543,83,1.1786151272909982,0.6198038847910033,0.0432,0.8581594228744507,0.8621389269828796,0.8479517102241516,0.854421854019165,0.8551778793334961,0.8183785676956177
2124,23,0.20106971263885498,152,0.9298282861709595,0.5080305949637764,0.5935727788279773,0.1558915376663208,0.038222312927246094,0.152116060256958,0.1563551425933838,0.16811442375183105,0.15048032999038696
2125,21,0.14614732563495636,2,0.5503673139545653,0.4649127957721551,0.7392290249433107,-0.02321159839630127,-0.0442279577255249,-0.02935791015625,-0.041474223136901855,-0.02772068977355957,-0.039102792739868164
2126,23,0.14083105325698853,85,0.683185509272984,0.4981926204636693,0.44045368620037806,-0.08847498893737793,-0.10314130783081055,-0.04680180549621582,-0.04653453826904297,-0.061559200286865234,-0.05935013294219971
2127,12,0.1782521903514862,90,1.1766117438673973,0.6421010680496693,0.8472222222222222,-0.010121941566467285,-0.012002348899841309,-0.02007591724395752,-0.015199422836303711,-0.02629542350769043,-0.02586686611175537
2128,14,0.35474905371665955,120,0.6104030807813009,0.6359320716424421,0.2193877551020408,0.4037998914718628,0.34732574224472046,0.3217999339103699,0.3731651306152344,0.34187763929367065,0.36807340383529663
2129,22,0.26604071259498596,150,1.5933607816696167,0.6079512983560562,0.006198347107438017,0.33650267124176025,0.3687282204627991,0.1972377896308899,0.2936360836029053,0.1576656699180603,0.2533695697784424
2130,24,0.33776354789733887,176,1.0581735372543335,0.47181375608557746,0.8472222222222222,0.9221609234809875,0.8759844303131104,0.906589686870575,0.9203490614891052,0.91048264503479,0.9110643267631531
2131,19,0.16758954524993896,17,1.244419765472412,0.5039150768092701,0.08033240997229917,0.8836679458618164,0.9221404790878296,0.8394291400909424,0.8886218667030334,0.8686642050743103,0.8264526128768921
2132,8,0.19632045924663544,108,1.1703710198402404,0.45746981104214984,0.375,0.5562357306480408,0.5707756280899048,0.5591592788696289,0.49803441762924194,0.5670202374458313,0.5407997965812683
2133,13,0.1515062153339386,17,0.5661634057760239,0.42980941994623706,0.5976331360946746,0.015097379684448242,0.007533550262451172,0.01310819387435913,0.02060621976852417,0.01066434383392334,0.014114439487457275
2134,12,0.20735983550548553,42,0.9546194553375245,0.4164505622216633,0.9166666666666666,0.21958863735198975,0.1521064043045044,0.20524245500564575,0.1970955729484558,0.18022829294204712,0.22038137912750244
2135,18,0.11431745439767838,130,0.7122044165929159,0.5580907116333643,0.6790123456790124,0.6372030973434448,0.4531136155128479,0.6420699954032898,0.6492697596549988,0.6400812864303589,0.6535905003547668
2136,23,0.11022453755140305,112,1.0210722727434975,0.6297770980745554,0.389413988657845,-0.06079459190368652,-0.07822942733764648,-0.03960096836090088,-0.023049235343933105,-0.06116902828216553,0.003916382789611816
2137,18,0.15672174096107483,182,1.1375088666876156,0.5482463004688422,0.5246913580246914,0.6634899973869324,0.6006409525871277,0.6423793435096741,0.6608287692070007,0.6364912390708923,0.673996090888977
2138,21,0.3049302101135254,152,1.6126133352518082,0.6072395329966265,0.800453514739229,0.35243600606918335,0.0594668984413147,0.3236169219017029,0.20684242248535156,0.3009788393974304,0.2961851954460144
2139,23,0.20425304770469666,95,0.9955627679824829,0.5487771191530757,0.998109640831758,0.8891226053237915,0.7465415596961975,0.8842175006866455,0.8805251717567444,0.8839878439903259,0.8824079632759094
2140,14,0.38038840889930725,183,1.3725711107254028,0.4995041700700919,0.5663265306122449,0.8207756876945496,0.7620160579681396,0.8229892253875732,0.8071931004524231,0.8239826560020447,0.8022494912147522
2141,13,0.15794196724891663,72,0.5576034486293793,0.48388111405074596,0.6272189349112426,0.3203175663948059,0.30378156900405884,0.3272007703781128,0.32337552309036255,0.31207871437072754,0.3215068578720093
2142,10,0.32135826349258423,146,1.4010143677393596,0.6377747505903244,0.49,0.92924964427948,0.7779786586761475,0.9214763641357422,0.8810167908668518,0.9156360626220703,0.9187257289886475
2143,21,0.18540063500404358,48,1.8063411315282185,0.6063951096600957,0.6258503401360545,0.19118767976760864,0.16718554496765137,0.19237655401229858,0.23611986637115479,0.1953263282775879,0.21733516454696655
2144,9,0.2020651251077652,79,1.3391496613621712,0.5293283700942993,0.4074074074074074,0.7093452215194702,0.019524097442626953,0.7090765237808228,0.7200729846954346,0.7085458040237427,0.7138924598693848
2145,5,0.397157222032547,93,1.4105932712554932,0.5697747071584066,0.4,-0.027397871017456055,0.00952845811843872,-0.019017577171325684,0.00030428171157836914,-0.023899197578430176,0.00392305850982666
2146,10,0.38894152641296387,85,1.4396721869707108,0.7471146732568741,0.64,0.9120418429374695,0.6763558387756348,0.9134778380393982,0.9111211895942688,0.9102474451065063,0.9137067794799805
2147,24,0.14525483548641205,200,1.003910906612873,0.5162626579403877,0.7482638888888888,-0.03604328632354736,0.06954967975616455,-0.05196249485015869,-0.007749080657958984,-0.06964457035064697,-0.03168976306915283
2148,6,0.3875792324542999,24,1.4058544635772705,0.7618242979049683,0.9166666666666666,0.3011198043823242,0.2998126149177551,0.24334144592285156,0.3383527994155884,0.31618785858154297,0.35064226388931274
2149,25,0.3137650191783905,190,0.8469685688614845,0.5277630800292605,0.5024,0.6376882791519165,0.5756223201751709,0.5935048460960388,0.5880314111709595,0.5706415772438049,0.5651447176933289
2150,13,0.3674832582473755,139,1.3940613269805908,0.6562240256203545,0.4319526627218935,0.938614547252655,0.8668032884597778,0.9269658327102661,0.940945565700531,0.9301282167434692,0.9330447912216187
2151,13,0.1706208437681198,121,1.005984938144684,0.673888809978962,0.5207100591715976,0.30000734329223633,0.3062206506729126,0.2971458435058594,0.2982444167137146,0.30033451318740845,0.2979363799095154
2152,14,0.3519936501979828,9,1.0206409096717834,1.1164950687776913,0.5714285714285714,0.03457522392272949,0.07044637203216553,0.04649323225021362,0.06473177671432495,0.05698162317276001,0.057494938373565674
2153,21,0.1553647667169571,16,0.9720822274684906,0.5056999754160643,0.9750566893424036,0.008508265018463135,-0.17372214794158936,0.024136662483215332,-0.07408130168914795,0.021291673183441162,-0.08298683166503906
2154,19,0.3739154636859894,93,1.4213357170422871,0.6685795579105616,0.4487534626038781,0.5432999730110168,0.1290990710258484,0.5768378973007202,0.45962703227996826,0.5471653938293457,0.5458109378814697
2155,24,0.3381199240684509,68,1.1474453806877136,0.5948120324235213,0.1371527777777778,0.763927698135376,0.7793604731559753,0.7593561410903931,0.7808854579925537,0.7335007190704346,0.7729451656341553
2156,25,0.11225267499685287,52,0.9143840287412915,0.7935783995522393,0.56,0.005077660083770752,0.03850758075714111,-0.006490349769592285,0.0639144778251648,0.0026036500930786133,0.005449175834655762
2157,18,0.1805603951215744,168,1.3026570975780487,0.5424181955556074,0.1419753086419753,0.8119393587112427,0.8099490404129028,0.806643009185791,0.8171430826187134,0.8070405125617981,0.808808445930481
2158,11,0.10261828452348709,139,0.8756631761789322,0.5551139712333679,0.6859504132231405,0.173894464969635,0.1354912519454956,0.17631107568740845,0.1742173433303833,0.17606645822525024,0.18488919734954834
2159,24,0.23719292879104614,199,0.9284987052281698,0.787481318627085,0.09027777777777778,0.45854878425598145,0.36245614290237427,0.45873355865478516,0.5024598836898804,0.4529077410697937,0.5056065917015076
2160,7,0.2435145527124405,73,0.7936236461003622,0.5359127521514893,0.12244897959183673,0.11673450469970703,0.11732566356658936,0.1165628433227539,0.11704730987548828,0.11531507968902588,0.11809039115905762
2161,7,0.1257779598236084,135,1.5800276001294453,0.7996110916137695,0.9591836734693877,0.4230750799179077,0.29403841495513916,0.44785261154174805,0.4260193705558777,0.44411271810531616,0.429330050945282
2162,21,0.21875564754009247,56,0.9825507601102194,0.5712487518787384,0.1383219954648526,0.08886867761611938,0.2215055227279663,0.05169552564620972,0.20216715335845947,0.0645248293876648,0.15796858072280884
2163,8,0.19013574719429016,130,0.9469601015249888,0.46793726086616516,0.203125,0.769172191619873,0.7680072784423828,0.766664981842041,0.7520578503608704,0.7675639390945435,0.7673863172531128
2164,12,0.31557682156562805,8,0.6002276092767715,0.5558234781026841,0.7708333333333334,-0.025397419929504395,-0.010335206985473633,-0.01107335090637207,-0.012356758117675781,-0.015364527702331543,-0.011350274085998535
2165,24,0.2934947907924652,35,0.9086338356137276,0.6882862657308578,0.5763888888888888,0.23030567169189453,-0.1751941442489624,0.27083396911621094,0.19794535636901855,0.2523244023323059,0.2219482660293579
2166,19,0.11829599738121033,18,0.74187473654747,0.6226808215890612,0.5429362880886427,-0.3807997703552246,-0.20791196823120117,-0.44775867462158203,-0.22968542575836182,-0.44051170349121094,-0.5403554439544678
2167,16,0.2736893594264984,10,0.7854028542836508,0.630894721700595,0.98046875,0.4111776351928711,0.26979750394821167,0.3119659423828125,0.46731477975845337,0.3777710795402527,0.4852188229560852
2168,25,0.15895266830921173,100,1.2258886297543843,0.7234856357628648,0.4656,0.4478083848953247,0.2679126262664795,0.4011167883872986,0.4425901770591736,0.4150899648666382,0.4356001615524292
2169,21,0.11640036106109619,136,0.5245596518119177,0.6085941016674041,0.3922902494331066,0.010658562183380127,0.00888824462890625,0.013075172901153564,0.013640224933624268,0.009648025035858154,0.011191129684448242
2170,16,0.32369905710220337,153,1.4878461360931396,0.4835816983665739,0.43359375,0.39585596323013306,0.4509640336036682,0.4053165912628174,0.40464287996292114,0.4215152859687805,0.40828680992126465
2171,9,0.3290170133113861,135,1.8732232451438904,0.38097127846309115,0.9012345679012346,0.6968162059783936,0.6495128870010376,0.6895030736923218,0.69293612241745,0.6977245807647705,0.7070705890655518
2172,5,0.11495374888181686,59,1.0810517619053523,0.4261263757944107,0.12,-0.05495047569274902,-0.032056450843811035,-0.051069021224975586,-0.09150898456573486,-0.054413437843322754,-0.0888674259185791
2173,20,0.15750053524971008,182,0.6070732176303864,0.5238625295460224,0.0875,0.7456055283546448,0.7534434199333191,0.7575581669807434,0.7268781661987305,0.7121807336807251,0.7738513350486755
2174,11,0.3291907012462616,130,0.8886607438325882,0.49428942137294346,0.6033057851239669,0.8218081593513489,0.7019292116165161,0.8182281851768494,0.8220683932304382,0.8195095062255859,0.8167806267738342
2175,7,0.11801226437091827,71,1.4322470426559448,0.6126814186573029,0.6326530612244898,0.32439136505126953,0.3179672360420227,0.30985337495803833,0.3132017254829407,0.33811771869659424,0.31117773056030273
2176,5,0.1534096598625183,5,1.1947857439517975,0.7106503844261169,0.72,-0.11070132255554199,-0.33419597148895264,-0.08762729167938232,-0.1102609634399414,-0.07881033420562744,-0.08224999904632568
2177,24,0.3074832856655121,112,1.2600595504045486,0.43610157147049905,0.8993055555555556,0.28742337226867676,0.3198525309562683,0.32480448484420776,0.3955754041671753,0.3171160817146301,0.30790698528289795
2178,4,0.20177271962165833,175,0.5278336107730865,0.8298729658126831,0.6875,0.09148651361465454,0.02959311008453369,0.08726668357849121,0.09768670797348022,0.09516721963882446,0.09816491603851318
2179,15,0.151541069149971,152,1.623916393518448,0.5945530593395233,0.7288888888888889,0.8989946246147156,0.8185337781906128,0.8943750858306885,0.8859951496124268,0.8981928825378418,0.8907520771026611
2180,17,0.24393339455127716,12,1.7255504429340363,0.5269341285412128,0.903114186851211,-0.02595996856689453,-0.19016098976135254,-0.012012839317321777,-0.0810166597366333,-0.013550400733947754,-0.05824553966522217
2181,3,0.39718320965766907,136,2.950373649597168,0.23440902680158615,0.2222222222222222,0.5468034148216248,0.5982762575149536,0.5220888257026672,0.5416093468666077,0.5485873818397522,0.5333191156387329
2182,9,0.21555131673812866,173,0.8150651256243387,0.5991115421056747,0.6419753086419753,0.12103712558746338,0.04784947633743286,0.12217772006988525,0.12091559171676636,0.11889612674713135,0.12206447124481201
2183,13,0.12178488820791245,106,0.6985635658105215,0.6386325657367706,0.23668639053254437,0.7630032300949097,0.7491975426673889,0.7518246173858643,0.7730274200439453,0.7272785902023315,0.7559791207313538
2184,20,0.36165618896484375,16,1.884314477443695,0.5431892880135112,0.9125,0.7295118570327759,0.5188488364219666,0.6347337961196899,0.7292839288711548,0.5881325602531433,0.6681798696517944
2185,11,0.31235527992248535,159,1.1106920093297958,0.7279809372765678,0.7520661157024794,-0.009169697761535645,-0.018012166023254395,-0.005537152290344238,-0.010699033737182617,-0.009224176406860352,-0.01524662971496582
2186,22,0.2551621198654175,141,1.0590878129005432,0.5919346792830361,0.5991735537190083,0.020528197288513184,-0.007567763328552246,0.01920342445373535,0.015190720558166504,0.0339624285697937,0.0201951265335083
2187,16,0.2946271598339081,116,1.0414525270462036,0.5008123305936655,0.60546875,0.026806175708770752,0.007140040397644043,0.022129595279693604,0.010530710220336914,0.018941164016723633,0.017606735229492188
2188,7,0.22411127388477325,112,0.7596635321776072,0.6195515170693398,0.5510204081632653,0.7511242032051086,0.7519189119338989,0.752644956111908,0.7504551410675049,0.7536962032318115,0.75114905834198
2189,11,0.11232814937829971,18,0.9318060245778825,0.29189810156822205,0.9586776859504132,0.24843627214431763,-0.2747342586517334,0.2461565136909485,0.21965128183364868,0.26743537187576294,0.2320881485939026
2190,21,0.10072864592075348,67,1.1156887610753377,0.4586525559425354,0.19954648526077098,0.9353354573249817,0.8885778188705444,0.9378783702850342,0.9348633289337158,0.9342710971832275,0.9320386052131653
2191,24,0.18014420568943024,10,0.7053704385956129,0.5466696777277522,0.9236111111111112,0.12261807918548584,0.03391760587692261,0.030582129955291748,0.10909140110015869,0.09830266237258911,0.09089446067810059
2192,25,0.16378647089004517,67,1.4647270798683167,0.581504262238741,0.9056,0.11306518316268921,0.02238166332244873,0.05510854721069336,-0.10170257091522217,0.13626718521118164,-0.004791736602783203
2193,20,0.21179717779159546,142,1.2796474874019623,0.6107166836659114,0.9325,0.3526202440261841,0.2707677483558655,0.352708637714386,0.3493261933326721,0.3322948217391968,0.35389238595962524
2194,25,0.3112354278564453,19,1.6145940124988556,0.6125913794551577,0.7856,0.8998610973358154,-0.1739414930343628,0.9050984978675842,0.7126290798187256,0.6218046545982361,0.47616690397262573
2195,14,0.17418085038661957,189,1.4206494688987732,0.634045433666971,0.4642857142857143,-0.0018851757049560547,-0.01176154613494873,0.0020064711570739746,-0.0028003454208374023,0.00033080577850341797,-0.010708451271057129
2196,8,0.2785326838493347,55,1.4327613830566406,0.2348629484574,0.328125,-0.0026150941848754883,-0.11657834053039551,-0.007761478424072266,-0.03381836414337158,-0.015599846839904785,-0.018126487731933594
2197,16,0.2572598159313202,187,0.35110488533973694,0.7662194786327226,0.28125,0.7394512891769409,0.6606765985488892,0.7419348955154419,0.7294313907623291,0.744684100151062,0.7144646644592285
2198,25,0.10555911809206009,21,1.116435205936432,0.6369800329208374,0.7024,0.1536007523536682,-0.6135413646697998,0.2287435531616211,0.18367785215377808,0.1082724928855896,0.24499332904815674
2199,22,0.15036925673484802,31,1.337206482887268,0.7138776659965516,0.25206611570247933,0.1814900040626526,0.3101382851600647,0.17852669954299927,0.30253303050994873,0.12497425079345703,0.30541205406188965
2200,16,0.22522850334644318,191,0.6386246144771576,0.6053514534776862,0.79296875,0.7144137620925903,0.5875282287597656,0.7297416925430298,0.6946500539779663,0.7228915691375732,0.6983597278594971
2201,24,0.176941379904747,32,0.8190847113728523,0.7660949726899465,0.4791666666666667,0.6990130543708801,0.37632209062576294,0.7277959585189819,0.7436145544052124,0.6522353887557983,0.7561208009719849
2202,3,0.3079947531223297,33,1.9202346801757812,0.4242345690727234,0.0,0.3228400945663452,0.2696879506111145,0.28821098804473877,0.2809222936630249,0.3176175355911255,0.2779974937438965
2203,12,0.24311155080795288,113,1.7682310104370118,0.5232044245515551,0.75,0.8322083950042725,0.7369866371154785,0.8290766477584839,0.8254517912864685,0.827290415763855,0.8293243646621704
2204,20,0.20349900424480438,10,0.7907256086667379,0.4356356146080153,0.1775,-0.26845014095306396,-0.691541314125061,-0.22462856769561768,-0.32184767723083496,-0.2278451919555664,-0.05559647083282471
2205,6,0.38260984420776367,34,0.9253388047218323,0.8246675848960876,0.6666666666666666,0.3681999444961548,0.3487392067909241,0.38108575344085693,0.37278783321380615,0.3675282597541809,0.37956440448760986
2206,22,0.19533513486385345,18,0.859104593594869,0.5350482095228998,0.22933884297520662,-0.029574871063232422,-0.0543135404586792,-0.030363798141479492,-0.09589362144470215,-0.028512001037597656,-0.061014771461486816
2207,9,0.30608880519866943,190,0.6290205419063568,0.49073842763900755,0.8024691358024691,-0.0025582313537597656,-0.010664224624633789,-0.017750024795532227,-0.003461003303527832,-0.009233951568603516,0.003449082374572754
2208,22,0.13392043113708496,174,0.9729217108752992,0.5746100132281964,0.40289256198347106,0.13194745779037476,0.11895769834518433,0.13540250062942505,0.13609373569488525,0.13877546787261963,0.13205575942993164
2209,21,0.10710415989160538,159,1.4673942029476166,0.6537921987473965,0.05442176870748299,0.9739502668380737,0.9757108688354492,0.9768128395080566,0.9709440469741821,0.9729686379432678,0.9776536226272583
2210,21,0.3390176594257355,67,1.7273975312709808,0.5647012803115343,0.764172335600907,0.8918861746788025,0.8173667192459106,0.8823840022087097,0.8509135246276855,0.8857767581939697,0.894484281539917
2211,6,0.284180223941803,119,0.7383018434047699,1.1016041189432144,0.25,0.04012018442153931,0.0009581446647644043,0.0393376350402832,-0.03452479839324951,0.04549360275268555,0.06380718946456909
2212,9,0.2801254093647003,146,0.7637333050370216,0.7528836548328399,0.7777777777777778,0.4975854754447937,0.43167489767074585,0.4961368441581726,0.4931609630584717,0.5002063512802124,0.49704647064208984
2213,15,0.33932846784591675,174,0.8136072009801865,0.5469862646781481,0.3333333333333333,0.7177308797836304,0.43147802352905273,0.6407747864723206,0.5754991173744202,0.6059266328811646,0.5515415668487549
2214,19,0.18371540307998657,171,0.7767089009284973,0.43416088819503784,0.47368421052631576,0.92238450050354,0.773090660572052,0.9094254374504089,0.9051426649093628,0.8931559920310974,0.8776674270629883
2215,18,0.3726643919944763,164,1.9880559593439102,0.6134490775210517,0.6049382716049383,0.9711340069770813,0.923098087310791,0.967354416847229,0.9511557817459106,0.9675537943840027,0.9291142225265503
2216,13,0.2339007407426834,26,1.2566514164209366,0.7151316967275407,0.05325443786982249,0.41046398878097534,0.5149432420730591,0.42855310440063477,0.5122585892677307,0.39683836698532104,0.5242776870727539
2217,6,0.36452922224998474,176,1.0356370011965434,0.31980401774247486,0.3055555555555556,0.9317348003387451,0.9230479598045349,0.9345840215682983,0.9272923469543457,0.9317003488540649,0.9335445165634155
2218,24,0.23899438977241516,136,1.04560790459315,0.5127254107168743,0.7204861111111112,0.9353687167167664,0.659005880355835,0.8093109130859375,0.713344156742096,0.8130491375923157,0.645677924156189
2219,9,0.23123645782470703,14,0.5832730034987131,0.6769065459569296,0.1728395061728395,0.2089291214942932,0.15294551849365234,0.2328614592552185,0.223499596118927,0.23467636108398438,0.19014263153076172
2220,5,0.3353155255317688,156,0.318037748336792,0.4774327278137207,0.04,0.2028542160987854,0.19391381740570068,0.2042618989944458,0.19334936141967773,0.20885902643203735,0.18511545658111572
2221,10,0.2995402216911316,158,0.8012198209762573,0.5520864371210337,0.02,0.8673513531684875,0.8733742237091064,0.8666751980781555,0.8660570383071899,0.8690532445907593,0.8696945905685425
2222,5,0.2199820876121521,125,0.7709117233753204,0.4101102848847707,0.84,0.02263188362121582,0.020710110664367676,0.016681432723999023,0.039352476596832275,0.007632553577423096,0.03622329235076904
2223,3,0.2741228938102722,168,0.43229395151138306,0.37866629660129547,0.6666666666666666,0.036470890045166016,0.027760088443756104,0.03792142868041992,0.03631073236465454,0.03767424821853638,0.04028964042663574
2224,7,0.24890567362308502,15,1.1939313411712646,0.4679324746131897,0.6122448979591837,-0.02344214916229248,0.004700839519500732,-0.03826344013214111,-0.026377320289611816,-0.0005804300308227539,-0.019675850868225098
2225,21,0.11459863930940628,38,0.9525067694485188,0.5054329668100064,0.3764172335600907,0.23316478729248047,0.17088019847869873,0.30633699893951416,0.270768940448761,0.28699594736099243,0.2658848762512207
2226,15,0.3100924491882324,92,1.027611603339513,0.47877894217769307,0.9866666666666667,0.6649216413497925,0.4597765803337097,0.6685537099838257,0.6628867387771606,0.6599103212356567,0.6598936319351196
2227,17,0.2482277899980545,168,0.304044246673584,0.6469380617141723,0.7577854671280276,0.1464064121246338,0.08352607488632202,0.15201669931411743,0.15487784147262573,0.1399415135383606,0.1466643214225769
2228,7,0.1169067993760109,153,1.3468807578086852,1.0838286131620407,0.14285714285714285,0.038653016090393066,0.037809133529663086,0.04009699821472168,0.0383908748626709,0.03936034440994263,0.0299341082572937
2229,13,0.27030515670776367,134,1.5012714564800262,0.5736250893937217,0.8047337278106509,0.015756428241729736,0.02067464590072632,0.028600633144378662,0.05695873498916626,0.04532194137573242,0.05450773239135742
2230,15,0.3282611072063446,16,1.8029281944036484,0.6953259923241355,0.9333333333333333,0.6856404542922974,0.15173810720443726,0.6689140796661377,0.6638211011886597,0.6768348217010498,0.5881083607673645
2231,14,0.3321235775947571,63,0.8833849370479584,0.627114474773407,0.6020408163265306,0.7552300691604614,0.6231597065925598,0.7534394860267639,0.7707545757293701,0.7948124408721924,0.808005690574646
2232,23,0.1197342723608017,115,1.1180444442563586,0.5990028317485537,0.007561436672967864,0.5623232126235962,0.5236331224441528,0.5491728186607361,0.5477184057235718,0.5495386123657227,0.5495189428329468
2233,12,0.12276028096675873,72,0.9534310437738895,0.8857759237289429,0.625,0.08903157711029053,0.1406901478767395,0.07565736770629883,0.14926189184188843,0.0854979157447815,0.14101499319076538
2234,18,0.17489805817604065,33,1.0935475707054139,0.5167029855343012,0.7870370370370371,0.7049087285995483,0.43116873502731323,0.7007114887237549,0.7007827758789062,0.7054038643836975,0.7095766067504883
2235,9,0.1029159352183342,9,1.5437337309122086,0.27773451805114746,0.9259259259259259,0.5542130470275879,0.5695164203643799,0.6116691827774048,0.5846973657608032,0.6131066083908081,0.4814320206642151
2236,10,0.20614509284496307,154,0.5865112543106079,0.9083509395519892,0.58,0.5846282243728638,0.5469609498977661,0.5834803581237793,0.5805654525756836,0.5806618928909302,0.5811347961425781
2237,21,0.10357247292995453,136,1.389013783498244,0.46370706558227537,0.8707482993197279,0.1392574906349182,0.05671262741088867,0.14028793573379517,0.12824463844299316,0.14110422134399414,0.1274963617324829
2238,4,0.18568055331707,69,1.3080415626366932,0.8449721336364746,0.5625,0.11977827548980713,0.0467451810836792,0.11109811067581177,0.10841768980026245,0.11381292343139648,0.11666786670684814
2239,7,0.1958780288696289,112,0.6903137043118477,0.7071410814921061,0.7142857142857143,0.09669029712677002,0.07399916648864746,0.08515191078186035,0.07896846532821655,0.08548551797866821,0.08048224449157715
2240,12,0.27098792791366577,58,0.8908693691094717,0.8704525066746606,0.5138888888888888,0.39346373081207275,0.3921525478363037,0.3948670029640198,0.3681414723396301,0.3951917886734009,0.38980644941329956
2241,22,0.12743693590164185,167,0.8007450293410908,0.9422959035093134,0.0743801652892562,0.6682987213134766,0.6746194362640381,0.6726990342140198,0.6594400405883789,0.6749013662338257,0.6573308706283569
2242,24,0.19241048395633698,83,1.0694378763437271,0.5140038430690765,0.4149305555555556,0.750305712223053,0.7542420029640198,0.7403995990753174,0.7503252625465393,0.7372440099716187,0.7536534070968628
2243,3,0.3451133668422699,154,0.9176540374755859,0.4827982783317566,0.8888888888888888,-0.0037893056869506836,-0.0051496028900146484,-0.0059860944747924805,-0.006651043891906738,-0.004809021949768066,-0.007768511772155762
2244,25,0.14998190104961395,34,1.4015475809574127,0.5449369578134446,0.0592,0.5783184766769409,0.7935784459114075,0.554088830947876,0.6733769178390503,0.5439539551734924,0.6584400534629822
2245,14,0.1609572470188141,157,0.9096938967704773,0.6547047983516346,0.6122448979591837,0.5379987359046936,0.5143119096755981,0.5366358757019043,0.5525280833244324,0.5415031909942627,0.5430498123168945
2246,11,0.3977000117301941,137,0.7109648585319519,0.6277648972140418,0.2231404958677686,0.5879956483840942,0.57924485206604,0.5828231573104858,0.5815830826759338,0.5850225687026978,0.5791693925857544
2247,20,0.16810011863708496,174,1.113979947566986,0.5553280661503474,0.5,0.4370047450065613,0.4552091956138611,0.4142056703567505,0.4471091032028198,0.4303891062736511,0.44440144300460815
2248,13,0.14054220914840698,48,0.8292391035291884,0.42607133835554123,0.35502958579881655,0.0028916001319885254,-0.04021000862121582,-0.0020624399185180664,-0.06779491901397705,-0.0006899833679199219,-0.01052999496459961
2249,23,0.10647767037153244,45,1.3809133470058441,0.4505023996035258,0.18525519848771266,0.6119270324707031,0.6069216132164001,0.6003526449203491,0.6346701383590698,0.617308497428894,0.634948194026947
2250,12,0.16484057903289795,193,0.7977291718125343,0.6140974033623934,0.5416666666666666,0.7380534410476685,0.6363641023635864,0.7406412959098816,0.7226756811141968,0.736392617225647,0.7315222024917603
2251,22,0.1445990353822708,66,0.9645588270255497,0.5269906053940455,0.5661157024793388,0.03146594762802124,0.010464787483215332,0.0320281982421875,0.049802541732788086,0.03906214237213135,0.05452907085418701
2252,24,0.13032104074954987,47,1.1440813336521387,0.6520974766463041,0.28125,0.7052791714668274,0.7789008617401123,0.7004197835922241,0.7038497924804688,0.6933144927024841,0.6942200064659119
2253,4,0.11014018952846527,116,0.7950818836688995,0.9746197462081909,1.0,0.336625337600708,0.0877273678779602,0.33353257179260254,0.3427148461341858,0.33651989698410034,0.33838510513305664
2254,18,0.2978067100048065,23,1.0685381591320038,0.6956340501705806,0.9691358024691358,-0.014904141426086426,-0.16709113121032715,-0.002743959426879883,-0.04029417037963867,0.011060357093811035,-0.02791726589202881
2255,19,0.20712582767009735,142,1.1284673511981964,0.4648175934950511,0.37950138504155123,0.910305380821228,0.9056146144866943,0.9094173908233643,0.9087336659431458,0.9127482771873474,0.9110126495361328
2256,24,0.2893071174621582,76,0.706554447611173,0.6384847526039396,0.9930555555555556,-0.05841982364654541,-0.189153790473938,-0.0515439510345459,-0.12378132343292236,-0.03407132625579834,-0.08819365501403809
2257,18,0.34173783659935,84,1.2907946929335594,0.5389986016920635,0.37962962962962965,0.7935322523117065,0.8220630288124084,0.7111606597900391,0.6376625299453735,0.6814440488815308,0.6373744010925293
2258,23,0.15287530422210693,158,1.523415078719457,0.5897592367494807,0.4007561436672968,0.5304304361343384,0.2297019362449646,0.5158779621124268,0.5078349113464355,0.5318543910980225,0.5244206786155701
2259,14,0.252081960439682,188,1.282516860961914,0.42991137007872265,0.8010204081632653,0.7722501158714294,0.681609034538269,0.7635582089424133,0.754651665687561,0.7662019729614258,0.7629336714744568
2260,9,0.11907710880041122,41,1.0597071732793535,0.9265651404857635,0.7901234567901234,0.582405686378479,0.4584115147590637,0.5853500366210938,0.5647013783454895,0.5757119655609131,0.5570845007896423
2261,9,0.3739936649799347,48,0.9858466386795044,0.35614538192749023,0.32098765432098764,-0.033844590187072754,-0.058270931243896484,-0.05820906162261963,-0.1291828155517578,-0.0566554069519043,-0.11643505096435547
2262,21,0.29010775685310364,130,0.9246900454163551,0.5297284897635964,0.5804988662131519,0.6618778109550476,0.6263467073440552,0.653968095779419,0.6619465947151184,0.6453454494476318,0.6475948095321655
2263,14,0.21845965087413788,44,1.3331704288721085,0.7080439001321792,0.1989795918367347,0.5267387628555298,0.5717577934265137,0.5087531805038452,0.6109910011291504,0.4954930543899536,0.5960172414779663
2264,20,0.254497230052948,149,1.483767608801524,0.5647098202915752,0.94,0.07870358228683472,0.030001163482666016,0.08456975221633911,0.07447367906570435,0.08432227373123169,0.06751638650894165
2265,17,0.320296049118042,16,1.1089993327856065,0.5181212102373441,0.7508650519031141,0.24675852060317993,0.2451724410057068,0.22620242834091187,0.3006775975227356,0.21903902292251587,0.3479345440864563
2266,7,0.3081507682800293,126,1.1912747224171956,0.5412549898028374,0.5714285714285714,-0.02660536766052246,-0.006769776344299316,-0.022360682487487793,-0.03102266788482666,-0.027220964431762695,-0.025017499923706055
2267,11,0.24413470923900604,197,1.7971560955047607,0.6672533932659361,0.15702479338842976,-4.482269287109375e-05,0.0320553183555603,0.0058217644691467285,0.03949648141860962,0.003695547580718994,0.02833789587020874
2268,25,0.11744111031293869,77,1.0109555550983973,0.5517968336741129,0.2416,0.8520336151123047,0.8031291961669922,0.821901798248291,0.8283547163009644,0.7891972661018372,0.8252968788146973
2269,19,0.14552746713161469,35,1.3597694685061772,0.6435984969139099,0.9085872576177285,-0.08009755611419678,-0.08452105522155762,-0.057570576667785645,-0.06369674205780029,-0.06155681610107422,-0.11265730857849121
2270,18,0.24776332080364227,108,1.1576701402664185,0.8186457238414071,0.4104938271604938,0.8446623086929321,0.7915662527084351,0.8338878154754639,0.8282982707023621,0.8395757675170898,0.8077118396759033
2271,25,0.14709413051605225,108,1.0809452652931213,0.5626362989346186,0.368,0.6962937116622925,0.49352121353149414,0.6957460641860962,0.6941242218017578,0.6998594999313354,0.6944780945777893
2272,12,0.3701189458370209,140,1.2690973728895187,0.6768389753997326,0.9375,0.8570356369018555,0.8199312090873718,0.8577189445495605,0.8570254445075989,0.8578267097473145,0.8577340841293335
2273,5,0.3479834198951721,30,0.7690945118665695,0.37436366081237793,0.88,-0.05572772026062012,-0.07640159130096436,-0.07129204273223877,-0.0078067779541015625,-0.07298290729522705,0.04081273078918457
2274,16,0.31982606649398804,94,0.9000878512859345,0.49917199123989453,0.765625,0.4346531629562378,0.39552271366119385,0.4766944646835327,0.3952222466468811,0.41921818256378174,0.44672441482543945
2275,25,0.14143763482570648,12,0.7057928244272867,0.5855679794361717,0.288,0.06550538539886475,0.1351165771484375,0.09872233867645264,0.1276136040687561,0.06640571355819702,0.1168527603149414
2276,20,0.24919211864471436,166,1.3333032131195068,0.5447647795081139,0.1575,0.4422141909599304,0.4349197745323181,0.46317607164382935,0.3713710308074951,0.47444015741348267,0.4476298689842224
2277,16,0.30559253692626953,63,1.2822498559951783,0.5926684086973016,0.34375,0.9330053329467773,0.9273203611373901,0.9282711148262024,0.9279839396476746,0.9242693781852722,0.9270415902137756
2278,11,0.15559297800064087,80,0.6414273589849472,0.5594434440135956,0.6942148760330579,0.08074676990509033,0.01282888650894165,0.07935047149658203,0.08446228504180908,0.07905125617980957,0.08370709419250488
2279,9,0.37058982253074646,63,0.8233829960227013,0.5859574760709491,0.5555555555555556,0.7064718008041382,0.5487706661224365,0.7090630531311035,0.6965581774711609,0.7181970477104187,0.6951877474784851
2280,17,0.23786991834640503,53,1.0313173532485962,0.5192744761705399,0.4186851211072664,0.5169691443443298,0.34060782194137573,0.5372748374938965,0.5399026870727539,0.5217161774635315,0.5779269933700562
2281,18,0.21738213300704956,183,0.7586016381780306,0.7166395659248034,0.47530864197530864,0.17869144678115845,0.1869775652885437,0.20857614278793335,0.18658125400543213,0.20811408758163452,0.17318636178970337
2282,15,0.27838531136512756,175,1.2438700914382934,0.6033778458833694,0.9333333333333333,0.6275629997253418,0.5926617383956909,0.6360974311828613,0.6260995864868164,0.6265208721160889,0.6265389919281006
2283,6,0.1344730108976364,167,1.0431561370690663,0.43456748127937317,0.1388888888888889,0.40449655055999756,0.39724647998809814,0.4023208022117615,0.4008367657661438,0.40570068359375,0.39602887630462646
2284,25,0.21175140142440796,108,1.2824269756674767,0.446478165331341,0.6048,0.7161664962768555,0.6364357471466064,0.7001586556434631,0.6815338730812073,0.6847391724586487,0.6837282180786133
2285,9,0.10982833057641983,138,1.6643972595532734,0.5837074319521586,0.012345679012345678,0.49622201919555664,0.5000629425048828,0.49662309885025024,0.49741995334625244,0.49424314498901367,0.5205343961715698
2286,22,0.3289577066898346,66,1.003876785437266,0.6316608786582947,0.5454545454545454,0.28399866819381714,0.29442286491394043,0.26611483097076416,0.23618435859680176,0.2838662266731262,0.2289944887161255
2287,6,0.10469755530357361,167,1.5235531777143478,0.8693929314613342,0.7777777777777778,0.0317072868347168,0.005703449249267578,0.030332565307617188,0.03832477331161499,0.031132161617279053,0.03973960876464844
2288,25,0.20645679533481598,108,1.6811529517173767,0.7057190999388695,0.0656,0.8300893902778625,0.9166239500045776,0.8224913477897644,0.728035569190979,0.7947244048118591,0.8273582458496094
2289,13,0.15515457093715668,80,0.9077286720275879,0.734429250160853,0.2485207100591716,0.7870949506759644,0.7440600395202637,0.7977569103240967,0.7774083614349365,0.7976284623146057,0.7826991081237793
2290,21,0.126641646027565,36,0.8727036826312542,0.40496282050242793,0.10430839002267574,0.8483824729919434,0.7405049800872803,0.8403798937797546,0.7610880732536316,0.8503477573394775,0.8142386674880981
2291,5,0.23855945467948914,120,1.2608196288347244,0.21637843549251556,0.44,0.2688215374946594,-0.0057408809661865234,0.27196913957595825,0.2638738751411438,0.271016001701355,0.26873379945755005
2292,16,0.17895010113716125,59,1.4829078406095504,0.5438056953928687,0.91796875,0.9401971697807312,0.794653058052063,0.93938809633255,0.9370909333229065,0.9397968649864197,0.9377296566963196
2293,13,0.22551727294921875,158,0.8525333851575851,0.626139415635003,0.9644970414201184,0.9591510891914368,0.9554754495620728,0.9586210250854492,0.9581370949745178,0.9592828750610352,0.9560587406158447
2294,20,0.3617987334728241,48,1.1688221395015717,0.6635785289108753,0.215,0.6293066143989563,0.6560678482055664,0.6072701215744019,0.6332829594612122,0.6131963133811951,0.634161114692688
2295,18,0.16659532487392426,69,1.1626049913465977,0.6526072057230132,0.1728395061728395,0.3756002187728882,0.3775556683540344,0.3548264503479004,0.3702526092529297,0.3481953740119934,0.36914151906967163
2296,8,0.15995018184185028,149,1.8197860360145568,0.5800812641779581,0.171875,0.0056729912757873535,0.019399285316467285,0.007808506488800049,0.016475021839141846,0.00773090124130249,0.018131256103515625
2297,15,0.31286609172821045,110,0.9770114570856094,0.5656129108233885,0.28888888888888886,0.5304203033447266,0.05152177810668945,0.42174702882766724,0.4252912402153015,0.49344438314437866,0.2878606915473938
2298,11,0.1819131076335907,80,0.935904897749424,0.49777684041431974,0.06611570247933884,0.7168952226638794,0.4830157160758972,0.7050407528877258,0.7001311182975769,0.6724178791046143,0.7129091024398804
2299,14,0.36102208495140076,21,0.7075497408707937,0.4888514537702907,0.4387755102040816,0.8726586103439331,0.8267732858657837,0.7902047038078308,0.8195788860321045,0.7726718187332153,0.7943493723869324
2300,23,0.24444596469402313,192,1.1949449181556702,0.62965353909466,0.7939508506616257,0.7580206394195557,0.6057407855987549,0.7331153154373169,0.7142301797866821,0.7324804067611694,0.7429083585739136
2301,10,0.11123809963464737,56,0.9495994398991267,0.45326728373765945,0.95,0.10483431816101074,0.06485652923583984,0.11144226789474487,0.13092362880706787,0.09463155269622803,0.12617021799087524
2302,14,0.12529775500297546,193,1.2083503380417824,0.715053970615069,0.826530612244898,0.5269553661346436,0.21074062585830688,0.5266656875610352,0.5137143731117249,0.5278712511062622,0.5229185819625854
2303,15,0.22317202389240265,31,0.8618570367495219,0.663604782273372,0.8488888888888889,0.6918587684631348,0.585067868232727,0.6928545236587524,0.6824514865875244,0.68425053358078,0.7161741256713867
2304,16,0.30095934867858887,179,1.156349241733551,0.5139102844091562,0.68359375,0.575995683670044,0.43855369091033936,0.5665432810783386,0.551925003528595,0.5845527648925781,0.5621843338012695
2305,22,0.20921508967876434,124,1.0767262776692708,0.6255820076912642,0.8264462809917356,-0.014610767364501953,-0.022584080696105957,-0.014711976051330566,-0.02875339984893799,-0.012952804565429688,-0.022451162338256836
2306,10,0.21935021877288818,74,1.0057405605912209,0.5079453885555267,0.4,0.031145989894866943,0.023932456970214844,0.03305244445800781,0.031595468521118164,0.03333234786987305,0.04266715049743652
2307,9,0.15511386096477509,81,0.9226803580919901,0.6753009955088297,0.43209876543209874,0.6602238416671753,0.47318804264068604,0.670973539352417,0.6657537221908569,0.6727093458175659,0.6743817329406738
2308,25,0.12485101819038391,71,0.9271394813602621,0.5557588881679943,0.2576,0.6259502172470093,0.6477329730987549,0.6257853507995605,0.6349847316741943,0.6328389644622803,0.6374739408493042
2309,10,0.23976296186447144,74,0.4521570901075999,0.9725505539349147,0.8,0.06302100419998169,0.020242691040039062,0.10240393877029419,0.047287583351135254,0.09013450145721436,0.05174773931503296
2310,13,0.12042299658060074,61,0.6648270892245429,0.553499162197113,0.7514792899408284,0.22178393602371216,0.34213101863861084,0.22240322828292847,0.32738637924194336,0.24399405717849731,0.3391041159629822
2311,9,0.1732814908027649,50,1.1295424004395802,0.6421376367410024,0.32098765432098764,0.708045482635498,0.7128747701644897,0.7055492401123047,0.734817624092102,0.7000902891159058,0.721460223197937
2312,15,0.1471630483865738,182,0.9713054001331329,0.654057003557682,0.9822222222222222,0.5240508317947388,0.5431312322616577,0.5266561508178711,0.5295581817626953,0.5261232256889343,0.5256955623626709
2313,10,0.10678637772798538,188,0.6115404903888703,0.546561324596405,0.82,0.04473799467086792,0.01310509443283081,0.03264760971069336,0.03427797555923462,0.027471065521240234,0.04269826412200928
2314,13,0.12382782995700836,103,1.9479355663061142,0.49353210296895766,0.0650887573964497,0.01549530029296875,0.004964351654052734,0.020307719707489014,0.013263821601867676,0.006612598896026611,0.014598727226257324
2315,21,0.1379086822271347,92,1.437116302549839,0.8253665312248117,0.7301587301587301,0.6023170948028564,0.564922034740448,0.6004015803337097,0.6005697846412659,0.5980015993118286,0.6007223129272461
2316,19,0.10112276673316956,41,0.8562924042344093,0.5808789391409267,0.40443213296398894,-0.07885086536407471,-0.16560804843902588,-0.03933084011077881,-0.2118908166885376,-0.05045890808105469,-0.11630439758300781
2317,10,0.3899397552013397,158,1.0031233231226604,0.8273326201098306,0.47,0.7566496133804321,0.7511153221130371,0.7528164386749268,0.7647973299026489,0.7546167373657227,0.749546468257904
2318,12,0.3767249882221222,150,0.4360342472791672,0.7167209535837173,0.6736111111111112,0.8788667917251587,0.6935997009277344,0.8342595100402832,0.8250544667243958,0.8250733613967896,0.8028531074523926
2319,4,0.20775705575942993,124,0.4743579824765523,0.26604247093200684,1.0,0.5157092809677124,0.38447946310043335,0.5141384601593018,0.5154474973678589,0.5140726566314697,0.5139833688735962
2320,14,0.1584591269493103,7,0.9131361097097397,0.5400544032454491,0.5714285714285714,0.6656526327133179,0.6332522034645081,0.6375154256820679,0.7441827654838562,0.6575258374214172,0.7279436588287354
2321,22,0.23817197978496552,71,1.4526619017124176,0.6306515476769872,0.1652892561983471,0.3090117573738098,-0.011037826538085938,0.2802789807319641,0.32523858547210693,0.21407300233840942,0.28704577684402466
2322,15,0.32136791944503784,29,0.9768835405508677,0.7542571922143301,0.6844444444444444,0.019484758377075195,0.021667063236236572,0.007362306118011475,-0.0075953006744384766,0.018242180347442627,-0.020684242248535156
2323,14,0.12067640572786331,6,0.981502115726471,0.5460764129053463,0.2653061224489796,-0.02842235565185547,-0.3261539936065674,-0.02661919593811035,-0.12464702129364014,-0.021976947784423828,-0.05082356929779053
2324,15,0.13340629637241364,25,1.6331643909215927,0.4204180049044745,0.6177777777777778,-0.012988924980163574,-0.028479695320129395,-0.014057278633117676,-0.03759026527404785,-0.015127301216125488,-0.02426135540008545
2325,22,0.2675325870513916,64,1.2125855286916096,0.5698812557384372,0.8822314049586777,0.24562084674835205,0.13439875841140747,0.2362716794013977,0.17177873849868774,0.21491312980651855,0.24219292402267456
2326,10,0.16718515753746033,118,1.825529972712199,0.5637648275920323,0.17,0.8074955940246582,0.7971681952476501,0.8085321187973022,0.8102085590362549,0.8101708292961121,0.8092522621154785
2327,21,0.10373802483081818,71,0.8817917834967375,0.5998458174558786,0.09297052154195011,-0.05702483654022217,0.0015971660614013672,-0.09804713726043701,0.004353940486907959,-0.049625396728515625,-0.006004691123962402
2328,3,0.17869721353054047,106,0.7744236588478088,0.3763653337955475,0.4444444444444444,0.09994310140609741,0.10970818996429443,0.09614932537078857,0.09007865190505981,0.08960521221160889,0.08692783117294312
2329,21,0.17839163541793823,136,1.1121823241313298,0.550027401248614,0.272108843537415,0.18441230058670044,0.18154793977737427,0.17803865671157837,0.17816418409347534,0.18195557594299316,0.18708693981170654
2330,19,0.39546263217926025,11,1.2505213022232056,0.6976011656224728,0.3047091412742382,0.3438658118247986,0.37422633171081543,0.3572070002555847,0.4122697114944458,0.3012688159942627,0.36074185371398926
2331,24,0.11431543529033661,32,0.8725109653813499,0.7705812121138853,0.5034722222222222,-0.306166410446167,-0.27511847019195557,-0.3117786645889282,-0.2641967535018921,-0.3151205778121948,-0.31832003593444824
2332,16,0.10078468918800354,149,1.5350119703345828,0.44199916294642855,0.6328125,0.01340329647064209,-0.045040130615234375,0.011027753353118896,0.018303632736206055,0.016265273094177246,0.019264280796051025
2333,24,0.3593136668205261,172,0.9850508918364843,0.4949544341791244,0.03125,0.6470177173614502,0.7593708634376526,0.5647176504135132,0.6089521050453186,0.5974647402763367,0.6198463439941406
2334,9,0.3709500730037689,180,1.166905164718628,0.7754154971667698,0.12345679012345678,0.8808151483535767,0.8816735744476318,0.8706563711166382,0.8677143454551697,0.8537773489952087,0.8598992824554443
2335,17,0.278430312871933,24,0.9842623949050904,0.48977116743723553,0.6643598615916955,0.5823729634284973,0.43475890159606934,0.456561803817749,0.43942177295684814,0.47680163383483887,0.47565340995788574
2336,23,0.2522827684879303,30,2.2289349913597105,0.6523831221792433,0.5633270321361059,0.925652027130127,0.8529345989227295,0.9214398860931396,0.9235718250274658,0.9283422231674194,0.9343165159225464
2337,4,0.3932473063468933,134,1.0154737830162048,0.4560440927743912,0.0,0.8685291409492493,0.8678988814353943,0.8666956424713135,0.8703442215919495,0.8704959154129028,0.8727033734321594
2338,20,0.34566307067871094,83,0.6522642858326435,0.6376758487895131,0.2925,0.31544631719589233,0.05336320400238037,0.30195581912994385,0.29833370447158813,0.30860596895217896,0.2994529604911804
2339,13,0.29215964674949646,167,0.8258655965328217,0.8591727077960968,0.2958579881656805,0.7582655549049377,0.4756665825843811,0.7507948279380798,0.757104754447937,0.7475211024284363,0.7587350606918335
2340,12,0.1326574981212616,67,0.7552003131972419,0.6614048580328623,0.4513888888888889,0.6542569398880005,0.46416324377059937,0.6578240990638733,0.6482516527175903,0.6583546996116638,0.6474542617797852
2341,18,0.2380351722240448,18,1.091224471728007,0.5205924846231937,0.19444444444444445,0.4860542416572571,0.47146397829055786,0.4334813356399536,0.4581076502799988,0.4866943955421448,0.2474551796913147
2342,21,0.2727700173854828,173,1.0591347515583038,0.6684344280511141,0.7845804988662132,0.5279802083969116,0.4744930863380432,0.5402528643608093,0.5188281536102295,0.5100762844085693,0.5098413228988647
2343,24,0.16952800750732422,160,1.359148633480072,0.5539117008447647,0.9826388888888888,0.9199579358100891,0.8328125476837158,0.9207175970077515,0.9076303243637085,0.9200320839881897,0.9100080132484436
2344,14,0.1858719438314438,177,1.6042770047982533,0.5434192270040512,0.8163265306122449,0.2822030186653137,0.10570603609085083,0.19700312614440918,0.12494206428527832,0.19570863246917725,0.1876710057258606
2345,11,0.26552629470825195,63,1.346211839467287,0.4411932932479041,0.049586776859504134,0.38174891471862793,0.3598111867904663,0.36424267292022705,0.34067994356155396,0.342305064201355,0.36238884925842285
2346,12,0.12711085379123688,152,1.0457275443606906,0.6464580694834391,0.04861111111111111,0.8508360385894775,0.8509378433227539,0.8522818684577942,0.8440616130828857,0.8457760810852051,0.8417514562606812
2347,4,0.3179844915866852,66,1.6412026484807332,0.2386859655380249,0.75,0.05156362056732178,-0.021285414695739746,0.051251113414764404,0.0467720627784729,0.04983317852020264,0.04867285490036011
2348,8,0.11552019417285919,16,1.194018268585205,1.2717182636260986,0.359375,-0.013088822364807129,0.15586596727371216,0.02354210615158081,0.09119927883148193,0.02323514223098755,0.11861252784729004
2349,5,0.11948488652706146,48,1.5857810080051422,0.37847527861595154,0.56,0.17655712366104126,0.06807941198348999,0.1772584319114685,0.20971399545669556,0.15602648258209229,0.20041799545288086
2350,8,0.39306411147117615,61,1.0751381069421768,0.561275452375412,0.765625,0.7444871664047241,0.6964561939239502,0.7175125479698181,0.7233709096908569,0.7116609811782837,0.7135751247406006
2351,14,0.17132216691970825,166,1.321237474679947,0.6106103228198158,0.2857142857142857,0.7845900654792786,0.7882704734802246,0.7918476462364197,0.7916728258132935,0.7902417182922363,0.7902166843414307
2352,10,0.28347793221473694,174,0.5915507674217224,0.7790980692952871,0.24,0.2249237298965454,0.22840481996536255,0.22902870178222656,0.2228143811225891,0.21944552659988403,0.21472102403640747
2353,10,0.30745071172714233,136,0.6369283199310303,0.5659450553357601,0.46,0.4123378396034241,0.4006075859069824,0.40613502264022827,0.43818527460098267,0.41353827714920044,0.44526243209838867
2354,3,0.15787671506404877,95,0.7308125793933868,0.21243639290332794,0.7777777777777778,0.2098725438117981,0.03536355495452881,0.1975862979888916,0.19483596086502075,0.2100018858909607,0.194555401802063
2355,15,0.10427530109882355,180,1.2331952929496766,0.6933443903923034,0.39555555555555555,-0.08515322208404541,-0.019200801849365234,-0.06844925880432129,-0.0544888973236084,-0.07365298271179199,-0.027115583419799805
2356,9,0.17781409621238708,51,0.8876992166042328,0.35316567718982694,0.41975308641975306,-0.02005159854888916,-0.0128251314163208,-0.016838431358337402,-0.018973588943481445,-0.0188748836517334,-0.01783442497253418
2357,18,0.17967265844345093,56,0.9060917496681213,0.4042353890836239,0.3117283950617284,0.06128537654876709,0.24384689331054688,-0.0140305757522583,0.22258442640304565,0.05293518304824829,0.18834000825881958
2358,7,0.13326890766620636,166,1.4255877435207367,0.5757493277390798,0.22448979591836735,0.22442829608917236,0.24821913242340088,0.22229444980621338,0.2284238338470459,0.22228991985321045,0.22339624166488647
2359,16,0.3559226095676422,139,0.34086649864912033,0.5144328389848981,0.93359375,0.7744868993759155,0.6508259773254395,0.7777034640312195,0.7336477637290955,0.7729673981666565,0.7371300458908081
2360,25,0.29221245646476746,28,2.3695556223392487,0.47305374273232054,0.9216,0.7549941539764404,0.5204610824584961,0.7489842176437378,0.6431851983070374,0.6238582134246826,0.6793731451034546
2361,7,0.31055545806884766,16,0.92884361743927,0.5487338244915009,0.4489795918367347,0.6826839447021484,0.6854387521743774,0.6792821884155273,0.6785954833030701,0.6748316287994385,0.6890574097633362
2362,18,0.22749729454517365,135,1.2935293197631836,0.6876871860944308,0.5061728395061729,0.7649171352386475,0.6553750038146973,0.7368699312210083,0.7570775747299194,0.7379306554794312,0.767683744430542
2363,15,0.33576303720474243,116,1.5363532702128093,0.6594781801104546,0.7955555555555556,0.938093364238739,0.8059239983558655,0.9294692873954773,0.9210619330406189,0.9313806891441345,0.9236759543418884
2364,12,0.16398835182189941,108,1.1413809806108475,0.749475359916687,0.16666666666666666,0.04739725589752197,0.0339009165763855,0.04697519540786743,0.02879554033279419,0.039885103702545166,0.03745138645172119
2365,25,0.387663334608078,168,0.8045318325360616,0.49214894392273645,0.3104,0.5072736740112305,0.42596137523651123,0.384269118309021,0.42825454473495483,0.32537317276000977,0.4213791489601135
2366,19,0.13927608728408813,58,1.4755181223154068,0.4729754328727722,0.8725761772853186,0.5590860843658447,0.42159146070480347,0.5386201739311218,0.5542659759521484,0.5554294586181641,0.517822265625
2367,24,0.32256579399108887,83,0.7788694600264231,0.5065119798694339,0.7048611111111112,0.5930643677711487,0.5672301054000854,0.5680450797080994,0.5353935956954956,0.5767648816108704,0.6062353849411011
2368,19,0.12007574737071991,139,0.7026558518409729,0.5786932950670068,0.2409972299168975,0.07698428630828857,0.08113664388656616,0.07655453681945801,0.07867991924285889,0.06980174779891968,0.09670042991638184
2369,16,0.33811017870903015,52,1.456723928451538,0.7100920996495655,0.0234375,0.443772554397583,0.51335608959198,0.45324236154556274,0.3840067982673645,0.3954617381095886,0.28499889373779297
2370,25,0.3959566354751587,73,0.7327572554349899,0.5359366805780501,0.6416,0.7386605739593506,0.5734382271766663,0.7561831474304199,0.7551189661026001,0.7520840167999268,0.7547293901443481
2371,24,0.15148448944091797,25,1.1325624883174896,0.7173621356487274,0.4965277777777778,-0.11364495754241943,-0.10521447658538818,-0.07945334911346436,-0.16229605674743652,-0.08265113830566406,-0.13386034965515137
2372,15,0.14947262406349182,61,0.9802921295166016,0.464502814412117,0.56,0.47218453884124756,0.47319114208221436,0.44976454973220825,0.5062975883483887,0.47689348459243774,0.5087535381317139
2373,15,0.3397520184516907,168,1.4091544648011525,0.7314269468188286,0.7377777777777778,0.7081383466720581,0.7181065678596497,0.7009545564651489,0.7261147499084473,0.703615665435791,0.7236213088035583
2374,22,0.3561391234397888,26,1.0151182214419048,0.7953991882110897,0.5847107438016529,0.6798780560493469,0.31498414278030396,0.46438896656036377,0.44652825593948364,0.39857375621795654,0.47188228368759155
2375,25,0.11562859266996384,121,0.8764273732900619,0.7396554340918858,0.7264,0.8846969604492188,0.6460919976234436,0.8860349655151367,0.8513491153717041,0.8872647881507874,0.8825396299362183
2376,18,0.18289285898208618,74,0.7022132674853007,0.40128562102715176,0.2037037037037037,-0.023395776748657227,-0.022216320037841797,-0.015384435653686523,-0.05903506278991699,-0.01786649227142334,-0.03809094429016113
2377,12,0.1887291520833969,107,1.4589089751243591,0.7918355986475945,0.7083333333333334,0.1272832155227661,0.032556116580963135,0.1377657651901245,0.1213870644569397,0.1332852840423584,0.142957866191864
2378,16,0.2937617003917694,23,1.1411884725093842,0.4926275738648006,0.140625,0.64424729347229,0.6357800960540771,0.4642656445503235,0.5938162803649902,0.5684447288513184,0.5352782011032104
2379,13,0.27687621116638184,92,0.7248123486836752,0.49999902844429017,0.33136094674556216,0.609783411026001,0.6223313808441162,0.5773229598999023,0.6355645656585693,0.6027878522872925,0.6704066395759583
2380,12,0.3827921152114868,64,0.4871930082639058,0.5831446631087197,0.05555555555555555,0.15626120567321777,0.30934661626815796,0.1648719310760498,0.21728533506393433,0.1616550087928772,0.17986881732940674
2381,19,0.18815118074417114,28,0.9914896488189697,0.6631238222122192,0.1634349030470914,-0.05781102180480957,-0.042678236961364746,-0.04866600036621094,-0.06559419631958008,-0.050711870193481445,-0.050569891929626465
2382,20,0.17523598670959473,60,0.6240879446268082,0.5952502228319645,0.885,0.48280227184295654,0.36216723918914795,0.4725498557090759,0.40337324142456055,0.4690677523612976,0.4507216811180115
2383,17,0.3825686573982239,20,1.0005585253238678,0.5893098781506221,0.2491349480968858,0.4405302405357361,0.34288960695266724,0.39545321464538574,0.44903355836868286,0.3843085765838623,0.47163426876068115
2384,22,0.16883373260498047,126,0.597243974606196,0.7143081583474812,0.7768595041322314,0.7841383814811707,0.7346051931381226,0.7850790619850159,0.7853597402572632,0.7861828804016113,0.7865762710571289
2385,23,0.21721598505973816,18,1.064622849225998,0.4735239057077302,0.1776937618147448,0.9049663543701172,0.9192339181900024,0.9015285968780518,0.9195913672447205,0.9040339589118958,0.9166104197502136
2386,6,0.20701390504837036,62,0.7188862959543864,0.954127569993337,0.19444444444444445,0.028104782104492188,0.021393001079559326,0.026176750659942627,0.03418159484863281,0.02049952745437622,0.031211495399475098
2387,12,0.3478674590587616,195,0.7086285129189491,0.5308920294046402,0.9097222222222222,0.10819107294082642,0.08793103694915771,0.1109933853149414,0.10985273122787476,0.11835318803787231,0.11478620767593384
2388,9,0.19871337711811066,152,0.7513194605708122,0.54015251994133,0.6666666666666666,0.46337151527404785,0.15472549200057983,0.46041011810302734,0.4719177484512329,0.4523696303367615,0.4601491689682007
2389,3,0.2108961045742035,40,0.5292756855487823,0.5686628222465515,0.8888888888888888,0.20525145530700684,0.060842812061309814,0.1985001564025879,0.21445751190185547,0.1933625340461731,0.19313699007034302
2390,16,0.19418059289455414,118,1.562544008096059,0.7281135607224244,0.19140625,0.700257420539856,0.6002743244171143,0.673898458480835,0.6659584641456604,0.6426998972892761,0.6573325991630554
2391,21,0.3823017179965973,147,0.7066957304875056,0.6667681998676724,0.7301587301587301,0.5042976140975952,0.20416879653930664,0.4791737198829651,0.4769187569618225,0.4212334156036377,0.4764934182167053
2392,11,0.3544260263442993,14,1.7210516929626465,0.7219350077211857,0.7024793388429752,-0.0167616605758667,-0.20994246006011963,-0.028566360473632812,-0.03077411651611328,-0.021520495414733887,-0.040592193603515625
2393,8,0.19879557192325592,20,1.1886944890022277,0.5860921641190847,0.125,-0.015441060066223145,-0.005388498306274414,-0.020608901977539062,-0.03251755237579346,-0.022947072982788086,-0.0607379674911499
2394,24,0.1498585045337677,34,0.8493125885725021,0.6297285834948222,0.6631944444444444,0.35366857051849365,0.2528986930847168,0.3686813712120056,0.29538559913635254,0.37112492322921753,0.3357844948768616
2395,22,0.24713018536567688,190,0.8083087801933289,0.6934787233670553,0.45867768595041325,0.7663825750350952,0.7556841969490051,0.7669760584831238,0.7519675493240356,0.7642271518707275,0.7523066997528076
2396,24,0.33815014362335205,142,0.49616236984729767,0.5370197688991373,0.5989583333333334,0.5913957357406616,0.39147740602493286,0.5610802173614502,0.42965245246887207,0.563051700592041,0.5770436525344849
2397,14,0.14001914858818054,19,1.4002637068430583,0.787212323397398,0.3469387755102041,-0.0445098876953125,0.06286853551864624,-0.06739282608032227,0.03501337766647339,-0.041880130767822266,0.012947380542755127
2398,7,0.15167580544948578,200,0.869923222064972,0.3919372111558914,0.061224489795918366,0.5558598041534424,0.5544337034225464,0.5531469583511353,0.5462677478790283,0.5527993440628052,0.5536983013153076
2399,8,0.11670900881290436,108,0.9421938136219978,0.47962307929992676,0.484375,-0.024541497230529785,0.014176666736602783,-0.0366978645324707,0.01755732297897339,-0.01718616485595703,-0.05929446220397949
2400,11,0.11011534929275513,66,1.6777620017528534,0.3271099179983139,0.6528925619834711,0.2637580633163452,0.07810020446777344,0.26481276750564575,0.22235864400863647,0.2666456699371338,0.2059054970741272
2401,15,0.21106921136379242,75,0.8054701894521713,0.65226631462574,0.7022222222222222,0.77496737241745,0.39734482765197754,0.7737305164337158,0.7625312209129333,0.7729610800743103,0.7343845367431641
2402,9,0.17593388259410858,155,1.389784261584282,0.8416873216629028,0.8395061728395061,0.6623767614364624,0.20227301120758057,0.6720930337905884,0.6528229117393494,0.6663833856582642,0.659309446811676
2403,10,0.1255667805671692,32,0.7976183414459228,0.48443556427955625,0.75,0.011364638805389404,0.0120888352394104,0.022375047206878662,0.06019026041030884,0.006254315376281738,0.04943913221359253
2404,12,0.18805745244026184,12,1.4909412562847137,0.39261630177497864,0.5902777777777778,0.6768891215324402,0.6027711629867554,0.6619277000427246,0.6952722668647766,0.6231440305709839,0.6422432661056519
2405,15,0.12919981777668,10,0.6848437935113907,0.7970076700051626,0.6933333333333334,0.00976550579071045,-0.041126251220703125,0.0192069411277771,-0.009890913963317871,0.013515472412109375,-0.003613114356994629
2406,5,0.24401482939720154,45,0.3993908241391182,0.7363133678833643,0.28,-0.0035254955291748047,0.06541246175765991,-0.003984689712524414,0.0366855263710022,0.0005508661270141602,0.028883397579193115
2407,22,0.11627423763275146,16,0.9786162844726017,0.7905485043923061,0.5743801652892562,0.7230151891708374,0.6684573888778687,0.6686509847640991,0.7528449892997742,0.644607424736023,0.7601100206375122
2408,22,0.10315699875354767,108,0.7955947187211778,0.8862403195637923,0.3409090909090909,0.168026864528656,0.08163124322891235,0.17282748222351074,0.1714680790901184,0.17575782537460327,0.17631202936172485
2409,19,0.12445615977048874,26,1.0777183605564966,0.5526318699121475,0.7645429362880887,0.08940243721008301,0.061736345291137695,0.1857774257659912,0.14584004878997803,0.01093357801437378,0.14371854066848755
2410,6,0.11959253251552582,4,1.2323796302080154,0.39724963903427124,0.4444444444444444,-0.005574584007263184,-0.02934718132019043,0.005062282085418701,-0.047715187072753906,0.00801551342010498,-0.06245148181915283
2411,10,0.263256311416626,144,0.9755292892456054,0.5694802820682525,0.18,0.6196369528770447,0.6141678690910339,0.6213629245758057,0.6219689846038818,0.6211868524551392,0.6249165534973145
2412,8,0.15321151912212372,102,1.3886709362268448,0.5249908268451691,0.28125,0.016662538051605225,0.009362936019897461,0.011270999908447266,0.009670257568359375,0.024799048900604248,0.004556417465209961
2413,23,0.13619057834148407,70,1.6148554853030614,0.5153791327029467,0.34782608695652173,0.8944170475006104,0.9081894755363464,0.8886178135871887,0.9024741649627686,0.8769187927246094,0.8981086611747742
2414,6,0.3365168869495392,83,0.8238741457462311,0.6438380554318428,0.2777777777777778,0.732831597328186,0.6618872880935669,0.7334208488464355,0.736905574798584,0.7327170968055725,0.7345757484436035
2415,10,0.15612630546092987,55,0.6576938986778259,1.131940084695816,0.67,0.029406428337097168,0.007272541522979736,0.006388604640960693,-0.04045987129211426,0.012723684310913086,-0.06276607513427734
2416,16,0.21487312018871307,60,1.0636163396494729,0.6631003005637063,0.328125,0.8295446634292603,0.814242422580719,0.829501748085022,0.8189972639083862,0.8292293548583984,0.8248077630996704
2417,23,0.2745476961135864,7,0.9718700846036276,0.7097942940890789,0.6502835538752363,0.22978055477142334,-0.11174166202545166,0.17448335886001587,0.2873682975769043,0.23563581705093384,0.28641271591186523
2418,11,0.11054833233356476,90,0.9654700202601296,0.9795284271240234,0.9669421487603306,-0.061409711837768555,0.01613032817840576,-0.05792391300201416,-0.071083664894104,-0.06014358997344971,-0.0727698802947998
2419,19,0.17079903185367584,91,0.8335848947366079,0.3790065027200259,0.6398891966759003,0.4127695560455322,0.4038112163543701,0.3699710965156555,0.4085649251937866,0.2977854609489441,0.40506380796432495
2420,15,0.21952110528945923,83,0.9314760118722916,0.6239210638132963,0.5688888888888889,0.708415687084198,0.3657240867614746,0.6707572937011719,0.68985915184021,0.6661831140518188,0.6754633188247681
2421,7,0.3362584412097931,21,1.086340069770813,0.46388041973114014,0.2857142857142857,0.7059658169746399,0.3246414065361023,0.7052217721939087,0.6925957798957825,0.7062088251113892,0.6720626354217529
2422,3,0.16958004236221313,45,0.9050241708755493,0.6153233051300049,0.8888888888888888,0.45336586236953735,0.21923983097076416,0.45552945137023926,0.4637572765350342,0.4617975950241089,0.4625994563102722
2423,23,0.1429618000984192,70,0.9313687682151794,0.6500582537230324,0.24196597353497165,0.29399001598358154,0.24729305505752563,0.29930371046066284,0.25092947483062744,0.291584312915802,0.24705743789672852
2424,20,0.21107852458953857,38,0.6586927771568298,0.6101278404394785,0.27,0.8150807023048401,0.25333118438720703,0.7881713509559631,0.784737765789032,0.7736823558807373,0.7560960650444031
2425,19,0.11511940509080887,87,1.357611530356937,0.517748910188675,0.22160664819944598,0.4537762403488159,0.4517553448677063,0.4463556408882141,0.4320688247680664,0.45396262407302856,0.4196432828903198
2426,25,0.13893097639083862,113,1.2275976300239564,0.6909388586878776,0.8768,0.6467878818511963,-0.035606980323791504,0.6514034271240234,0.6109277009963989,0.6581990122795105,0.6503707766532898
2427,20,0.3134915828704834,185,1.40470552444458,0.5705138181938845,0.43,0.3032487630844116,0.20599311590194702,0.30828535556793213,0.3171144723892212,0.27716922760009766,0.32854169607162476
2428,10,0.18468843400478363,107,0.7920928597450256,0.30378944575786593,0.87,0.7067385315895081,0.6058736443519592,0.7107690572738647,0.7149633765220642,0.7052520513534546,0.7110087275505066
2429,13,0.17326810956001282,159,0.7340915451447169,0.4631843715906143,0.1242603550295858,0.06928104162216187,0.12976419925689697,0.07069283723831177,0.10673844814300537,0.0714113712310791,0.08563178777694702
2430,16,0.2666567862033844,132,0.9399321873982748,0.596435567507377,0.10546875,0.010933279991149902,0.013220906257629395,-0.0015192031860351562,0.007387757301330566,0.0006943941116333008,0.004742145538330078
2431,23,0.21757714450359344,31,0.4859902411699295,0.5627776501994384,0.44801512287334594,0.8344464898109436,0.7412542700767517,0.8071837425231934,0.8522124290466309,0.8073157668113708,0.8334083557128906
2432,7,0.34871017932891846,144,1.7986537615458171,0.4749850481748581,0.14285714285714285,0.3309023380279541,0.19257515668869019,0.338630735874176,0.3422377109527588,0.33514195680618286,0.3460681438446045
2433,23,0.19149735569953918,19,0.9989424586296082,0.6040535834100511,0.6824196597353497,0.5748464465141296,0.2731900215148926,0.5685520768165588,0.5768389701843262,0.5881555080413818,0.5479550361633301
2434,17,0.11485356837511063,83,0.7891000807285309,0.694205279648304,0.726643598615917,0.16835618019104004,-0.10417830944061279,0.17340290546417236,0.15730011463165283,0.16726845502853394,0.11335307359695435
2435,24,0.15073083341121674,81,1.095720832546552,0.552730364104112,0.8159722222222222,0.7359071373939514,0.6379727125167847,0.7403263449668884,0.7395826578140259,0.7416174411773682,0.74467533826828
2436,11,0.3929201364517212,39,0.9719588160514832,0.3140346799045801,0.9090909090909091,0.7303056716918945,0.4862328767776489,0.7090779542922974,0.697043776512146,0.6909768581390381,0.6994492411613464
2437,16,0.17054767906665802,177,1.2487342953681946,0.6200325965881348,0.8125,0.8319984078407288,0.7541060447692871,0.834430992603302,0.8225178718566895,0.8303396105766296,0.8297200202941895
2438,14,0.11399960517883301,137,1.2087638477484386,0.7645498160272837,0.923469387755102,0.43123871088027954,0.3387411832809448,0.4347385764122009,0.425895094871521,0.432131290435791,0.4338379502296448
2439,4,0.21419444680213928,131,0.8695275187492371,0.7077424824237823,0.3125,0.34476959705352783,0.333615243434906,0.3334556221961975,0.33546364307403564,0.3406606912612915,0.3352038860321045
2440,15,0.18312792479991913,105,1.1567322413126628,0.6662782828013102,0.6977777777777778,0.4253811240196228,0.3347395658493042,0.42648380994796753,0.4159422516822815,0.42769336700439453,0.4214938282966614
2441,19,0.14808715879917145,195,0.7171277642250061,0.599681230528014,0.8310249307479224,0.1487026810646057,0.0548321008682251,0.14002901315689087,0.130632221698761,0.14869195222854614,0.110889732837677
2442,24,0.12276814877986908,14,1.658572755753994,0.7166167218238115,0.9583333333333334,-0.1776350736618042,-1.740959644317627,-0.21841120719909668,-1.4168572425842285,-0.17205572128295898,-0.751551628112793
2443,22,0.26503559947013855,115,1.3560447096824646,0.5829813762714988,0.8388429752066116,0.8655019998550415,0.7376201152801514,0.8703466653823853,0.860449492931366,0.8659191131591797,0.864250898361206
2444,25,0.14124365150928497,50,1.1535431146621704,0.6589121013879776,0.0272,0.4172515869140625,0.6312456130981445,0.3435714840888977,0.3671516180038452,0.27215874195098877,0.39965617656707764
2445,16,0.24979159235954285,27,0.9624549746513367,0.4880167738749431,0.44140625,0.7865850925445557,0.6023674011230469,0.7179197072982788,0.7849029302597046,0.7637170553207397,0.7581609487533569
2446,5,0.1624842882156372,11,0.46712058782577515,1.1964705288410187,0.4,-0.01649332046508789,-0.01837754249572754,-0.012598514556884766,-0.03872036933898926,-0.014918208122253418,-0.02591228485107422
2447,16,0.14859867095947266,200,1.2612239718437195,0.5494884482838891,0.05078125,0.6677202582359314,0.6519680023193359,0.6538495421409607,0.6451361179351807,0.6767841577529907,0.6512005925178528
2448,15,0.1363184005022049,26,1.0153271079063415,0.6739072024822235,0.29777777777777775,-0.01971566677093506,0.023886382579803467,-0.04566967487335205,0.08610093593597412,-0.039830565452575684,0.020947754383087158
2449,3,0.25452664494514465,77,0.20944897830486298,0.2690829858183861,0.8888888888888888,0.2260316014289856,0.16215795278549194,0.23531895875930786,0.23136210441589355,0.23695862293243408,0.24053096771240234
2450,5,0.10533320903778076,93,1.3572660088539124,1.1046503186225891,0.72,0.3101150393486023,0.06635147333145142,0.31175559759140015,0.30780309438705444,0.33094996213912964,0.32444584369659424
2451,5,0.18297700583934784,155,0.6808910171190897,0.7196481823921204,0.2,0.03674280643463135,0.03550833463668823,0.039640843868255615,0.04603177309036255,0.042620301246643066,0.047863006591796875
2452,13,0.23143252730369568,68,1.5169572532176971,0.7450067847967148,0.17751479289940827,0.895017147064209,0.7508686780929565,0.8988663554191589,0.7978975772857666,0.8978919982910156,0.8880839347839355
2453,10,0.12995147705078125,100,0.8404224574565887,0.5955329716205597,0.84,0.11531436443328857,0.14681875705718994,0.11881208419799805,0.09870058298110962,0.11158496141433716,0.11572182178497314
2454,22,0.3024807572364807,131,0.5223705172538757,0.6486000782913632,0.5,0.01560986042022705,-0.017461657524108887,-0.030060648918151855,-0.011225581169128418,-0.012568116188049316,0.007251262664794922
2455,21,0.2233624905347824,121,0.8999800086021423,0.6343684131279588,0.7437641723356009,0.8685545325279236,0.7146787643432617,0.8710643649101257,0.864258348941803,0.8711910843849182,0.8693472146987915
2456,15,0.2742950916290283,31,0.7195107564330101,0.5577778829769655,0.008888888888888889,0.2672908902168274,0.4436489939689636,0.2227347493171692,0.3633642792701721,0.2222791314125061,0.4084736108779907
2457,13,0.11740116029977798,55,0.8587130717933178,0.5642735660076141,0.6863905325443787,0.009680509567260742,0.023887574672698975,0.011387348175048828,0.026264309883117676,0.010209262371063232,0.01727759838104248
2458,11,0.28883084654808044,36,2.0402657985687256,0.5390421062707901,0.24793388429752067,0.408247172832489,0.23523801565170288,0.43295061588287354,0.36869311332702637,0.3982056975364685,0.4062572121620178
2459,17,0.12115464359521866,46,0.7643013341086251,0.5167869925498962,0.5259515570934256,0.7552363276481628,0.6637464761734009,0.7578567862510681,0.7293734550476074,0.7494226694107056,0.7602924108505249
2460,8,0.2521214485168457,154,0.9923911690711975,0.6752938404679298,0.1875,0.7326786518096924,0.729904055595398,0.7338449954986572,0.7387635707855225,0.7266234159469604,0.7289679050445557
2461,25,0.13647791743278503,23,2.0485838800668716,0.5177327628646579,0.368,0.984857439994812,0.9674805402755737,0.978786289691925,0.9723725318908691,0.9800682067871094,0.9780148863792419
2462,6,0.2987346351146698,159,0.785860188305378,0.2857958562672138,0.25,0.178827702999115,0.17855393886566162,0.17722809314727783,0.20701617002487183,0.17320585250854492,0.20710432529449463
2463,9,0.25652340054512024,173,1.3007164001464844,0.8499803940455118,0.7530864197530864,0.1848900318145752,0.1631460189819336,0.190257728099823,0.16954737901687622,0.18435877561569214,0.18311256170272827
2464,24,0.34289291501045227,191,0.6606772442658743,0.560153739083381,0.24305555555555555,0.9030169248580933,0.7302974462509155,0.9002601504325867,0.8975847959518433,0.8946123123168945,0.8870549201965332
2465,23,0.3032585382461548,91,1.2743271787961323,0.6779763162136078,0.41965973534971646,-0.059783220291137695,-0.13486897945404053,-0.036664605140686035,-0.043287038803100586,-0.039562225341796875,-0.07217252254486084
2466,22,0.1653856635093689,191,1.028519936970302,0.8183221658070882,0.7128099173553719,-0.05874526500701904,-0.15445339679718018,-0.06848704814910889,-0.18149542808532715,-0.05752408504486084,-0.1386241912841797
2467,12,0.26227307319641113,29,1.8164020895957946,0.5309805657182421,0.9027777777777778,0.4791720509529114,0.338493287563324,0.48240071535110474,0.503987193107605,0.499856173992157,0.5177726745605469
2468,6,0.2956399917602539,98,1.2262948155403137,0.45686230808496475,0.3055555555555556,0.837483823299408,0.8504852056503296,0.8309899568557739,0.8303768634796143,0.8336211442947388,0.8477669954299927
2469,18,0.14753283560276031,184,0.8086175279957908,0.4039038419723511,0.015432098765432098,0.4116833806037903,0.4422966241836548,0.43491196632385254,0.4201071858406067,0.4279859662055969,0.43410229682922363
2470,20,0.19209468364715576,96,0.76327920332551,0.5333691649138927,0.565,0.21434080600738525,0.1522788405418396,0.19617527723312378,0.20309627056121826,0.1623286008834839,0.23057442903518677
2471,14,0.2844240665435791,72,0.5895419046282768,0.6865438431501388,0.3826530612244898,-0.0011954307556152344,-0.012076377868652344,-0.005464792251586914,-0.009032487869262695,-0.007358193397521973,-0.0056993961334228516
2472,6,0.2174086719751358,105,0.8354377508163452,0.6199487447738647,0.8055555555555556,0.03295928239822388,-0.019576072692871094,0.03029865026473999,0.028233587741851807,0.02917325496673584,0.03171968460083008
2473,6,0.20785604417324066,193,1.2787969410419464,0.422678142786026,0.5555555555555556,0.7162442207336426,0.6598234176635742,0.7174115180969238,0.7120055556297302,0.7163336277008057,0.7160822153091431
2474,9,0.13364477455615997,136,1.01406325896581,0.5148893694082896,0.32098765432098764,0.4624941349029541,0.3137834668159485,0.4652509093284607,0.47132182121276855,0.46448028087615967,0.47022920846939087
2475,19,0.13208197057247162,12,0.6876849803057584,0.8149572946131229,0.5817174515235457,-0.002793550491333008,-0.04030156135559082,-0.002855658531188965,-0.06391847133636475,0.0018273591995239258,-0.025295734405517578
2476,18,0.226011261343956,31,0.9867735703786215,0.724665770928065,0.9722222222222222,0.8297924399375916,0.39907002449035645,0.7884981632232666,0.821720540523529,0.7493371963500977,0.8008822202682495
2477,25,0.18104906380176544,34,1.2816169666392463,0.5362720381882455,0.8416,0.7209956645965576,0.477713942527771,0.7235169410705566,0.6408522129058838,0.6831616163253784,0.7053862810134888
2478,22,0.303912490606308,198,1.6931201666593552,0.5203223642375734,0.2768595041322314,0.9649099111557007,0.9146031737327576,0.953046441078186,0.9633333086967468,0.9597881436347961,0.9454911351203918
2479,7,0.3112278878688812,44,0.6938996662696203,0.7732268422842026,0.04081632653061224,0.011203944683074951,0.010516226291656494,0.02391141653060913,0.03957664966583252,0.01673215627670288,0.04208332300186157
2480,18,0.10601337999105453,127,0.8449101984500885,0.6524077642422456,0.44135802469135804,0.7518788576126099,0.6433045268058777,0.7512445449829102,0.7418612837791443,0.7532724142074585,0.7493672370910645
2481,8,0.31890246272087097,113,0.6832228501637777,0.7902417182922363,0.828125,-0.026432275772094727,-0.002677321434020996,-0.02582526206970215,0.0040819644927978516,-0.026529788970947266,-0.022957563400268555
2482,11,0.3057713508605957,165,1.2375090271234512,0.582702751670565,0.2975206611570248,0.6123447418212891,0.5923298001289368,0.6169586181640625,0.6293454170227051,0.6272274255752563,0.6172272562980652
2483,10,0.12084518373012543,190,1.6617743720610936,0.6997586637735367,0.48,0.001667618751525879,-0.02884042263031006,0.010065317153930664,0.004111945629119873,0.0028850436210632324,0.004987239837646484
2484,18,0.23615895211696625,61,0.8036483153700829,0.4916834001030241,0.6790123456790124,0.4954553246498108,0.4293721318244934,0.4957401156425476,0.5266097187995911,0.4863339066505432,0.5585463047027588
2485,20,0.1283218115568161,48,0.69504714012146,0.5315770417451858,0.17,0.06399041414260864,0.07459276914596558,0.04265791177749634,0.13852649927139282,0.04800599813461304,0.05120140314102173
2486,13,0.1138564869761467,106,1.3644609583748712,0.37885214015841484,0.8579881656804734,0.0388980507850647,-0.02692866325378418,0.04917079210281372,0.04291057586669922,0.03833353519439697,0.0531768798828125
2487,18,0.13048194348812103,83,0.8532401472330093,0.6036070168018342,0.22839506172839505,0.3545994758605957,0.40137243270874023,0.39955437183380127,0.40541785955429077,0.3928258419036865,0.406791627407074
2488,22,0.1112680733203888,120,0.6577312101920446,0.6099614594131708,0.8243801652892562,0.8553001284599304,0.8489842414855957,0.8539513349533081,0.852310061454773,0.8520454168319702,0.846648097038269
2489,12,0.2264053225517273,71,1.0237844437360764,0.49802435295922415,0.8125,0.7018382549285889,0.6825965642929077,0.6673576831817627,0.6683629155158997,0.6684178113937378,0.6881507635116577
2490,14,0.11015617847442627,179,0.8566371276974678,0.4927603354056676,0.21428571428571427,0.5453580617904663,0.5515824556350708,0.5473325848579407,0.5502941608428955,0.545943558216095,0.5508829355239868
2491,25,0.1155785396695137,59,1.2225784976035357,0.7446910879191231,0.1712,-0.08441615104675293,-0.19599902629852295,-0.10902595520019531,-0.17483556270599365,-0.10262632369995117,-0.1329176425933838
2492,3,0.18442459404468536,159,2.6200344562530518,0.9165661931037903,0.1111111111111111,0.06750577688217163,0.07805901765823364,0.07229393720626831,0.06338471174240112,0.07629543542861938,0.06354027986526489
2493,20,0.1741102784872055,23,0.4280495882034302,0.491455622514089,0.25,-0.1293802261352539,0.17542511224746704,-0.13821923732757568,0.028573334217071533,-0.16171729564666748,0.011912107467651367
2494,5,0.16971822082996368,122,0.7146256764729818,1.2065559923648834,1.0,0.04547691345214844,0.008518517017364502,0.05934321880340576,0.06261318922042847,0.0553051233291626,0.05575740337371826
2495,5,0.12174371629953384,128,0.4934450089931488,0.6885166863600413,0.68,-0.07031965255737305,-0.09853410720825195,-0.059320926666259766,-0.047754883766174316,-0.01700425148010254,-0.04073214530944824
2496,22,0.25393885374069214,138,0.7161548932393392,0.5216781159764842,0.981404958677686,0.7695752382278442,0.6854753494262695,0.7217737436294556,0.6938402652740479,0.7481961846351624,0.7371243834495544
2497,8,0.23835964500904083,161,1.5952665090560914,0.4687218864758809,0.3125,0.8851070404052734,0.883384108543396,0.8838444352149963,0.8743628263473511,0.8860939145088196,0.884891152381897
2498,17,0.17870667576789856,102,1.023443231980006,0.5130276422608983,0.9100346020761245,0.5963653326034546,0.4502553343772888,0.5984569787979126,0.5888519287109375,0.5989432334899902,0.5902842283248901
2499,15,0.14862217009067535,158,1.1992310136556625,0.4957747892899947,0.1511111111111111,0.3153259754180908,0.3231501579284668,0.30837446451187134,0.2917102575302124,0.30784517526626587,0.29801249504089355
2500,21,0.3302089273929596,126,1.4399816592534382,0.7150316081113286,0.21541950113378686,0.03213858604431152,0.011063039302825928,0.02808690071105957,0.0008730292320251465,0.03126227855682373,0.013979017734527588
2501,13,0.22235698997974396,168,1.1160983840624492,0.581883242726326,0.6804733727810651,0.9074172377586365,0.8147771954536438,0.8901377320289612,0.8870144486427307,0.8863677978515625,0.8710024356842041
2502,8,0.10253841429948807,76,1.1018023916653223,0.46211832761764526,0.28125,0.42529600858688354,0.4595220685005188,0.4211549758911133,0.4235032796859741,0.41983675956726074,0.4200131297111511
2503,9,0.12246081978082657,13,1.1526018291711808,0.8823421001434326,0.12345679012345678,0.9191761016845703,0.9195750951766968,0.9216989278793335,0.9178652763366699,0.9208683967590332,0.9204025268554688
2504,3,0.11827831715345383,43,0.6729165315628052,0.2374785989522934,0.0,0.01702749729156494,0.014469325542449951,0.017740845680236816,0.015468597412109375,0.01824355125427246,0.013557851314544678
2505,20,0.23878322541713715,193,1.356383576989174,0.7051893649622798,0.595,0.17232340574264526,0.004119396209716797,0.15666216611862183,0.12592703104019165,0.15162664651870728,0.1877514123916626
2506,10,0.17255884408950806,88,1.089438796043396,0.458445576330026,0.49,-0.00034415721893310547,-0.008141160011291504,-0.0007390975952148438,0.002815067768096924,0.0025337934494018555,0.005184948444366455
2507,25,0.12592263519763947,93,0.5223705702357822,0.5134104061871767,0.3328,0.645138680934906,0.6421324610710144,0.6394950151443481,0.7228907346725464,0.6393653154373169,0.6945841312408447
2508,3,0.370561808347702,142,0.6598480045795441,0.22144415974617004,0.0,0.5454407930374146,0.551781177520752,0.5502487421035767,0.5348926782608032,0.5494767427444458,0.5466524958610535
2509,24,0.1374269276857376,80,1.6297642961144447,0.566957606934011,0.9166666666666666,0.23248928785324097,0.0942147970199585,0.2656877636909485,0.1559312343597412,0.25697803497314453,0.24198192358016968
2510,17,0.3016166090965271,86,1.1957891881465912,0.5683040718237559,0.6193771626297578,0.8912113904953003,0.7846057415008545,0.8917231559753418,0.8815357089042664,0.8895089626312256,0.8819369673728943
2511,25,0.2467387318611145,34,0.7074596583843231,0.5518045475085577,0.4304,0.3662359118461609,0.3139525055885315,0.176888108253479,0.5338363647460938,0.26113539934158325,0.5009278059005737
2512,18,0.3585028350353241,181,0.928033709526062,0.6189523736635844,0.6635802469135802,0.7128211259841919,0.4851530194282532,0.6342979073524475,0.6212142705917358,0.6153801679611206,0.5848680734634399
2513,7,0.10962769389152527,115,1.908770501613617,0.728237321972847,0.8775510204081632,0.6603552103042603,0.6281890869140625,0.6535413861274719,0.6235296726226807,0.6436161994934082,0.6168955564498901
2514,15,0.10760508477687836,62,0.9557281017303467,0.6239733844995499,0.5955555555555555,0.5191283226013184,0.2624092698097229,0.5102392435073853,0.5234614014625549,0.5092662572860718,0.5025488138198853
2515,24,0.10352469980716705,173,1.549458956718445,0.7458678154568923,0.9756944444444444,0.939136803150177,0.825973629951477,0.9334180951118469,0.9330582618713379,0.9382752776145935,0.9332475662231445
2516,15,0.26474323868751526,130,1.6972651481628418,0.6402619011127032,0.27555555555555555,0.1594967246055603,0.3157970905303955,0.23947876691818237,0.3012779951095581,0.17855733633041382,0.25007838010787964
2517,14,0.21861273050308228,183,0.9324226975440979,0.47050638496875763,0.29591836734693877,0.40033799409866333,0.36871081590652466,0.40346986055374146,0.42944544553756714,0.40372759103775024,0.4271116256713867
2518,23,0.3782939314842224,23,0.9215001265207926,0.602461526542902,0.4669187145557656,-0.024022459983825684,-0.03418564796447754,-0.012794852256774902,-0.028565526008605957,-0.013492822647094727,-0.026746153831481934
2519,13,0.21154852211475372,131,0.8900822043418884,0.580461923032999,0.8284023668639053,0.5873202085494995,0.4668433666229248,0.5921351909637451,0.5891574621200562,0.5895087718963623,0.5867199897766113
2520,20,0.18061833083629608,31,1.370755024254322,0.7216374214206424,0.15,0.78778076171875,0.8250956535339355,0.773368239402771,0.8307507634162903,0.7929475903511047,0.8367461562156677
2521,4,0.18353700637817383,167,1.0304637253284454,0.514075368642807,0.0,-0.06655287742614746,-0.06139099597930908,-0.053788185119628906,-0.05346262454986572,-0.06028163433074951,-0.06813395023345947
2522,16,0.38946405053138733,152,0.49010662734508514,0.627377168408462,0.3671875,0.7388796806335449,0.7227728962898254,0.7354972958564758,0.7222168445587158,0.7226020097732544,0.7291330099105835
2523,19,0.22059500217437744,170,1.6925687789916992,0.5719458503382546,0.9722991689750693,0.18335378170013428,0.1378873586654663,0.17199838161468506,0.14771121740341187,0.15312886238098145,0.16010421514511108
2524,13,0.25973495841026306,191,0.9730817675590515,0.5862517897039652,0.4260355029585799,0.20832455158233643,0.17800313234329224,0.16383588314056396,0.17518919706344604,0.16677874326705933,0.1317962408065796
2525,8,0.1291695386171341,147,0.8961366787552834,0.5366439297795296,0.671875,0.378903865814209,0.346932590007782,0.38681668043136597,0.39451348781585693,0.38150566816329956,0.40007489919662476
2526,25,0.13093005120754242,72,1.3220578730106354,0.5972086020878383,0.7056,0.4129367470741272,0.3999500870704651,0.3742784261703491,0.44957929849624634,0.3797121047973633,0.4695865511894226
2527,14,0.2876318395137787,119,1.6625113010406494,0.5799862941106161,0.7295918367346939,0.8911865949630737,0.857869029045105,0.8894415497779846,0.8903380036354065,0.8879826664924622,0.8884799480438232
2528,13,0.2085743248462677,48,0.5896704122424126,0.6971421241760254,0.9171597633136095,-0.005309700965881348,0.008593499660491943,-0.005324959754943848,0.009163737297058105,-0.006199836730957031,0.010819435119628906
2529,15,0.12032877653837204,190,0.5717244148254395,0.6147572040557862,0.18666666666666668,-0.0446244478225708,-0.05941808223724365,-0.03936290740966797,-0.018366336822509766,-0.04893529415130615,-0.025864720344543457
2530,7,0.38365620374679565,130,1.1211785674095154,0.4558658480644226,0.0,0.5298576951026917,0.5926715135574341,0.4551185965538025,0.5513669848442078,0.4467277526855469,0.553875207901001
2531,22,0.17909538745880127,185,0.8948250144720078,0.5628627030288472,0.1797520661157025,0.7266664505004883,0.5484165549278259,0.717859148979187,0.7033970952033997,0.7249242067337036,0.7202612161636353
2532,6,0.3508518636226654,61,0.8542844653129578,0.8501444458961487,0.5,0.2705332636833191,0.26241958141326904,0.275398850440979,0.2520049214363098,0.2723555564880371,0.2839322090148926
2533,15,0.27658653259277344,69,2.668151617050171,0.48638083040714264,0.5822222222222222,0.18360745906829834,0.20160192251205444,0.1721513867378235,0.15457183122634888,0.17634910345077515,0.17648398876190186
2534,8,0.23651890456676483,186,0.9628909677267075,0.6525646820664406,0.375,0.20777899026870728,0.1456030011177063,0.21693283319473267,0.19277775287628174,0.20156008005142212,0.21963173151016235
2535,18,0.247964546084404,38,0.4139687120914459,0.4896493692483221,0.27469135802469136,0.8491114974021912,0.8607269525527954,0.8556056618690491,0.8663205504417419,0.8543222546577454,0.8436246514320374
2536,3,0.20215435326099396,143,0.4779903292655945,0.2642657980322838,0.1111111111111111,0.5443148612976074,0.3496522903442383,0.5486204624176025,0.5554273128509521,0.5492295026779175,0.5454367399215698
2537,14,0.1983616054058075,64,1.2624244689941406,0.6159594565629959,0.8928571428571429,0.7415499091148376,0.6267049312591553,0.7434332370758057,0.7387369871139526,0.7460798025131226,0.7465187907218933
2538,25,0.10333137214183807,160,1.007078304886818,0.4803396931716374,0.2416,0.23219984769821167,0.013442695140838623,0.22545868158340454,0.22423702478408813,0.22342193126678467,0.23447149991989136
2539,21,0.2281665951013565,34,1.3479601591825485,0.5244062700692345,0.2585034013605442,0.05174839496612549,0.05413740873336792,0.0519028902053833,0.04920607805252075,0.03483062982559204,0.04597127437591553
2540,10,0.2302509993314743,153,1.2026177197694778,0.4723196402192116,0.51,0.6629443764686584,0.24226242303848267,0.6530603170394897,0.6619776487350464,0.6553792953491211,0.665044903755188
2541,18,0.1064361184835434,156,1.297881347792489,0.49606098234653473,0.49074074074074076,0.9180563688278198,0.8484009504318237,0.9076138734817505,0.9300376176834106,0.9210459589958191,0.9323415756225586
2542,8,0.26043766736984253,176,1.7680265108744304,0.7005182147026062,0.671875,0.3941817283630371,0.28851318359375,0.43034231662750244,0.3962494134902954,0.42343205213546753,0.41992735862731934
2543,12,0.3279735743999481,20,0.7342187364896139,0.7319372726811303,0.3194444444444444,0.012576103210449219,0.08386409282684326,0.021190285682678223,0.06229513883590698,0.014286935329437256,0.041506171226501465
2544,7,0.13825802505016327,55,0.7410373032093048,0.2719944715499878,0.5714285714285714,0.907762885093689,0.8605085015296936,0.913400411605835,0.8974645137786865,0.9081146717071533,0.9121671319007874
2545,10,0.37853872776031494,51,1.868466854095459,0.6626478582620621,0.56,0.8873924016952515,0.8814030885696411,0.8775259256362915,0.8918653726577759,0.8855815529823303,0.8863528370857239
2546,21,0.3555050194263458,128,0.8868398467699686,0.6331882062885497,0.9909297052154195,0.8619459867477417,0.7787904739379883,0.845963716506958,0.8330778479576111,0.853226900100708,0.8114128112792969
2547,14,0.3574298322200775,72,1.2022045850753784,0.5521309226751328,0.47959183673469385,0.5726655125617981,0.5830715894699097,0.538388729095459,0.5864120721817017,0.5497807264328003,0.5703778862953186
2548,19,0.2400909960269928,143,0.8647232428193092,0.6022304932276408,0.1440443213296399,0.5664680004119873,0.5268836617469788,0.5006222724914551,0.5170637369155884,0.5234416723251343,0.5218011140823364
2549,15,0.3880162537097931,81,0.8394915834069252,0.4167340492660349,0.18666666666666668,0.8881769180297852,0.6963815689086914,0.8598015308380127,0.8801039457321167,0.8743534684181213,0.848626434803009
2550,17,0.3196534514427185,154,0.4879944920539856,0.4972130943621908,0.7577854671280276,-0.09808957576751709,-0.078743577003479,-0.07077515125274658,-0.0830608606338501,-0.06504631042480469,-0.09997415542602539
2551,5,0.1523132622241974,56,0.7786086797714233,0.5341093937555949,0.32,0.42763417959213257,0.43256711959838867,0.41856616735458374,0.440642774105072,0.41373497247695923,0.437829852104187
2552,5,0.2622484266757965,41,1.323905110359192,0.3385784476995468,0.08,0.8798386454582214,0.8802684545516968,0.8782392740249634,0.8638681173324585,0.8810269236564636,0.8740374445915222
2553,22,0.3981541693210602,82,1.1635768488049507,0.663385820057657,0.8243801652892562,0.6850110292434692,0.7146570682525635,0.6855407953262329,0.7159826755523682,0.6673974990844727,0.7289966344833374
2554,19,0.147660031914711,114,1.0609937906265259,0.8210221656731197,0.7368421052631579,0.3017808198928833,0.27631211280822754,0.3138653039932251,0.30006635189056396,0.30149537324905396,0.30516016483306885
2555,19,0.11108451336622238,114,1.1732084022627935,0.518708536028862,0.019390581717451522,0.762610137462616,0.7648496627807617,0.7588913440704346,0.7640494108200073,0.7597936391830444,0.7617676258087158
2556,23,0.20792460441589355,55,0.7734140157699585,0.8125313594937325,0.8865784499054821,0.268790066242218,0.14278972148895264,0.26589536666870117,0.27352893352508545,0.2718186378479004,0.27487874031066895
2557,22,0.12394556403160095,118,1.4660091314996992,0.49823490778605145,0.6756198347107438,0.26220202445983887,0.24160349369049072,0.2577977776527405,0.2791559100151062,0.26168519258499146,0.26892101764678955
2558,18,0.312931627035141,103,0.7349075078964233,0.9513108292046715,0.8888888888888888,0.7302827835083008,0.07679718732833862,0.7136601209640503,0.7042549848556519,0.7253549098968506,0.6985396146774292
2559,4,0.21451841294765472,90,1.0761007070541382,0.2621748447418213,0.75,0.11688196659088135,-0.01796579360961914,0.131034255027771,0.13424444198608398,0.14620012044906616,0.1537320613861084
2560,25,0.17598417401313782,82,1.4747034907341003,0.6013733195631128,0.128,0.6097158193588257,0.65074622631073,0.6083855628967285,0.6235790848731995,0.6075935363769531,0.6115502715110779
2561,6,0.3299349546432495,45,1.0265418589115143,0.5493427067995071,0.16666666666666666,0.3068081736564636,0.31856006383895874,0.30985718965530396,0.32443803548812866,0.3032188415527344,0.3245432376861572
2562,11,0.12992025911808014,189,0.9258728722731272,0.5467685550451279,0.14049586776859505,0.35511165857315063,0.36599403619766235,0.3533666133880615,0.3631162643432617,0.3547685742378235,0.35407519340515137
2563,9,0.17219915986061096,191,0.7620350494980812,0.6166679263114929,0.7160493827160493,0.007128775119781494,0.008735060691833496,0.012606322765350342,0.007258296012878418,0.008463740348815918,0.006941020488739014
2564,16,0.12238989025354385,130,1.2342750685555595,0.8020007842116885,0.4140625,0.9316738247871399,0.9300673007965088,0.9337469339370728,0.9270226955413818,0.933951735496521,0.9342299699783325
2565,20,0.1464972347021103,7,1.411172728985548,0.520900177458922,0.28,-0.024225592613220215,0.019710302352905273,-0.029152631759643555,0.016328632831573486,-0.03579306602478027,0.014042019844055176
2566,14,0.10524875670671463,16,1.107264906167984,0.8313799262046814,0.00510204081632653,0.2033858299255371,0.08641785383224487,0.15269452333450317,0.042706429958343506,0.1610013246536255,0.12882161140441895
2567,4,0.2107274979352951,174,0.8310217459996542,0.6239879727363586,0.25,-0.0021206140518188477,0.004942774772644043,0.0002904534339904785,0.016983747482299805,-0.004225969314575195,0.019890964031219482
2568,6,0.2342986911535263,143,0.5596333344777426,0.47441813349723816,0.8888888888888888,-0.014247655868530273,-0.02557826042175293,-0.015550613403320312,-0.022364139556884766,-0.014125585556030273,-0.022179722785949707
2569,12,0.10752219706773758,101,1.1554906566937764,0.6127209514379501,0.6805555555555556,-0.06222736835479736,-0.016709446907043457,-0.043297767639160156,-0.04885387420654297,-0.05940711498260498,-0.041942596435546875
2570,12,0.12046566605567932,172,0.6942213866859674,0.5999661013484001,0.7291666666666666,0.12924373149871826,0.17761462926864624,0.1293877363204956,0.15442579984664917,0.11962610483169556,0.13832372426986694
2571,10,0.1670055240392685,49,0.5946119849880537,0.6345132291316986,0.0,-0.08476293087005615,-0.11631119251251221,-0.061707377433776855,-0.13856816291809082,-0.06160843372344971,-0.1394054889678955
2572,11,0.10728341341018677,22,1.067899340391159,0.4790196766455968,0.21487603305785125,0.21836918592453003,0.5634114742279053,0.22965490818023682,0.5556989908218384,0.2581305503845215,0.5566084980964661
2573,21,0.2761753499507904,95,0.25792480260133743,0.6234828218033439,0.14285714285714285,0.33262526988983154,0.3181549906730652,0.3569289445877075,0.2978969216346741,0.341495156288147,0.34405988454818726
2574,15,0.24855993688106537,44,1.248886339366436,0.5721732811494307,0.48,0.6277625560760498,0.48397356271743774,0.6320114731788635,0.6463556289672852,0.6345579028129578,0.6362531781196594
2575,8,0.32230430841445923,179,1.9406827688217163,0.7919993272849492,0.5,0.907941460609436,0.914222776889801,0.9081435799598694,0.8891722559928894,0.9009213447570801,0.895955502986908
2576,22,0.11589227616786957,137,0.9562695533037185,0.7283080220222473,0.3450413223140496,-0.02825462818145752,-0.042778968811035156,-0.02791726589202881,-0.02649986743927002,-0.03294694423675537,-0.0215301513671875
2577,12,0.17800898849964142,22,1.106595754623413,0.6921797820499965,0.5763888888888888,-0.022458910942077637,-0.015737295150756836,-0.01020801067352295,-0.018718600273132324,-0.012033343315124512,2.187490463256836e-05
2578,8,0.25599050521850586,11,1.1214191615581512,0.5769738033413887,0.828125,0.545168399810791,0.46890777349472046,0.585520327091217,0.6039310097694397,0.5871875882148743,0.5712757110595703
2579,5,0.13024500012397766,79,1.1625303775072098,0.8770517110824585,0.12,0.18150919675827026,0.17700797319412231,0.1778736114501953,0.17950981855392456,0.1781761646270752,0.17611408233642578
2580,10,0.29300960898399353,164,0.7164984544118246,0.40295559806483133,0.71,0.2972795367240906,0.12756741046905518,0.30984288454055786,0.20766574144363403,0.2940486669540405,0.28462469577789307
2581,11,0.31111618876457214,5,0.9832919836044312,0.5348673082060285,0.9008264462809917,0.6122358441352844,0.1717016100883484,0.40794962644577026,0.6015126705169678,0.32573455572128296,0.6106665134429932
2582,13,0.20993031561374664,200,0.8858980238437653,0.6199525716629896,0.3136094674556213,0.3363403081893921,0.31531786918640137,0.334067165851593,0.3295624852180481,0.32786065340042114,0.3295159339904785
2583,10,0.18609458208084106,200,1.2638914287090302,0.4798586467901866,0.96,0.02258920669555664,0.028212904930114746,0.02378302812576294,0.04600119590759277,0.007852733135223389,0.030951082706451416
2584,15,0.13327567279338837,92,1.076332837343216,0.47914133303695255,0.2088888888888889,0.3269609808921814,0.31599128246307373,0.3267127275466919,0.32672297954559326,0.3216460943222046,0.32526421546936035
2585,16,0.2554769515991211,44,0.874662983417511,0.66790771484375,0.19140625,0.878186047077179,0.9164206385612488,0.8812220096588135,0.9043837785720825,0.8656828999519348,0.8956032991409302
2586,9,0.34308919310569763,124,0.9820313528180122,0.48331139087677,0.4567901234567901,-0.019315361976623535,-0.010412216186523438,-0.019733667373657227,-0.027791261672973633,-0.01926279067993164,-0.02502751350402832
2587,3,0.38136595487594604,187,2.2501178979873657,0.8721633553504944,0.8888888888888888,0.40350455045700073,0.045858025550842285,0.3902589678764343,0.4111636281013489,0.4202446937561035,0.3970622420310974
2588,18,0.3089020848274231,15,1.0239602327346802,0.5320961308829925,0.8271604938271605,-0.024840235710144043,0.0005417466163635254,-0.011514663696289062,-0.010275006294250488,-0.018305540084838867,0.015104532241821289
2589,5,0.14301910996437073,162,0.9856377691030502,0.25394779443740845,0.16,0.156974196434021,-0.019423365592956543,0.15696114301681519,0.1501842737197876,0.15939003229141235,0.15670740604400635
2590,19,0.1541907787322998,116,1.0467806632320087,0.8348485621122214,0.4598337950138504,0.23567938804626465,0.22037100791931152,0.23123043775558472,0.24927204847335815,0.23003727197647095,0.23701465129852295
2591,17,0.33360815048217773,131,1.2211654285589855,0.5663956116352763,0.43252595155709345,0.6871201395988464,0.7019389867782593,0.6816332340240479,0.7025208473205566,0.6875879764556885,0.7017632722854614
2592,4,0.13073033094406128,9,1.178548236687978,0.6724865436553955,0.9375,-0.24057626724243164,-0.18487632274627686,-0.19901132583618164,-0.3148096799850464,-0.20723223686218262,-0.357830286026001
2593,23,0.16088318824768066,165,1.1996909032265346,0.773611299255315,0.5973534971644613,0.683362603187561,0.525309681892395,0.6643186807632446,0.6238260269165039,0.5825247764587402,0.660621166229248
2594,9,0.35618987679481506,33,1.1642544269561768,0.613988676241466,0.9382716049382716,0.569123387336731,0.4021327495574951,0.568457841873169,0.546401858329773,0.5670123100280762,0.5579483509063721
2595,9,0.19834060966968536,145,1.4606011092662812,0.41133538633584976,0.037037037037037035,0.07172030210494995,0.10281211137771606,0.08215409517288208,0.09114992618560791,0.06453871726989746,0.07456326484680176
2596,9,0.2802407443523407,183,0.6656989653905233,0.38127559671799344,0.345679012345679,0.7664692401885986,0.8020491600036621,0.7598711252212524,0.7770299911499023,0.7782471776008606,0.7763562202453613
2597,19,0.1600811928510666,85,1.028253259403365,0.726338674624761,0.14681440443213298,0.36926525831222534,0.38855206966400146,0.43201780319213867,0.4948209524154663,0.3836129903793335,0.45562613010406494
2598,7,0.21043960750102997,23,0.4366169571876526,0.9157301485538483,0.6122448979591837,0.02323925495147705,0.01711869239807129,0.015956401824951172,0.007086753845214844,0.015064656734466553,0.002046644687652588
2599,9,0.11698509007692337,141,1.0965689445535343,0.586752712726593,0.654320987654321,0.009479522705078125,0.020595788955688477,0.010859906673431396,0.015417993068695068,0.006099998950958252,0.015732288360595703
2600,24,0.30659982562065125,37,1.8559093872706096,0.7167638589938482,0.8159722222222222,0.41359078884124756,0.10212308168411255,0.39117544889450073,0.47479408979415894,0.4019355773925781,0.46889108419418335
2601,10,0.1815839409828186,50,0.9450948685407639,0.38721197843551636,0.35,0.6093528270721436,0.6020840406417847,0.6018227934837341,0.6017673015594482,0.605308473110199,0.5918740034103394
2602,23,0.36249053478240967,90,1.0169868171215057,0.6258631256364641,0.6899810964083176,0.15179240703582764,0.07031857967376709,0.16502302885055542,0.16877150535583496,0.13422483205795288,0.1863211989402771
2603,24,0.31090542674064636,62,1.5199097792307537,0.6750481256416866,0.7673611111111112,0.8010254502296448,0.7374377250671387,0.7954780459403992,0.8083782196044922,0.7925047278404236,0.7732861638069153
2604,8,0.3610856533050537,64,1.2187011043230693,0.32365705668926237,0.75,0.14870959520339966,-0.04419422149658203,0.10399657487869263,0.18985319137573242,0.143027663230896,0.1745252013206482
2605,24,0.22672469913959503,69,0.8394697308540344,0.6183418063890367,0.8524305555555556,-0.15761756896972656,-0.17226111888885498,-0.18480467796325684,-0.10879898071289062,-0.18875336647033691,-0.13146543502807617
2606,3,0.11307632178068161,19,1.6255123615264893,1.755843162536621,0.6666666666666666,0.008970022201538086,0.13251924514770508,0.03601861000061035,0.07445067167282104,0.03565514087677002,0.08708912134170532
2607,4,0.1302623301744461,61,1.380651831626892,0.42568451166152954,0.875,0.03450477123260498,0.0034003853797912598,0.03550845384597778,0.04002678394317627,0.03856760263442993,0.03779119253158569
2608,9,0.30125391483306885,2,0.867291788260142,0.43688738346099854,0.35802469135802467,-0.021906256675720215,-0.043917298316955566,-0.021918773651123047,-0.03497922420501709,-0.008793830871582031,-0.03966224193572998
2609,11,0.28021562099456787,173,0.6443915565808614,0.7183071356266737,0.6528925619834711,0.8828810453414917,0.8735251426696777,0.8833603262901306,0.8749691247940063,0.8822701573371887,0.8813978433609009
2610,9,0.3629172146320343,67,0.8984162777662277,0.6581081300973892,0.13580246913580246,0.5614521503448486,0.533034086227417,0.5468082427978516,0.4978855848312378,0.5395812392234802,0.5174559950828552
2611,19,0.2904926836490631,42,1.4581683278083801,0.7042894968215156,0.7063711911357341,0.9225532412528992,0.5828627347946167,0.9238976240158081,0.9057825803756714,0.924906313419342,0.9241374731063843
2612,23,0.12073647230863571,8,1.0011209845542908,0.7816826244195302,0.8052930056710775,0.25478965044021606,0.14181840419769287,0.1924118995666504,0.28911542892456055,0.2138516902923584,0.25632965564727783
2613,20,0.3600139915943146,193,1.171317954858144,0.7068664142314125,0.3975,0.7057456970214844,0.5786697864532471,0.6935396194458008,0.6980324983596802,0.6909579038619995,0.698171854019165
2614,25,0.39695459604263306,144,1.6903388798236847,0.6203630236179932,0.4896,0.86319899559021,0.7664240598678589,0.8255403637886047,0.8535480499267578,0.7962385416030884,0.8084228038787842
2615,25,0.22596044838428497,83,1.4379341006278992,0.5359731418165293,0.4016,0.22279608249664307,0.07528454065322876,0.19216829538345337,0.18820172548294067,0.20568954944610596,0.23801815509796143
2616,20,0.10770207643508911,126,0.7638098125656446,0.7072265999657767,0.035,0.8573259711265564,0.861143171787262,0.8460080027580261,0.7940686345100403,0.8565961122512817,0.8417239785194397
2617,16,0.3427373170852661,37,0.4393144945303599,0.5406244110602599,0.6875,-0.023846745491027832,-0.4673064947128296,-0.036163926124572754,-0.12424540519714355,-0.05616438388824463,-0.08835411071777344
2618,10,0.30119484663009644,189,1.6296198070049286,0.651556484401226,0.05,0.04880177974700928,0.03410983085632324,0.04744070768356323,0.04426884651184082,0.04160410165786743,0.04949992895126343
2619,11,0.19281475245952606,170,0.5784128208955129,0.5775227695703506,1.0,0.7211718559265137,0.7285369634628296,0.7169315814971924,0.7181819677352905,0.717836856842041,0.7173744440078735
2620,6,0.14428339898586273,135,0.9935741722583771,0.5083528757095337,0.5277777777777778,0.43689584732055664,-0.02455878257751465,0.45316028594970703,0.4622308611869812,0.45279568433761597,0.4591187834739685
2621,22,0.11713602393865585,149,0.7193350046873093,0.6038609612733126,0.128099173553719,0.3236738443374634,0.28707456588745117,0.34729331731796265,0.33697056770324707,0.3720547556877136,0.32242047786712646
2622,24,0.163959801197052,30,1.36551358923316,0.6457795418798924,0.3506944444444444,0.15565365552902222,0.3425717353820801,0.11458998918533325,0.3382687568664551,0.12829947471618652,0.36612027883529663
2623,18,0.203041672706604,24,0.3133452385663986,0.475170968969663,0.595679012345679,-0.04210102558135986,-0.034319162368774414,-0.042649269104003906,-0.027620673179626465,-0.03715181350708008,-0.02292943000793457
2624,9,0.17686814069747925,40,1.5168458968400955,0.8121992817946843,0.13580246913580246,0.5302355885505676,0.47557926177978516,0.5203186273574829,0.5118968486785889,0.5409648418426514,0.518677830696106
2625,17,0.20641404390335083,23,0.8658045902848244,0.5327650526395211,0.06228373702422145,0.3784772753715515,0.36686861515045166,0.35268479585647583,0.3678143620491028,0.34610992670059204,0.3087756633758545
2626,14,0.13660944998264313,167,1.1221635699272157,0.515806516011556,0.7704081632653061,-0.04450643062591553,-0.01482093334197998,-0.033304452896118164,-0.04633378982543945,-0.038593292236328125,-0.05616450309753418
2627,23,0.16832585632801056,19,1.2643635741301946,0.6023656977340579,0.3667296786389414,0.4406249523162842,0.3224373459815979,0.4099843502044678,0.3960709571838379,0.3913397789001465,0.378492534160614
2628,6,0.1339416354894638,18,1.3428693175315858,1.2181627750396729,0.8888888888888888,-0.02807140350341797,-0.1670987606048584,0.001192629337310791,-0.06269645690917969,-0.03212928771972656,-0.05563998222351074
2629,20,0.10108046233654022,101,1.0440517621380943,0.6772025502645053,0.89,-0.0040454864501953125,-0.11911535263061523,-0.0111236572265625,-0.015266180038452148,-0.005281567573547363,-0.01085054874420166
2630,25,0.18407295644283295,144,1.860075334707896,0.6404518986290152,0.5056,0.47601401805877686,0.32183510065078735,0.4969317317008972,0.4652528762817383,0.47483140230178833,0.44054532051086426
2631,21,0.21330972015857697,54,0.8224537223577499,0.5905219130218029,0.4013605442176871,0.44647711515426636,0.15769916772842407,0.4040687084197998,0.4347960352897644,0.4328727126121521,0.42289483547210693
2632,21,0.19797994196414948,127,0.8894518733024597,0.40455040894448757,0.03854875283446712,0.6360621452331543,0.6586982011795044,0.6263543367385864,0.6690952777862549,0.6323673725128174,0.644168496131897
2633,21,0.23266705870628357,174,0.8484224677085876,0.7746764217552385,0.23129251700680273,0.631388783454895,0.6493515968322754,0.6366115808486938,0.6549152135848999,0.6241916418075562,0.6386072039604187
2634,9,0.3574885129928589,183,1.1973824501037598,0.6801792949438095,0.8641975308641975,0.008569419384002686,-0.020269393920898438,0.0019415616989135742,-0.004169940948486328,0.00898122787475586,-0.02047264575958252
2635,9,0.16658753156661987,109,1.678305168946584,1.113371988137563,0.3950617283950617,0.019545257091522217,0.029335975646972656,0.01674830913543701,0.005941510200500488,0.019312679767608643,0.00861048698425293
2636,3,0.22356972098350525,12,0.8523947894573212,0.5031343102455139,0.1111111111111111,0.057401835918426514,0.08844459056854248,0.0802079439163208,0.10829854011535645,0.07088369131088257,0.12470239400863647
2637,16,0.31742796301841736,157,1.3358638087908428,0.5994528852976285,0.765625,0.29302430152893066,0.3109439015388489,0.29523980617523193,0.3114153742790222,0.2674776315689087,0.3010343909263611
2638,24,0.14351312816143036,194,1.4003520352499825,0.6606481969356537,0.1527777777777778,0.44929271936416626,0.45442718267440796,0.4586048126220703,0.44539469480514526,0.4610028862953186,0.45934391021728516
2639,6,0.14869000017642975,130,1.0103350281715393,0.8736829161643982,1.0,0.0004291534423828125,0.007700085639953613,0.00010794401168823242,0.0028911828994750977,0.0010655522346496582,0.004309237003326416
2640,13,0.33662551641464233,5,1.1767405271530151,0.46242378923026,0.10059171597633136,0.10597336292266846,0.17261749505996704,0.08925551176071167,0.12266367673873901,0.07521629333496094,0.16460013389587402
2641,10,0.388447105884552,107,0.7731463114420573,0.676720780985696,1.0,0.5772600173950195,0.21233099699020386,0.6124445796012878,0.5092864036560059,0.5094767808914185,0.5554383993148804
2642,14,0.28933659195899963,74,0.6702089786529541,0.8221348391638862,0.8877551020408163,0.11921244859695435,0.10100597143173218,0.1110532283782959,0.08489567041397095,0.11460769176483154,0.09850108623504639
2643,9,0.146965891122818,108,1.0622012317180634,0.9006722420454025,0.5555555555555556,-0.04234957695007324,-0.07121026515960693,-0.06068730354309082,-0.02208077907562256,-0.031728267669677734,-0.03603088855743408
2644,11,0.2162236124277115,67,0.5196619406342506,0.695553269651201,0.4297520661157025,0.7168266773223877,0.562387228012085,0.7096458673477173,0.7191098928451538,0.7051405906677246,0.7129992246627808
2645,25,0.33865129947662354,177,1.2333935797214508,0.5494383481286821,0.4528,0.529332160949707,0.6088725328445435,0.522928774356842,0.5732554197311401,0.4692983031272888,0.5869753360748291
2646,17,0.2330910712480545,141,0.4250507925947507,0.5949958806688135,0.3806228373702422,0.22080975770950317,0.20552748441696167,0.20621073246002197,0.2201540470123291,0.21324455738067627,0.23974871635437012
2647,5,0.17056815326213837,2,1.4258358776569366,0.34206652641296387,0.68,0.06873005628585815,0.2337079644203186,0.13064849376678467,0.07296359539031982,0.0814504623413086,0.01735067367553711
2648,12,0.1842895746231079,98,0.9187010824680328,0.8312220349907875,0.3888888888888889,0.5785421133041382,0.45448923110961914,0.5050061345100403,0.4764992594718933,0.5758853554725647,0.40663862228393555
2649,7,0.2343468964099884,141,1.6078072786331177,0.586656779050827,0.42857142857142855,0.4213094711303711,0.3995087742805481,0.4154582619667053,0.42560726404190063,0.4157402515411377,0.4154624938964844
2650,3,0.3591965138912201,114,1.430509477853775,0.5840996503829956,0.2222222222222222,0.3685600757598877,0.3715861439704895,0.36865490674972534,0.3743736743927002,0.369750440120697,0.3709683418273926
2651,15,0.1614067107439041,78,1.1118042369683583,0.6522599789831374,0.9288888888888889,-0.09492385387420654,-0.052358269691467285,-0.1050342321395874,-0.10757911205291748,-0.0977410078048706,-0.1228553056716919
2652,12,0.111888088285923,178,1.024539670773915,0.40585624277591703,0.8680555555555556,0.7182852029800415,0.7147672176361084,0.7225587368011475,0.7110138535499573,0.7139856815338135,0.7022393941879272
2653,13,0.1489514708518982,104,1.256656938791275,0.756574846804142,0.21301775147928995,0.4281541705131531,0.40957534313201904,0.4270631670951843,0.43089544773101807,0.41904783248901367,0.408538281917572
2654,6,0.25799691677093506,2,0.7361795157194138,0.5479951500892639,0.3888888888888889,-0.0007483959197998047,-0.002776503562927246,0.0007928013801574707,0.005851566791534424,0.00218808650970459,-0.0038355588912963867
2655,24,0.3445136249065399,116,0.39555148780345917,0.708763712644577,0.1284722222222222,0.9563855528831482,0.9114854335784912,0.9086636304855347,0.9200285077095032,0.9207362532615662,0.8467480540275574
2656,16,0.1456199735403061,37,0.40775067508220675,0.540255522186106,0.203125,0.45654094219207764,0.38185399770736694,0.42287272214889526,0.4713292717933655,0.3785044550895691,0.4669957160949707
2657,20,0.15996401011943817,115,1.4900343298912049,0.5633007099231084,0.7825,0.01990795135498047,0.018769919872283936,-0.01787257194519043,0.001087784767150879,-0.01625382900238037,0.0003383159637451172
2658,9,0.29473912715911865,89,0.9557879343628883,0.9629501899083456,0.024691358024691357,-0.004144787788391113,-0.0007724761962890625,-0.0072176456451416016,0.002625405788421631,-0.003279566764831543,-0.0029271841049194336
2659,15,0.16694459319114685,5,0.6755823244651159,0.6743264695008596,0.7377777777777778,-0.8361166715621948,-0.7561241388320923,-0.8260080814361572,-0.7450258731842041,-0.8426996469497681,-1.2336540222167969
2660,5,0.34766823053359985,88,1.0754703879356384,0.634886234998703,0.08,0.6544222235679626,0.6585370898246765,0.6516920328140259,0.657611608505249,0.6480516195297241,0.6573615074157715
2661,18,0.35526251792907715,185,1.447152853012085,0.5001743761822581,0.691358024691358,0.7038039565086365,0.6808438301086426,0.7048830389976501,0.6875779628753662,0.6875032782554626,0.6699748635292053
2662,5,0.1316218227148056,88,0.46906064450740814,0.5294228792190552,0.64,0.028737902641296387,0.03407144546508789,0.025099754333496094,0.062445223331451416,0.036302804946899414,0.06521177291870117
2663,20,0.2729206681251526,112,1.594558556874593,0.5020181869759279,0.0675,0.32874536514282227,0.3356549143791199,0.23525142669677734,0.24466484785079956,0.20385456085205078,0.3119392395019531
2664,20,0.14773714542388916,49,1.0415966684619586,0.5590235037463052,0.8725,-0.13651704788208008,-0.19488239288330078,-0.054734110832214355,-0.2545456886291504,-0.037718772888183594,-0.09241223335266113
2665,20,0.37449145317077637,81,1.0490072965621948,0.762716387447558,0.3675,0.5049453973770142,0.30374956130981445,0.5110377073287964,0.5191693305969238,0.492584228515625,0.529748797416687
2666,25,0.3306594789028168,187,0.9409105181694031,0.7638505049049854,0.7136,0.9238453507423401,0.874842643737793,0.9296532869338989,0.915655255317688,0.9235340356826782,0.917831540107727
2667,24,0.2167036235332489,85,1.3688309788703918,0.6592912927269936,0.796875,0.8311091661453247,0.6585642099380493,0.8380857706069946,0.8629095554351807,0.8456358313560486,0.8387612104415894
2668,11,0.15694577991962433,146,1.3568436702092488,0.4664989337325096,0.5206611570247934,0.12203091382980347,0.04058229923248291,0.13500535488128662,0.13884788751602173,0.13834220170974731,0.1343919038772583
2669,14,0.11559755355119705,87,0.7627410247921944,0.47035956755280495,0.3979591836734694,0.6163148880004883,0.5173419713973999,0.6082704067230225,0.6136099696159363,0.6052495241165161,0.611333966255188
2670,14,0.29021966457366943,100,0.591281071305275,0.5238282332817713,0.09183673469387756,0.7925575971603394,0.7930644154548645,0.790485143661499,0.7970433831214905,0.7922658920288086,0.7874968647956848
2671,3,0.32021328806877136,56,1.2903492450714111,0.2857825756072998,0.5555555555555556,0.7928204536437988,0.7982730865478516,0.7932849526405334,0.7974483370780945,0.7912997603416443,0.7974786162376404
2672,12,0.21835815906524658,118,1.1741075962781906,0.5576029866933823,0.3055555555555556,0.8546211123466492,0.8511818647384644,0.8488396406173706,0.8484834432601929,0.8031297326087952,0.8216429948806763
2673,5,0.2726714313030243,39,1.4605822960535686,1.0794168412685394,0.52,0.21857553720474243,0.14909803867340088,0.22180193662643433,0.21984076499938965,0.22671985626220703,0.21873772144317627
2674,17,0.1873229444026947,48,1.0869830310344697,0.4964242863158385,0.12110726643598616,0.3752221465110779,0.3763312101364136,0.4066283106803894,0.38222867250442505,0.42770832777023315,0.4510749578475952
2675,7,0.2054155468940735,100,0.5927246153354645,0.3954145610332489,0.30612244897959184,0.0005128979682922363,-0.022158265113830566,0.0024942755699157715,0.004936873912811279,0.004980027675628662,0.006002843379974365
2676,17,0.1642264872789383,51,1.4329264760017395,0.5316763956631932,0.12802768166089964,0.8155900835990906,0.8146861791610718,0.8180211782455444,0.8350952863693237,0.7932741045951843,0.839236855506897
2677,4,0.15662024915218353,70,1.6229634881019592,1.522002935409546,0.375,0.11893647909164429,0.11228567361831665,0.12790405750274658,0.1397302746772766,0.12202441692352295,0.13450878858566284
2678,24,0.11568170040845871,129,0.8513440489768982,0.4280074149370193,0.4583333333333333,0.7402713894844055,0.7209649085998535,0.7282935380935669,0.7322007417678833,0.7389117479324341,0.7302120327949524
2679,22,0.16624385118484497,194,1.3088237245877583,0.7792229931801558,0.7107438016528925,0.7322388291358948,0.6225912570953369,0.7325615882873535,0.708812952041626,0.726261556148529,0.721967339515686
2680,11,0.12880699336528778,108,0.671554559469223,0.6062750170628229,0.8760330578512396,0.18405389785766602,0.1289573311805725,0.20675355195999146,0.1891005039215088,0.200886070728302,0.2025807499885559
2681,25,0.29790395498275757,51,0.7510606447855631,0.6055768768895756,0.0784,0.6777597069740295,0.7345306873321533,0.5208295583724976,0.6524490118026733,0.600937008857727,0.6759292483329773
2682,17,0.25242096185684204,165,1.2431238293647766,0.6638838489140783,0.14186851211072665,0.244412362575531,0.2649812698364258,0.22812092304229736,0.2740554213523865,0.21597611904144287,0.28840380907058716
2683,25,0.3867855966091156,197,0.6529782811800638,0.5270507742058147,0.4928,0.2931157946586609,0.3238757848739624,0.24934405088424683,0.2890017628669739,0.25341957807540894,0.22357279062271118
2684,23,0.24612197279930115,134,0.7158669531345367,0.660074131829398,0.8185255198487713,0.6526544094085693,0.6046416759490967,0.6291173696517944,0.6427100896835327,0.6387438774108887,0.6318288445472717
2685,14,0.11347749084234238,108,1.3666358217597008,0.415075624982516,0.9897959183673469,0.679766058921814,0.3638041615486145,0.6815650463104248,0.6777170896530151,0.6816685795783997,0.680349588394165
2686,23,0.1593492180109024,32,1.0679794549942017,0.7046979877509569,0.3837429111531191,0.6779632568359375,0.6365675926208496,0.6386303901672363,0.6743496060371399,0.685616135597229,0.728547215461731
2687,7,0.14057134091854095,188,1.0620526909828185,1.0578520596027374,0.7755102040816326,0.4469965696334839,0.39235514402389526,0.4434674382209778,0.44661957025527954,0.44510143995285034,0.4412640333175659
2688,23,0.2157307267189026,85,1.2535931169986725,0.5341722784858001,1.0,0.881123960018158,0.6772585511207581,0.8616386651992798,0.8614986538887024,0.8606717586517334,0.8453162908554077
2689,4,0.19659391045570374,41,0.807191014289856,0.977871835231781,0.0625,-5.638599395751953e-05,0.0025080442428588867,0.00042194128036499023,-0.00035941600799560547,-4.291534423828125e-05,-0.0016726255416870117
2690,15,0.34054210782051086,106,0.8530279199282328,0.5335337668657303,0.35555555555555557,0.8120458722114563,0.7828829288482666,0.8123855590820312,0.8098607063293457,0.8079926371574402,0.8124688267707825
2691,3,0.2823038101196289,97,0.2835325598716736,0.29208579659461975,1.0,-0.03442585468292236,-0.022343873977661133,-0.03830432891845703,-0.04061782360076904,-0.04048776626586914,-0.042569756507873535
2692,16,0.15635035932064056,56,0.7126504565988269,0.542629791630639,0.640625,0.7953935265541077,0.4847458004951477,0.8007537126541138,0.7807679772377014,0.794247031211853,0.7767269015312195
2693,7,0.22417892515659332,110,0.47900308668613434,0.26075103382269543,0.04081632653061224,0.5477328300476074,0.5463497638702393,0.5500023365020752,0.5426000356674194,0.5501383543014526,0.5409157276153564
2694,25,0.10376110672950745,193,0.6799420803785324,0.44060901006062825,0.032,0.013906002044677734,0.02782338857650757,0.007756710052490234,0.025904357433319092,0.012025535106658936,0.031026184558868408
2695,17,0.17109306156635284,18,0.5938048586249352,0.5969601915432856,0.986159169550173,-0.0024950504302978516,-0.06854498386383057,-0.004744410514831543,-0.03706824779510498,-0.003612041473388672,-0.02653956413269043
2696,14,0.23978911340236664,60,1.3856120904286702,0.6354651640761982,0.9285714285714286,0.7427593469619751,0.5484482645988464,0.6405981779098511,0.5878244638442993,0.6433897018432617,0.5655862092971802
2697,12,0.1206323653459549,42,1.2936321020126342,0.5429751830441611,0.8263888888888888,-0.1205291748046875,0.002467036247253418,-0.07176029682159424,-0.08070826530456543,-0.06532669067382812,-0.05162167549133301
2698,14,0.36500805616378784,58,1.034271627664566,0.4511905014514923,0.10714285714285714,0.785822868347168,0.7916719913482666,0.7943850159645081,0.7900893688201904,0.7960495948791504,0.7716289758682251
2699,17,0.129616841673851,41,0.6937104344367981,0.6024131551384926,0.3460207612456747,-0.14650654792785645,0.011662006378173828,-0.16086483001708984,-0.15252745151519775,-0.17565429210662842,-0.09392178058624268
2700,19,0.11198282986879349,2,1.1847690608766344,0.5131624311208725,0.3988919667590028,0.011274337768554688,0.017696261405944824,0.006682753562927246,0.033395469188690186,0.005417227745056152,0.02088707685470581
2701,11,0.14656475186347961,180,0.9473332251821246,0.4903176464140415,0.8264462809917356,-0.0025157928466796875,-0.044469594955444336,-0.007026195526123047,-0.004820108413696289,0.0013315677642822266,-0.005620479583740234
2702,21,0.19943514466285706,52,1.734648597240448,0.5922330114990473,0.4603174603174603,0.9370071887969971,0.9273656606674194,0.9360917806625366,0.9395133256912231,0.939122200012207,0.9387272596359253
2703,13,0.23139744997024536,80,0.8210190236568451,0.7164639234542847,0.7218934911242604,0.06897646188735962,0.0109788179397583,0.0773964524269104,0.08115297555923462,0.07799506187438965,0.08502352237701416
2704,5,0.17502324283123016,64,0.7792128324508667,1.5964556336402893,0.04,0.0035567879676818848,0.016093671321868896,0.015757203102111816,0.02335423231124878,0.020359575748443604,0.021281123161315918
2705,11,0.12129953503608704,85,1.420033077398936,0.28057012856006625,0.19834710743801653,0.7479712963104248,0.7371982336044312,0.7480135560035706,0.7369098663330078,0.7481985688209534,0.7443302869796753
2706,23,0.1636485606431961,34,0.9055088715893882,0.6514372015371919,0.6937618147448015,-0.014303088188171387,-0.0928194522857666,-0.006529688835144043,-0.015207409858703613,-0.010530829429626465,-0.019534707069396973
2707,16,0.10320565849542618,57,0.6356932471195856,0.5122156500816345,0.26953125,0.4081440567970276,0.4264453649520874,0.40884166955947876,0.44351136684417725,0.4362853169441223,0.46423518657684326
2708,20,0.31996434926986694,100,1.455777645111084,0.4531683317002128,0.335,0.9657998085021973,0.9611017107963562,0.9611279368400574,0.9634308815002441,0.9629101157188416,0.9628866314888
2709,11,0.13193945586681366,99,0.8309582211077213,0.7114279468854269,0.2066115702479339,0.0598483681678772,0.05507636070251465,0.06023913621902466,0.07997739315032959,0.0676581859588623,0.07533341646194458
2710,17,0.35213255882263184,126,0.9100566804409027,0.544654966546939,0.314878892733564,0.9404633641242981,0.7082526683807373,0.7990325093269348,0.6850029826164246,0.8189617395401001,0.5634552240371704
2711,21,0.11109333485364914,14,0.7367621183395385,0.5879812687635422,0.4036281179138322,0.055452585220336914,0.21744829416275024,0.08949548006057739,0.24835360050201416,0.046343863010406494,0.2505834698677063
2712,18,0.34139153361320496,115,0.9979856312274933,0.6434799404814839,0.12962962962962962,0.5228910446166992,0.4765920042991638,0.5287311673164368,0.5362570285797119,0.5152479410171509,0.48131805658340454
2713,4,0.3875690698623657,116,0.3984343707561493,0.6353977719942728,0.3125,0.6000275015830994,0.5366697907447815,0.5985497236251831,0.6109245419502258,0.6020568609237671,0.6024795770645142
2714,8,0.278742253780365,6,1.162705659866333,0.4144935667514801,0.875,0.8398522734642029,0.8504359722137451,0.8641879558563232,0.8676329851150513,0.8723635673522949,0.8541828393936157
2715,12,0.23478490114212036,160,1.493914395570755,0.7331590265035629,0.7569444444444444,0.7672792673110962,0.7273982763290405,0.7569943070411682,0.7556717395782471,0.7484132051467896,0.7527077198028564
2716,21,0.3183579444885254,60,1.1581908265749614,0.5985379210776753,0.08843537414965986,0.534186840057373,0.6981641054153442,0.5112120509147644,0.656475305557251,0.5450482368469238,0.6228100061416626
2717,23,0.19884084165096283,24,1.7042760848999023,0.5185381358160692,0.16257088846880907,0.8672705292701721,0.5046778321266174,0.8828639388084412,0.8907403349876404,0.8656112551689148,0.8724721670150757
2718,10,0.1210888922214508,110,1.129056032214846,0.4650086760520935,0.36,0.6627682447433472,0.10767132043838501,0.6677373647689819,0.6661354303359985,0.6662843823432922,0.6670012474060059
2719,20,0.1060400977730751,6,1.497087025642395,0.5124946385622025,0.8875,0.34008949995040894,-0.0938793420791626,0.33516937494277954,0.14778852462768555,0.31851983070373535,0.2162189483642578
2720,3,0.2857792377471924,108,1.003900408744812,0.2629881203174591,0.6666666666666666,0.5121010541915894,-0.00984203815460205,0.5134336352348328,0.5004156231880188,0.5147069692611694,0.5130023956298828
2721,17,0.3385421931743622,13,0.5486603379249573,0.48837602535883584,0.20761245674740483,0.18817740678787231,0.2309492826461792,0.13932174444198608,0.20408397912979126,0.1328403353691101,0.20454877614974976
2722,23,0.13967767357826233,58,0.7131170369684696,0.54297982553641,0.44045368620037806,-0.01645803451538086,-0.013692259788513184,-0.01358795166015625,-0.009143233299255371,-0.006776690483093262,-0.0064051151275634766
2723,12,0.18578559160232544,99,1.7048909425735475,0.5288468492882592,0.5347222222222222,0.5154203176498413,0.47034114599227905,0.5207036733627319,0.5269469618797302,0.5161257982254028,0.5147601366043091
2724,24,0.16123171150684357,89,0.5824739754199981,0.46667913386696264,0.2065972222222222,0.9409762620925903,0.9356701374053955,0.9294978976249695,0.9196242690086365,0.9420506954193115,0.9306866526603699
2725,19,0.14087924361228943,61,0.9233135048832212,0.7610845516125361,0.8975069252077562,0.332145094871521,0.23742544651031494,0.307583749294281,0.28120583295822144,0.3012627363204956,0.3172032833099365
2726,25,0.1482313871383667,197,1.0731089115142822,0.46602725719704347,0.2736,0.09659397602081299,0.05421161651611328,0.11723804473876953,0.056645750999450684,0.11720341444015503,0.07685530185699463
2727,20,0.2597510516643524,77,1.3085815012454987,0.7025333037599921,0.115,0.2744868993759155,0.17980057001113892,0.31839871406555176,0.24861329793930054,0.30973607301712036,0.24603551626205444
2728,10,0.24980874359607697,106,0.7992556616663933,0.5819974889357885,0.52,0.015219151973724365,-0.0018149614334106445,0.009276807308197021,-0.005067348480224609,0.006865978240966797,-0.0014657974243164062
2729,13,0.12358271330595016,122,1.3219270159800847,0.6698416514056069,0.621301775147929,-0.0034749507904052734,-0.012052297592163086,-0.01473391056060791,0.004533588886260986,-0.01394188404083252,0.00010079145431518555
2730,17,0.19851285219192505,177,1.1876827776432037,0.5651506196994048,0.8788927335640139,0.4426689147949219,0.26859384775161743,0.45940500497817993,0.4328639507293701,0.45320481061935425,0.4501921534538269
2731,12,0.1028951033949852,52,1.1340997338294982,0.4590639429433005,0.5972222222222222,-0.02139723300933838,-0.03786814212799072,-0.012257933616638184,-0.04809153079986572,-0.01983654499053955,-0.03694045543670654
2732,10,0.35437801480293274,26,2.771507680416107,0.6591624561697245,0.82,0.6532812118530273,0.6505235433578491,0.6019208431243896,0.6108616590499878,0.5796312093734741,0.5895202159881592
2733,11,0.19120250642299652,197,1.0645320773124696,0.5328701933224996,1.0,0.4953877925872803,0.47543978691101074,0.49312108755111694,0.4893084168434143,0.49067968130111694,0.4921208620071411
2734,19,0.19038520753383636,121,0.8861012607812881,0.5297260453303655,0.5706371191135734,0.6208786368370056,0.5454176068305969,0.5825351476669312,0.6543312072753906,0.6168619394302368,0.6341168284416199
2735,13,0.18530265986919403,69,0.5749413967132568,0.39805118292570113,0.4970414201183432,0.8356440663337708,0.6025785207748413,0.8343417644500732,0.8300188779830933,0.8419618010520935,0.8369143009185791
2736,17,0.22697216272354126,179,1.4501383503278096,0.6281751628432956,0.6608996539792388,0.7695052623748779,0.7142330408096313,0.743746817111969,0.754981279373169,0.7452254295349121,0.7598788142204285
2737,5,0.1297006458044052,192,1.392294466495514,0.40942681829134625,0.32,0.626056969165802,0.15622210502624512,0.6234315633773804,0.6235302686691284,0.6190768480300903,0.6300305128097534
2738,24,0.2853827178478241,142,0.7042430341243744,0.6345058517022566,0.6493055555555556,0.47969645261764526,0.33910733461380005,0.47104209661483765,0.462877094745636,0.4753451943397522,0.47222739458084106
2739,13,0.3277474641799927,117,1.275022491812706,0.8666938675774468,0.5384615384615384,0.8129408359527588,0.6419364213943481,0.8101033568382263,0.8106033205986023,0.8085771203041077,0.8064484596252441
2740,13,0.16281771659851074,28,0.8447262406349182,0.6347333118319511,0.3136094674556213,-0.05588209629058838,-0.27041471004486084,-0.04633915424346924,-0.19128656387329102,-0.09196054935455322,-0.13319754600524902
2741,18,0.3237535059452057,159,0.5867848694324493,0.680607924858729,0.2777777777777778,0.6165208220481873,0.48804348707199097,0.5695633888244629,0.5070251226425171,0.624462366104126,0.5428443551063538
2742,22,0.27163076400756836,8,1.0543151050806046,0.5992344208061695,0.1921487603305785,-0.03768002986907959,-0.22771644592285156,-0.01928126811981201,-0.12159812450408936,-0.022866129875183105,-0.09096240997314453
2743,10,0.27180641889572144,111,0.48456160227457684,0.6012039461306163,0.3,-0.060309767723083496,-0.013623595237731934,-0.031162381172180176,-0.0162050724029541,-0.06258845329284668,-0.03778243064880371
2744,25,0.2954958975315094,112,0.818974182009697,0.6028050723529997,0.552,0.5069925785064697,0.27736663818359375,0.44134485721588135,0.44734400510787964,0.44129878282546997,0.38613951206207275
2745,24,0.3101988434791565,170,0.9267805516719818,0.49594252556562424,0.9184027777777778,0.322695255279541,0.27573591470718384,0.3376222252845764,0.3147522807121277,0.30255407094955444,0.3773822784423828
2746,19,0.32582685351371765,21,0.9827598109841347,0.5029907395442327,0.631578947368421,0.20965248346328735,-0.12208044528961182,0.018781065940856934,0.23921853303909302,0.17416387796401978,0.27728962898254395
2747,23,0.11248902976512909,107,0.9239713400602341,0.7727093662206943,0.5671077504725898,0.00962740182876587,-0.09534847736358643,0.009723246097564697,-0.06051743030548096,0.007491886615753174,-0.03869307041168213
2748,13,0.24564729630947113,38,0.9845922708511352,0.6129298396408558,0.3905325443786982,0.750780463218689,0.7489858269691467,0.7815570831298828,0.7854703664779663,0.77557772397995,0.7805918455123901
2749,5,0.10585945844650269,56,1.6130648851394653,0.5983484163880348,0.4,0.8010616898536682,0.8068726062774658,0.7953234314918518,0.8048491477966309,0.7957387566566467,0.7956655025482178
2750,8,0.37641385197639465,189,0.4669979115327199,0.46431903839111327,0.984375,0.1120869517326355,0.08800476789474487,0.11240112781524658,0.11131811141967773,0.10893875360488892,0.11406207084655762
2751,6,0.15492777526378632,191,1.2185194492340088,0.40570137401421863,0.3333333333333333,0.5354543924331665,0.5002975463867188,0.535004734992981,0.5099825263023376,0.5275347232818604,0.5277836322784424
2752,22,0.2984781265258789,198,0.7245980501174927,0.4522906243801117,0.08264462809917356,0.6727350950241089,0.7119460105895996,0.5300109386444092,0.5814374685287476,0.5426549315452576,0.5420221090316772
2753,19,0.33197668194770813,10,1.3178549855947495,0.6305430501699447,0.3628808864265928,0.6605105400085449,0.5271880626678467,0.6602598428726196,0.637940526008606,0.6606389284133911,0.6821263432502747
2754,21,0.3626791536808014,16,1.4071970383326213,0.4667227814594905,0.6961451247165533,0.7200132608413696,0.6368867754936218,0.6470752954483032,0.7131085991859436,0.6646131873130798,0.6433814764022827
2755,14,0.23990261554718018,2,1.025692343711853,0.9059804461219094,0.04081632653061224,-0.3338198661804199,-0.5121968984603882,-0.23134708404541016,-0.2618439197540283,-0.25326693058013916,-0.3704848289489746
2756,25,0.2009730041027069,198,0.8470606952905655,0.6405127346515656,0.7888,0.03329169750213623,-0.03896939754486084,0.0541573166847229,0.055811941623687744,0.048228323459625244,0.029752731323242188
2757,18,0.11941978335380554,166,0.6898165320356687,0.7675084136426449,0.39814814814814814,0.6911696195602417,0.40194612741470337,0.6807583570480347,0.6692354679107666,0.6944324970245361,0.6898744106292725
2758,17,0.3674187660217285,169,0.7970236539840698,0.628303058942159,0.9307958477508651,0.9060528874397278,0.6780959963798523,0.8240596652030945,0.7787034511566162,0.8531949520111084,0.8409771919250488
2759,10,0.18157246708869934,150,1.270904928445816,0.9504557728767395,0.28,0.004220783710479736,0.02313154935836792,0.0033664703369140625,0.01766347885131836,0.0014016032218933105,0.021488845348358154
2760,9,0.33744171261787415,176,0.5979653000831604,0.581948559731245,0.012345679012345678,-0.011292695999145508,-0.027006983757019043,-0.017975926399230957,-0.01891613006591797,-0.01448976993560791,-0.019882678985595703
2761,19,0.15620198845863342,164,1.360168719291687,0.9326578676700592,0.6481994459833795,-0.0047533512115478516,0.00845479965209961,-0.002189159393310547,-0.007613182067871094,0.003730952739715576,-0.01066577434539795
2762,15,0.3522869646549225,123,0.38214253385861713,0.9532064683735371,0.19111111111111112,-0.012930750846862793,-0.018587589263916016,-0.04003572463989258,-0.013097405433654785,-0.035936594009399414,-0.01582503318786621
2763,3,0.38465288281440735,41,1.6574695110321045,0.5117157697677612,0.8888888888888888,0.7303705215454102,0.6435551643371582,0.7276988625526428,0.7343114018440247,0.7283044457435608,0.7277431488037109
2764,5,0.3425484299659729,83,0.3650815784931183,0.5430047810077667,0.8,-0.008186817169189453,-0.016901731491088867,-0.010591268539428711,-0.009973764419555664,-0.011674642562866211,-0.007959604263305664
2765,24,0.36668112874031067,159,1.5986018180847168,0.5460080633109267,0.2517361111111111,0.5697731971740723,0.5515228509902954,0.5328137278556824,0.5414368510246277,0.47539961338043213,0.4860456585884094
2766,10,0.14192499220371246,118,0.631712943315506,0.7405717436756406,0.41,-0.01186215877532959,0.009175121784210205,-0.005813717842102051,-0.0054847002029418945,-0.007718563079833984,-0.0009925365447998047
2767,16,0.22531849145889282,2,0.42418691515922546,0.5021216319157527,0.234375,0.007172763347625732,0.005299806594848633,0.00493466854095459,0.001477658748626709,0.006412863731384277,-0.0023752450942993164
2768,20,0.14030204713344574,36,1.4897615611553192,0.6856616767389434,0.775,0.3683723211288452,0.37986236810684204,0.3364567756652832,0.3775467872619629,0.32414859533309937,0.3891042470932007
2769,25,0.3058290183544159,70,1.7259180068969726,0.7462684631347656,0.2912,0.9316643476486206,0.7344866394996643,0.926200807094574,0.923587441444397,0.9173006415367126,0.9268813133239746
2770,10,0.36022335290908813,129,0.5050866603851318,0.5570279099047184,0.09,0.3697337508201599,0.40498071908950806,0.36331743001937866,0.3752877712249756,0.3608776330947876,0.38665759563446045
2771,10,0.18404263257980347,170,0.7981772154569626,0.6954395949840546,0.39,0.2656973600387573,0.25505530834198,0.264700710773468,0.2512744665145874,0.2538542151451111,0.26242268085479736
2772,25,0.11241042613983154,60,0.9815000802278518,0.4981201102336248,0.4064,0.5671881437301636,0.5522216558456421,0.6030782461166382,0.5704963207244873,0.5992975234985352,0.5819269418716431
2773,14,0.17638461291790009,131,0.8305726945400238,0.6066159768538042,0.6020408163265306,0.42518794536590576,0.3326594829559326,0.43910694122314453,0.4089031219482422,0.43066251277923584,0.42471373081207275
2774,13,0.1792825311422348,82,0.8670766154925028,0.5800845414400101,0.9467455621301775,0.7992157936096191,0.7179780006408691,0.78305983543396,0.7861526012420654,0.7942807078361511,0.7751929759979248
2775,25,0.12248814851045609,163,1.2859602689743042,0.8484572038054466,0.9392,0.9066253304481506,0.7942949533462524,0.9077080488204956,0.9089702367782593,0.9067888259887695,0.908240020275116
2776,24,0.20205602049827576,44,0.9965687766671181,0.6408833134919405,0.4409722222222222,0.5494260787963867,0.011476337909698486,0.5161803960800171,0.539706826210022,0.5376695394515991,0.47253143787384033
2777,13,0.2139638215303421,128,1.0349266417324543,0.6131663084030151,0.727810650887574,0.8042304515838623,0.7088011503219604,0.8082486391067505,0.8065000772476196,0.8080072999000549,0.8011783361434937
2778,11,0.1003686711192131,129,0.8468479712804159,0.6754831969738007,0.6198347107438017,0.584865152835846,0.19822901487350464,0.5880031585693359,0.5841740965843201,0.5845568180084229,0.5889731645584106
2779,3,0.21081604063510895,86,1.2309376299381256,0.32447269558906555,0.1111111111111111,0.7649605870246887,0.7614976167678833,0.7670241594314575,0.7721645832061768,0.7710634469985962,0.7746440172195435
2780,15,0.28052547574043274,140,1.7763675848642986,0.586018176128467,0.3244444444444444,0.8115702271461487,0.7055730819702148,0.8091959357261658,0.7928518056869507,0.8083142638206482,0.8033548593521118
2781,3,0.18932896852493286,65,2.467452049255371,0.38543759286403656,0.7777777777777778,0.6453363299369812,0.6000498533248901,0.6625108122825623,0.6273543834686279,0.6252860426902771,0.640141487121582
2782,5,0.3253428339958191,54,1.3974292675654094,0.30992454290390015,0.12,0.9128621220588684,0.9144059419631958,0.9120272397994995,0.9029552340507507,0.9095202088356018,0.9060418009757996
2783,23,0.19506867229938507,11,0.724795150756836,0.6789211514923308,0.06427221172022685,0.20009112358093262,0.4477655291557312,0.32346266508102417,0.47080010175704956,0.26748740673065186,0.2676882743835449
2784,18,0.1109083965420723,85,1.1730308175086974,0.48790686749494994,0.37037037037037035,0.25656765699386597,0.18932175636291504,0.2523110508918762,0.24602508544921875,0.2507038712501526,0.2541583776473999
2785,11,0.18502308428287506,105,0.9904404819011688,0.7705615411202112,0.5785123966942148,0.03388005495071411,0.053268492221832275,0.02314436435699463,0.08448958396911621,0.0060176849365234375,0.09994494915008545
2786,7,0.11901846528053284,6,0.860633909702301,0.44805939495563507,0.3673469387755102,0.06146037578582764,-0.05263161659240723,0.038502514362335205,0.0322422981262207,0.06990337371826172,0.015673696994781494
2787,24,0.38010790944099426,16,0.9006776014963785,0.5777396637768972,0.796875,0.047586023807525635,-0.0152815580368042,0.024818241596221924,-0.059152960777282715,0.025897741317749023,-0.04094743728637695
2788,10,0.21313482522964478,52,1.3974770903587341,0.3536268983568464,0.63,0.5097915530204773,0.4855097532272339,0.4599294662475586,0.5097846984863281,0.47833937406539917,0.5342922210693359
2789,9,0.20086641609668732,154,0.6670635044574738,0.4712259829044342,0.1728395061728395,0.7409859299659729,0.7373501062393188,0.735710084438324,0.7370390892028809,0.7376830577850342,0.7399728298187256
2790,17,0.32978540658950806,55,1.237238311767578,0.3945348101357619,0.19377162629757785,0.10295850038528442,0.29916542768478394,0.09905135631561279,0.16378498077392578,0.08888792991638184,0.14830797910690308
2791,19,0.1518830806016922,65,1.2203641533851624,0.5450534437383924,0.5983379501385041,-0.015264630317687988,-0.016290783882141113,-0.0289384126663208,0.01176983118057251,-0.026604056358337402,0.026491641998291016
2792,4,0.18019932508468628,158,0.8326834241549174,0.6499156951904297,0.3125,0.5364233255386353,0.5414894819259644,0.5341473817825317,0.5238752365112305,0.536026120185852,0.5397638082504272
2793,13,0.27492448687553406,78,1.1687680333852768,0.5851477450794644,0.47928994082840237,0.7312878370285034,0.6853363513946533,0.7267200946807861,0.7222751379013062,0.7105063796043396,0.724610447883606
2794,15,0.26901161670684814,42,1.7223793387413024,0.5141368985176087,0.7288888888888889,0.8621377944946289,0.8493225574493408,0.8664085268974304,0.8648220896720886,0.8645715713500977,0.8414590358734131
2795,3,0.2754560708999634,138,1.7111818194389343,0.83404940366745,0.5555555555555556,0.019032776355743408,0.033668339252471924,0.020239830017089844,0.02937847375869751,0.01651674509048462,0.0260312557220459
2796,5,0.14063650369644165,173,0.744261771440506,0.38249313831329346,0.28,0.2174815535545349,0.22204387187957764,0.2150605320930481,0.22021830081939697,0.21867036819458008,0.2217668890953064
2797,17,0.3340034484863281,40,1.367869794368744,0.532663650237597,0.3356401384083045,0.3663793206214905,0.41242218017578125,0.1380944848060608,0.2600858211517334,0.21531182527542114,0.20860445499420166
2798,22,0.16049525141716003,200,1.0926728333745683,0.5828221370776494,0.6446280991735537,0.3127583861351013,0.29822683334350586,0.31185460090637207,0.3116094470024109,0.31280338764190674,0.30853402614593506
2799,20,0.15663833916187286,128,1.3620776103602514,0.642773299054666,0.3025,0.9645829200744629,0.9551370143890381,0.962081789970398,0.9519948363304138,0.9643144607543945,0.9639132022857666
2800,24,0.38382652401924133,82,0.5366377532482147,0.537307086316022,0.8524305555555556,0.7926316261291504,0.7664488554000854,0.7922964096069336,0.7926018834114075,0.7777383327484131,0.7872188091278076
2801,21,0.23410023748874664,145,1.341584388166666,0.4708721839329776,0.024943310657596373,0.7877734899520874,0.8142040967941284,0.7882410883903503,0.7926845550537109,0.7784090042114258,0.771579384803772
2802,19,0.1553841084241867,146,0.9797453641891479,0.6486014425754547,0.48476454293628807,0.7077675461769104,0.37972521781921387,0.7037087678909302,0.6897388696670532,0.7031447291374207,0.6892728805541992
2803,15,0.26466310024261475,58,1.031385987997055,0.6064852969004557,0.7377777777777778,0.14036905765533447,0.07100647687911987,0.1562477946281433,0.11648422479629517,0.16980469226837158,0.10227549076080322
2804,6,0.14888478815555573,130,1.117073158423106,0.4547666907310486,0.027777777777777776,0.03648269176483154,0.03954869508743286,0.03397864103317261,0.03260946273803711,0.031020641326904297,0.0402873158454895
2805,24,0.18211451172828674,85,0.9769413471221924,0.5375912252225374,0.21180555555555555,0.8861000537872314,0.8533820509910583,0.8548378348350525,0.8585243225097656,0.8646662831306458,0.8504713773727417
2806,21,0.18470406532287598,78,1.4275124311447143,0.6553638894110918,0.36281179138321995,0.5726537704467773,0.054535746574401855,0.5834065675735474,0.5184502601623535,0.5860573053359985,0.558599591255188
2807,8,0.3949589431285858,173,1.5543837547302246,0.5014972708054951,1.0,0.9348757266998291,0.7219921350479126,0.8904091715812683,0.8326727151870728,0.8898653984069824,0.8414578437805176
2808,20,0.21787294745445251,193,0.9755505204200745,0.3536375850439072,0.825,0.9397082924842834,0.863563060760498,0.9332705736160278,0.9305704832077026,0.9439290165901184,0.9364035129547119
2809,20,0.16875222325325012,42,0.91724551149777,0.39707455039024353,0.095,0.7108123302459717,0.6613607406616211,0.6937161684036255,0.689966082572937,0.6931307315826416,0.6909686326980591
2810,21,0.23886257410049438,65,0.8506633341312408,0.4233242641477024,0.1927437641723356,0.027722656726837158,0.03327983617782593,0.012155890464782715,0.07176315784454346,0.013627469539642334,0.07386970520019531
2811,22,0.12112042307853699,75,1.0554392513903705,0.6162180738015608,0.7913223140495868,0.7358281016349792,0.3558092713356018,0.7790936231613159,0.7550321221351624,0.7769458293914795,0.7542417049407959
2812,9,0.36111876368522644,161,1.1736629456281662,0.6387986779212952,0.9506172839506173,0.09937578439712524,-0.019397854804992676,0.10928100347518921,0.1291521191596985,0.1115574836730957,0.11901789903640747
2813,18,0.22887225449085236,26,1.1324071032660348,0.6123559095642783,0.9290123456790124,0.5462309122085571,0.45041942596435547,0.5255815982818604,0.475555956363678,0.5225061178207397,0.5078989267349243
2814,25,0.23782211542129517,168,1.832994818687439,0.7139593891122125,0.776,0.7857763767242432,0.7297216653823853,0.7583311200141907,0.7646907567977905,0.7607314586639404,0.7478538155555725
2815,15,0.23543474078178406,19,0.38050296902656555,0.6524370541939368,0.4266666666666667,0.43929916620254517,0.442602276802063,0.43286365270614624,0.42181408405303955,0.444476842880249,0.46325623989105225
2816,12,0.2723371386528015,5,1.3438563272356987,0.739018153399229,0.6111111111111112,-0.09641289710998535,-0.3758847713470459,-0.04692482948303223,-0.16196107864379883,-0.1284341812133789,-0.15981459617614746
2817,9,0.12886680662631989,76,1.4367904305458068,0.4068553298711777,0.7777777777777778,0.4339882731437683,0.26963967084884644,0.4373512268066406,0.4305480122566223,0.43730562925338745,0.4398989677429199
2818,11,0.3010675013065338,191,1.3790845274925232,0.7487313821911812,0.859504132231405,0.35810667276382446,0.3461679220199585,0.3543131947517395,0.3498949408531189,0.35512739419937134,0.3579503297805786
2819,21,0.33168405294418335,167,0.7662773132324219,0.5715871861106471,0.1360544217687075,-0.07393717765808105,-0.028549909591674805,-0.09464371204376221,-0.06679940223693848,-0.0793529748916626,-0.08377766609191895
2820,9,0.280719518661499,11,0.6187596321105957,0.7033804101603371,0.345679012345679,0.5845431685447693,0.5708127021789551,0.5719219446182251,0.5990053415298462,0.5543550252914429,0.6044007539749146
2821,20,0.11037175357341766,30,0.9353940356522799,0.47310491402943927,0.9725,-0.013545513153076172,-0.1462801694869995,-0.007653474807739258,-0.01890850067138672,-0.005889296531677246,-0.041800618171691895
2822,13,0.2169002741575241,159,1.6229666620492935,0.4582154005765915,0.09467455621301775,0.5922961235046387,0.5214923620223999,0.6031591296195984,0.5879064798355103,0.5792031288146973,0.5849655866622925
2823,25,0.10012651234865189,174,1.12710343003273,0.7105956226587296,0.24,0.051802635192871094,0.02618163824081421,0.050839364528656006,0.05569946765899658,0.05025666952133179,0.05262500047683716
2824,7,0.3219466209411621,187,0.8740941397845745,0.48673001925150555,0.46938775510204084,0.4806603789329529,0.17233222723007202,0.46619606018066406,0.46606212854385376,0.45360708236694336,0.4709048867225647
2825,6,0.10045746713876724,76,2.2442039251327515,0.48171379168828327,0.8888888888888888,-0.11119270324707031,-0.012918949127197266,-0.036336660385131836,0.04244375228881836,-0.20003926753997803,0.05430334806442261
2826,20,0.1285451203584671,10,0.7390937336853572,0.6818383313142337,0.755,0.10057848691940308,0.18662256002426147,0.05253016948699951,0.2098117470741272,0.044992923736572266,0.13931667804718018
2827,20,0.306064248085022,71,1.4276825040578842,0.6456245444715023,0.7475,0.8195948004722595,0.7420712113380432,0.7943403720855713,0.8071836829185486,0.8130435943603516,0.8252149820327759
2828,18,0.13129955530166626,183,1.6627726058165233,0.5878225117921829,0.8827160493827161,0.625299334526062,0.6159813404083252,0.6067975163459778,0.6130553483963013,0.6169061660766602,0.6265814304351807
2829,24,0.19433659315109253,38,0.9464799165725708,0.623793311024967,0.036458333333333336,-0.014333844184875488,0.3015049695968628,0.0036867260932922363,0.2302943468093872,-0.002168893814086914,0.2578808665275574
2830,19,0.2794983983039856,65,0.987754762172699,0.6003467758496602,0.14127423822714683,0.6051856279373169,0.7815298438072205,0.5649115443229675,0.6109103560447693,0.5851074457168579,0.6666816473007202
2831,14,0.28943243622779846,116,1.0781645104289055,0.514057382941246,0.7908163265306123,-0.027500271797180176,-0.0355759859085083,-0.023189425468444824,-0.022753596305847168,-0.025961875915527344,-0.01731419563293457
2832,12,0.2302311807870865,167,0.6523663004239401,0.7874020338058472,0.2777777777777778,0.5952932834625244,0.6532989740371704,0.5493620038032532,0.5946787595748901,0.5590648651123047,0.5931079983711243
2833,6,0.17053574323654175,34,1.3976884086926777,0.3998878002166748,1.0,0.8204963207244873,0.7098753452301025,0.7910632491111755,0.8179974555969238,0.8003538846969604,0.7836695313453674
2834,14,0.11207647621631622,46,1.154201558658055,0.7442155863557544,0.9897959183673469,0.33507639169692993,0.009571254253387451,0.3286343812942505,0.33277368545532227,0.3122585415840149,0.3265720009803772
2835,3,0.33330368995666504,98,2.1679067611694336,0.5904951989650726,0.1111111111111111,0.014275789260864258,0.03649449348449707,0.03339719772338867,0.03772318363189697,0.032674193382263184,0.023988306522369385
2836,24,0.28987666964530945,146,0.6058669884999593,0.5884453420128141,0.7274305555555556,0.6673070192337036,0.649590015411377,0.679904580116272,0.6577134728431702,0.6621565818786621,0.6553913354873657
2837,12,0.2364424467086792,115,0.6343336602052053,0.7332330346107483,0.4236111111111111,0.04847961664199829,0.034940242767333984,0.08727121353149414,0.08151519298553467,0.06743931770324707,0.06611347198486328
2838,12,0.1748936027288437,123,0.738707015911738,0.3906549687186877,0.3680555555555556,0.4642013907432556,0.46585512161254883,0.4863276481628418,0.5378077030181885,0.49822312593460083,0.5203430652618408
2839,13,0.20457880198955536,145,0.42706864327192307,0.5081407494015164,0.13609467455621302,0.35798537731170654,0.391687273979187,0.37155574560165405,0.34465861320495605,0.3742573857307434,0.32672572135925293
2840,13,0.1082322970032692,169,0.7668605297803879,0.672385162115097,0.44970414201183434,0.0705862045288086,0.0590665340423584,0.05184704065322876,0.0441555380821228,0.05488753318786621,0.03216308355331421
2841,10,0.2662375569343567,40,1.4235634982585907,0.8505393505096436,0.17,0.1231963038444519,0.13482946157455444,0.12081485986709595,0.12341547012329102,0.0579606294631958,0.14889991283416748
2842,15,0.1808505654335022,24,1.0117118209600449,0.6551870869265662,0.10666666666666667,0.011719882488250732,-0.015821218490600586,-0.009346604347229004,0.057908833026885986,0.009365499019622803,0.0006129741668701172
2843,8,0.10926871746778488,53,0.8521998643875122,0.5124166309833527,0.609375,-0.0387953519821167,-0.019104719161987305,-0.0012613534927368164,-0.024665355682373047,-0.032604336738586426,-0.023752212524414062
2844,19,0.11513634026050568,135,1.4076085686683655,0.6809503755399159,0.6094182825484764,0.5915148258209229,0.029758572578430176,0.5533043146133423,0.3940541744232178,0.5186580419540405,0.44970953464508057
2845,7,0.19251790642738342,129,1.1160409972071648,1.2489982843399048,0.04081632653061224,0.027692794799804688,0.03938776254653931,0.028519034385681152,0.038321495056152344,0.03230392932891846,0.032645583152770996
2846,13,0.2438419908285141,14,1.4269562065601349,0.4984102086587386,0.47928994082840237,0.03013157844543457,0.012544751167297363,0.01644432544708252,-0.008608460426330566,0.01910322904586792,-0.005466461181640625
2847,24,0.15727198123931885,84,0.975789412856102,0.8081862725317478,0.013888888888888888,0.09085625410079956,0.14963823556900024,0.0521206259727478,-0.03658699989318848,-0.0016878843307495117,0.1545621156692505
2848,14,0.20394936203956604,183,0.7852123379707336,0.7787031368775801,0.9642857142857143,0.333282470703125,0.19591516256332397,0.3378340005874634,0.3091808557510376,0.34510427713394165,0.31066006422042847
2849,15,0.1502809375524521,69,0.7872802257537842,0.49406327307224274,0.49333333333333335,0.7590829133987427,0.2447940707206726,0.7605198621749878,0.745514452457428,0.7655252814292908,0.7314084768295288
2850,9,0.1235751360654831,130,0.6220203697681427,0.5637392774224281,0.2962962962962963,0.2642335891723633,0.2653663158416748,0.2635290026664734,0.2653271555900574,0.26429080963134766,0.2642991542816162
2851,25,0.13960623741149902,14,0.8473351432217492,0.6385200088843703,0.2576,-0.012464284896850586,-0.03193306922912598,-0.01399087905883789,-0.010712385177612305,-0.01626765727996826,-0.03162217140197754
2852,13,0.21220077574253082,75,0.961273804306984,0.4798837751150131,0.33727810650887574,0.5731842517852783,0.5551875829696655,0.5646360516548157,0.5610086917877197,0.5505012273788452,0.5750704407691956
2853,4,0.36774659156799316,159,1.4620699882507324,0.46256496012210846,0.5625,0.7005242109298706,0.6649508476257324,0.7001634836196899,0.7001945972442627,0.6989161372184753,0.699557900428772
2854,16,0.1915910392999649,144,0.914443165063858,0.8420334731539091,0.55078125,0.15066951513290405,0.12610965967178345,0.14995861053466797,0.1757081151008606,0.15019088983535767,0.15285241603851318
2855,13,0.24392828345298767,152,0.8125228956341743,0.5502540336714851,0.5502958579881657,0.16892004013061523,0.09489607810974121,0.1672762632369995,0.16729110479354858,0.16446411609649658,0.16566407680511475
2856,17,0.33446016907691956,29,1.0465792417526245,0.54877998147692,0.671280276816609,0.03670835494995117,0.03799307346343994,-0.012815594673156738,-0.04436004161834717,-0.00715792179107666,0.01955258846282959
2857,13,0.3810049891471863,34,1.1116878390312195,0.5753591838810179,0.46745562130177515,-0.01383507251739502,-0.0018439292907714844,-0.0070067644119262695,0.05371546745300293,-0.010748982429504395,0.051685333251953125
2858,12,0.18176008760929108,29,0.9648970291018486,0.5307030268013477,0.875,0.6695239543914795,0.45591598749160767,0.6412562131881714,0.6028835773468018,0.6431092619895935,0.6262479424476624
2859,10,0.3875703513622284,22,1.4468385875225067,0.5024970347682635,0.91,0.614397406578064,0.11590057611465454,0.5459517240524292,0.6971104145050049,0.5933938026428223,0.605889618396759
2860,21,0.1924223005771637,110,1.1108173727989197,0.4993191782165976,0.034013605442176874,0.14396518468856812,0.2825828790664673,0.16384553909301758,0.23473036289215088,0.16233670711517334,0.20933479070663452
2861,17,0.25289076566696167,70,1.2494014352560043,0.4473605236181846,0.7750865051903114,0.3466547131538391,0.23618096113204956,0.33656764030456543,0.30083197355270386,0.3177714943885803,0.3194483518600464
2862,4,0.110469289124012,56,0.9291847149531046,0.643150806427002,0.75,0.005574047565460205,0.03182268142700195,0.006736159324645996,-0.012766242027282715,0.005410432815551758,-0.001458883285522461
2863,25,0.22742551565170288,70,1.028271245956421,0.5981907807290554,0.8384,0.7328732013702393,0.6485224962234497,0.7119439840316772,0.7277263402938843,0.7509130835533142,0.7509914636611938
2864,9,0.19316020607948303,187,1.4833627045154572,0.6554888359137944,0.24691358024691357,0.9300896525382996,0.9305652976036072,0.9291703104972839,0.9296010136604309,0.9304146766662598,0.9300969243049622
2865,7,0.11868765950202942,184,1.201214897632599,0.9447596222162247,0.061224489795918366,0.6571972370147705,0.6565070152282715,0.6579316258430481,0.6594887971878052,0.6555473804473877,0.657660722732544
2866,7,0.2018476128578186,40,1.2294695973396301,0.4508795440196991,0.20408163265306123,0.05974233150482178,0.0968366265296936,0.07862073183059692,0.05308711528778076,0.061325132846832275,0.06484812498092651
2867,14,0.29812532663345337,7,1.2706393748521805,0.6691733986139298,0.030612244897959183,-0.15487825870513916,0.11060786247253418,-0.052307724952697754,-0.0871424674987793,-0.03832089900970459,-0.15110719203948975
2868,7,0.31117379665374756,114,1.6661730408668518,0.3477200170358022,0.6938775510204082,0.6731738448143005,0.6625806093215942,0.6543759107589722,0.6843212842941284,0.6542180776596069,0.6761548519134521
2869,8,0.20175997912883759,158,1.4210609644651413,0.8698324412107468,0.90625,-0.018708229064941406,-0.0704878568649292,-0.022978544235229492,-0.03321433067321777,-0.027157187461853027,-0.02609848976135254
2870,22,0.1265309453010559,38,0.8357681546892438,0.5165262401103974,0.5578512396694215,0.48113512992858887,0.06155383586883545,0.4923698902130127,0.46405327320098877,0.48919618129730225,0.4781181812286377
2871,5,0.3544518053531647,15,1.738484501838684,0.6383545398712158,0.92,0.8931959271430969,0.8030782341957092,0.8869831562042236,0.9020335674285889,0.8892560601234436,0.9023611545562744
2872,15,0.1714630126953125,112,1.0747873385747273,0.6045398227870464,0.3422222222222222,0.002837657928466797,0.1312606930732727,0.04213356971740723,0.13065212965011597,0.020537912845611572,0.14389199018478394
2873,23,0.3193674683570862,120,0.8935623705387116,0.655002637869782,0.030245746691871456,0.39648008346557617,0.25399261713027954,0.40693867206573486,0.3649396300315857,0.3521353006362915,0.34022587537765503
2874,7,0.21076753735542297,76,0.7740963995456696,0.7352871224284172,0.2653061224489796,0.0211675763130188,0.01656419038772583,0.019655048847198486,0.02065175771713257,0.012639105319976807,0.02288031578063965
2875,14,0.3221067786216736,186,0.8947964012622833,0.9631637245416641,0.20408163265306123,0.8859891295433044,0.9105302095413208,0.8157936334609985,0.9134638905525208,0.8166730999946594,0.9090069532394409
2876,4,0.34896454215049744,33,0.20563381910324097,0.6373078127702078,0.5625,-0.3249092102050781,0.03669089078903198,-0.4192134141921997,-0.060465455055236816,-0.31195294857025146,-0.10859954357147217
2877,21,0.22218693792819977,103,0.4075479060411453,0.6494881651903454,0.6757369614512472,0.25346601009368896,0.14554595947265625,0.23772048950195312,0.24901729822158813,0.24829304218292236,0.22104597091674805
2878,24,0.1852807104587555,131,1.0929335355758667,0.5850800089538097,0.1892361111111111,0.6120765209197998,0.6287014484405518,0.6118372082710266,0.6007446050643921,0.6120843291282654,0.6082100868225098
2879,23,0.10507635772228241,182,0.564682012796402,0.5694796078734927,0.3648393194706994,0.8380441665649414,0.8498542904853821,0.8491331934928894,0.8405969738960266,0.8436657190322876,0.8478984832763672
2880,19,0.13503411412239075,76,0.8528918512165546,0.5416147569815318,0.37950138504155123,0.7207406759262085,0.31317979097366333,0.7204180955886841,0.7234022617340088,0.7198482155799866,0.7264125943183899
2881,21,0.275814026594162,160,1.1777392029762268,0.6013220504802816,0.2585034013605442,0.4489699602127075,0.49935775995254517,0.3976426124572754,0.4199035167694092,0.3959323763847351,0.4722002148628235
2882,20,0.2155746966600418,111,1.4178643226623535,0.6483754024786108,0.15,0.9013235569000244,0.8239248991012573,0.8999121785163879,0.8953651785850525,0.9031249284744263,0.8801323175430298
2883,20,0.28977110981941223,189,1.1392292976379395,0.47118595159716076,0.995,0.3066478371620178,0.2731713056564331,0.3093346953392029,0.27606385946273804,0.3099480867385864,0.261522114276886
2884,18,0.20660941302776337,40,1.3782103742871965,0.7420965555039319,0.25925925925925924,0.7967886924743652,0.7127801179885864,0.696792483329773,0.7185635566711426,0.7548953890800476,0.7935330271720886
2885,14,0.10670885443687439,115,1.6752850115299225,0.6274427175521851,0.04081632653061224,0.46183866262435913,0.44410240650177,0.4607951045036316,0.4452599287033081,0.46135491132736206,0.44186580181121826
2886,19,0.17690111696720123,125,1.188847154378891,0.7002161629498005,0.9473684210526315,0.8627027273178101,0.8165689706802368,0.8513761758804321,0.84451824426651,0.8443195819854736,0.8491999506950378
2887,8,0.3209691643714905,10,1.121325433254242,0.5128241591155529,0.4375,0.030613303184509277,0.031654417514801025,0.12612080574035645,0.25529950857162476,0.02977389097213745,0.26622605323791504
2888,15,0.26298221945762634,175,0.558643584450086,0.5336641247073809,0.9822222222222222,0.2859020233154297,0.15370029211044312,0.26558393239974976,0.2980767488479614,0.2913438677787781,0.25479185581207275
2889,9,0.3497370779514313,21,0.9642652273178101,0.4131397690091814,1.0,0.8400556445121765,0.5907934904098511,0.7816746234893799,0.8420131206512451,0.7979909181594849,0.8169060945510864
2890,24,0.1148013025522232,149,1.4186267256736755,0.5291851601179909,0.8072916666666666,-0.06118285655975342,-0.11512386798858643,-0.07728862762451172,-0.13636207580566406,-0.10450637340545654,-0.10826778411865234
2891,8,0.16997139155864716,174,0.6908101737499237,0.8725975006818771,0.0,0.34498244524002075,0.4074863791465759,0.3588525056838989,0.4101863503456116,0.3662044405937195,0.40586185455322266
2892,12,0.20255796611309052,41,1.1702003975709279,0.5475945522387823,0.2986111111111111,0.19997692108154297,0.285103440284729,0.26875293254852295,0.28223884105682373,0.2790628671646118,0.1982308030128479
2893,12,0.3681677281856537,179,1.4467249313990276,0.8988646335071988,0.8263888888888888,0.7669097185134888,0.6532239317893982,0.766549289226532,0.769831657409668,0.7621714472770691,0.7605080604553223
2894,16,0.24878977239131927,69,1.0099851191043854,0.583492082854112,0.39453125,0.18127870559692383,0.06797045469284058,0.17845726013183594,0.1917637586593628,0.17839652299880981,0.18109971284866333
2895,7,0.23342597484588623,64,1.49634450674057,0.5967241128285726,0.40816326530612246,0.22979778051376343,0.06267642974853516,0.2101815938949585,0.17159384489059448,0.21015632152557373,0.19548958539962769
2896,13,0.38865476846694946,122,1.6109525561332703,0.5311049019748514,0.3431952662721893,0.8930459022521973,0.8924318552017212,0.891344428062439,0.8838311433792114,0.8931395411491394,0.8865752816200256
2897,14,0.2536320388317108,31,1.162072906891505,0.6423776894807816,0.16326530612244897,-0.7386460304260254,-0.15515458583831787,-0.7571440935134888,-0.3350290060043335,-0.72206711769104,-0.2761545181274414
2898,5,0.14792108535766602,185,1.6899329274892807,0.3352222740650177,0.24,0.47891610860824585,0.47554969787597656,0.47863560914993286,0.48946452140808105,0.4929938316345215,0.5170390605926514
2899,12,0.19868923723697662,144,0.7785933911800385,0.4118902124464512,0.8541666666666666,0.7122794389724731,0.28065890073776245,0.6947957873344421,0.7010010480880737,0.7045441269874573,0.6785345077514648
2900,14,0.2543867230415344,177,1.548793911933899,0.5593933403491974,0.8571428571428571,0.2862433195114136,0.11596208810806274,0.2810293436050415,0.28088831901550293,0.2806941866874695,0.275010883808136
2901,20,0.39344096183776855,50,0.9805565774440765,0.6101723859707514,0.2175,0.8399608135223389,0.6806014180183411,0.7617961764335632,0.722675085067749,0.783079981803894,0.6410480737686157
2902,6,0.3938021659851074,122,0.4590609073638916,0.44679780801137287,0.5833333333333334,0.5338225364685059,0.5390056371688843,0.532296895980835,0.543494701385498,0.5330498814582825,0.5324138402938843
2903,24,0.29314783215522766,62,0.6554380257924398,0.6800614723137447,0.026041666666666668,0.4499921202659607,0.5915437340736389,0.4611656665802002,0.4380446672439575,0.45998048782348633,0.4168057441711426
2904,18,0.17427925765514374,138,0.7705511748790741,0.5636489189096859,0.29012345679012347,0.9586402773857117,0.9404311776161194,0.9604287147521973,0.9557592272758484,0.9553065299987793,0.950529932975769
2905,18,0.23757173120975494,89,0.6296736001968384,0.6816242393106222,0.4351851851851852,0.3728128671646118,0.3864041566848755,0.3646048903465271,0.38341671228408813,0.35518956184387207,0.36878663301467896
2906,24,0.23284384608268738,174,1.154710602760315,0.461246783011838,0.6770833333333334,0.7569097280502319,0.5827304720878601,0.646946907043457,0.6216756105422974,0.6571499109268188,0.6551482677459717
2907,23,0.25131282210350037,4,0.9955078735947609,0.5426289705853713,0.24574669187145556,-0.32959914207458496,0.2695881128311157,-0.42245709896087646,0.010100126266479492,-0.5684691667556763,-0.1225728988647461
2908,11,0.3392690420150757,153,0.4802062101662159,0.5141888090542385,0.2809917355371901,0.4697929620742798,0.47152018547058105,0.4584807753562927,0.4614914655685425,0.46001458168029785,0.45118993520736694
2909,11,0.3722943961620331,179,1.971836805343628,0.43758944272994993,0.10743801652892562,0.7825284004211426,0.7733603715896606,0.7797976136207581,0.7769889235496521,0.7792859077453613,0.7729898691177368
2910,17,0.15205118060112,137,0.8878915565354484,0.35921659767627717,0.47750865051903113,-0.0037842988967895508,0.002467036247253418,-0.009928107261657715,0.0022746920585632324,-0.015471577644348145,0.003370225429534912
2911,22,0.12518538534641266,26,1.943974256515503,0.5170711800456047,0.1797520661157025,0.3739652633666992,0.3370283842086792,0.37494516372680664,0.35073739290237427,0.3683239221572876,0.37113356590270996
2912,13,0.11436870694160461,152,0.9070900806358883,0.4318836107850075,0.1301775147928994,0.9175979495048523,0.9158081412315369,0.9187408685684204,0.9168262481689453,0.9184121489524841,0.918403148651123
2913,22,0.26689809560775757,131,0.8727985521157583,0.7839116673720511,0.22107438016528927,0.691046953201294,0.7840627431869507,0.5237095952033997,0.689896821975708,0.47003018856048584,0.5176517963409424
2914,18,0.3489041030406952,105,2.137945055961609,0.5456777619464057,0.3950617283950617,0.6947960257530212,0.5449841022491455,0.6627050638198853,0.5395549535751343,0.6192426681518555,0.5804013013839722
2915,15,0.12763473391532898,96,1.3592021651566029,0.7533776334353856,0.4444444444444444,0.02450770139694214,0.021561920642852783,0.01994621753692627,0.03624093532562256,0.018917381763458252,0.04794871807098389
2916,7,0.27295997738838196,73,1.201933483282725,0.5450860261917114,0.20408163265306123,0.009279370307922363,-0.05567121505737305,0.005264699459075928,-0.00603175163269043,0.009387552738189697,-0.012295722961425781
2917,5,0.14794807136058807,159,1.2243013580640156,0.34363336861133575,0.4,0.25880908966064453,0.2598750591278076,0.2639560103416443,0.26107925176620483,0.2611315846443176,0.262542188167572
2918,6,0.19057133793830872,36,1.5706661939620972,0.8956758677959442,0.1388888888888889,0.5586048364639282,0.5276628732681274,0.5532270669937134,0.543696939945221,0.5738623142242432,0.5714032649993896
2919,21,0.15030376613140106,38,1.8334295511245728,0.6495822444558144,0.8027210884353742,0.1337938904762268,-0.0905987024307251,0.13668471574783325,0.12605220079421997,0.13756537437438965,0.1113705039024353
2920,19,0.3997197449207306,158,0.6800605058670044,0.5777758403736002,0.5401662049861495,-0.002126455307006836,0.05631810426712036,-0.012432098388671875,0.04886907339096069,-0.014946579933166504,0.025661826133728027
2921,19,0.31278231739997864,189,0.6221810728311539,0.5987567743834328,0.9889196675900277,0.27300071716308594,0.09337931871414185,0.24132764339447021,0.21623533964157104,0.22215086221694946,0.29361236095428467
2922,12,0.1681881994009018,57,1.0295471400022507,0.5687612116336822,0.8402777777777778,0.7569030523300171,0.4029601812362671,0.7423503994941711,0.7467271089553833,0.7394119501113892,0.7676163911819458
2923,21,0.11882492899894714,79,0.9509779065847397,0.6930885807825968,0.7981859410430839,0.12660819292068481,0.029057800769805908,0.13454324007034302,0.1088762879371643,0.12778103351593018,0.10982638597488403
2924,25,0.2961079776287079,16,0.9039261549711227,0.7328415013849735,0.5168,-0.08365583419799805,-0.38721156120300293,-0.06144118309020996,-0.09242391586303711,-0.06893086433410645,-0.0674276351928711
2925,4,0.134908527135849,194,1.0704803069432576,1.1258141994476318,0.9375,0.1349894404411316,0.07740646600723267,0.13244390487670898,0.13288134336471558,0.1326393485069275,0.13262128829956055
2926,22,0.11808651685714722,166,1.2754104495048524,0.6070268427332243,0.6260330578512396,0.3972117304801941,0.40636730194091797,0.40633076429367065,0.38539397716522217,0.4083457589149475,0.4036743640899658
2927,23,0.21639782190322876,154,0.8500930021206538,0.42143996953964236,0.31190926275992437,-0.0626058578491211,0.026679813861846924,-0.07637894153594971,-0.052578091621398926,-0.07718753814697266,-0.06728470325469971
2928,5,0.21707288920879364,121,2.324252963066101,0.5126733481884003,0.88,0.2150123119354248,0.018796980381011963,0.22722458839416504,0.22082138061523438,0.22698330879211426,0.22960525751113892
2929,11,0.37528836727142334,178,1.123922049999237,0.6806893561567579,0.7851239669421488,0.2593623995780945,-0.012756943702697754,0.1678575873374939,0.18504571914672852,0.16878408193588257,0.21336424350738525
2930,14,0.22500139474868774,40,0.5028412878513336,0.6412399179405637,0.6989795918367347,0.12779086828231812,0.2286810278892517,0.13116127252578735,0.24244415760040283,0.13236117362976074,0.2464308738708496
2931,12,0.21342463791370392,36,1.114106914826802,0.7688048899173736,0.027777777777777776,0.924024760723114,0.9225990176200867,0.9223636984825134,0.9248020648956299,0.9242397546768188,0.9217193722724915
2932,17,0.10730065405368805,186,0.6484512649476528,0.6753802167044746,0.5190311418685121,-0.019908785820007324,-0.00021791458129882812,-0.006120562553405762,-0.015238761901855469,-0.008022665977478027,-0.014983177185058594
2933,25,0.35017144680023193,22,0.3164355307817459,0.5621900325236113,0.5888,0.13105076551437378,0.04096019268035889,0.0661134123802185,0.08098471164703369,0.09126287698745728,0.07492274045944214
2934,22,0.12173120677471161,162,0.8723970105250677,0.6053374317976145,0.4607438016528926,0.0021439790725708008,0.1064874529838562,0.015418648719787598,0.07213979959487915,0.0235137939453125,0.06746184825897217
2935,9,0.16223357617855072,47,0.4713766574859619,0.4685413897037506,0.8024691358024691,0.3541920781135559,0.34575581550598145,0.35185372829437256,0.34634101390838623,0.34655725955963135,0.35212308168411255
2936,23,0.1767551153898239,163,1.2201861639817555,0.7543603611343047,0.2551984877126654,0.023304104804992676,0.03617936372756958,-0.0031317472457885742,0.048502326011657715,0.0013054609298706055,0.05147707462310791
2937,17,0.15724968910217285,123,1.0561557859182358,0.6817183230931942,0.2041522491349481,-0.02898085117340088,-0.003225564956665039,-0.03837990760803223,-0.010630488395690918,-0.03310191631317139,-0.015471696853637695
2938,22,0.3659120500087738,195,0.7097155551115671,0.5645427319564318,0.8078512396694215,0.6960269808769226,0.18254804611206055,0.50397789478302,0.5834880471229553,0.5220301747322083,0.5334186553955078
2939,3,0.38840609788894653,45,1.342983901500702,0.22778791189193726,0.6666666666666666,0.08818477392196655,-0.004230856895446777,0.11987113952636719,0.09090131521224976,0.0910179615020752,0.08455890417098999
2940,10,0.1473090946674347,120,0.8308198273181915,0.6764476478099823,0.78,0.4232935309410095,0.09773188829421997,0.42443734407424927,0.4334833025932312,0.42068982124328613,0.43423914909362793
2941,9,0.21584559977054596,34,0.9103861302137375,0.47370187044143675,0.8888888888888888,0.2724418640136719,0.1134147047996521,0.27292460203170776,0.27353841066360474,0.24810391664505005,0.27535998821258545
2942,23,0.3842254877090454,171,1.2843038539091747,0.5535487197339535,0.7901701323251418,0.5930384397506714,0.47528326511383057,0.5864534974098206,0.5694190263748169,0.5930073261260986,0.5874414443969727
2943,15,0.2642287015914917,23,0.8586143553256989,0.6378661583770405,0.56,0.6977005004882812,0.6963198184967041,0.692365288734436,0.729351818561554,0.6876303553581238,0.7266932725906372
2944,18,0.38701367378234863,181,0.6770329177379608,0.47093473970890043,0.808641975308642,0.8860865831375122,0.567619800567627,0.8753431439399719,0.8236992359161377,0.8691582679748535,0.832958996295929
2945,22,0.2830532193183899,50,1.5075393120447795,0.5406010017583245,0.010330578512396695,0.17383837699890137,0.2317655086517334,0.08784502744674683,0.20910316705703735,0.06159490346908569,0.15227127075195312
2946,9,0.345449835062027,14,0.41552624106407166,0.5988563639777047,0.9012345679012346,0.5337234139442444,0.6271805763244629,0.5074906349182129,0.544560432434082,0.4939570426940918,0.6058642864227295
2947,3,0.22854933142662048,10,1.1676886677742004,1.9978468418121338,0.6666666666666666,-0.08908116817474365,-0.01841747760772705,-0.09260082244873047,-0.040418386459350586,-0.06998932361602783,-0.051799893379211426
2948,22,0.16098664700984955,44,0.8342477679252625,0.7912441194057465,0.26859504132231404,0.23550063371658325,0.1918480396270752,0.21146070957183838,0.1061934232711792,0.19079047441482544,0.13781505823135376
2949,18,0.16971029341220856,38,1.6005802989006042,0.7667864217207983,0.7469135802469136,0.5149733424186707,0.24965661764144897,0.44454920291900635,0.21237367391586304,0.4576796293258667,0.2511864900588989
2950,24,0.192240372300148,21,1.5068220607936382,0.5231350883841515,0.4427083333333333,0.0648452639579773,0.019229888916015625,0.042967915534973145,0.0616602897644043,0.06159770488739014,0.07918155193328857
2951,24,0.18804390728473663,33,1.0134499271710713,0.7059118259284232,0.96875,0.01283109188079834,-0.02847123146057129,0.01113981008529663,0.003207266330718994,0.006948232650756836,0.024126827716827393
2952,13,0.12178017944097519,190,0.5415662800272306,0.8730873720986503,0.011834319526627219,0.17007029056549072,0.22141236066818237,0.12547481060028076,0.20626723766326904,0.15287697315216064,0.2079066038131714
2953,4,0.32278120517730713,85,0.9861955642700195,0.7869102954864502,0.6875,-0.022436141967773438,-0.014215707778930664,-0.027508139610290527,-0.023320555686950684,-0.02069103717803955,-0.025980830192565918
2954,25,0.12152080237865448,24,1.2634403457244237,0.44468944147229195,0.5648,0.20277339220046997,0.24575728178024292,0.19834983348846436,0.30381864309310913,0.17439156770706177,0.27339863777160645
2955,22,0.10801758617162704,104,1.332581205027444,0.5763472924629848,0.13429752066115702,0.4417303800582886,0.4530335068702698,0.4418948292732239,0.43251287937164307,0.44626593589782715,0.43215250968933105
2956,20,0.18937833607196808,191,0.7697579537828764,0.6218278706073761,0.63,0.7928860187530518,0.3448737859725952,0.7620382308959961,0.8063092231750488,0.8032978773117065,0.816559374332428
2957,10,0.3400859236717224,173,0.4263915419578552,0.71005669898457,0.57,0.4893178343772888,0.4218139052391052,0.48298466205596924,0.48877859115600586,0.47848814725875854,0.45801806449890137
2958,19,0.22299645841121674,18,1.4581530690193176,0.3890584260225296,0.24376731301939059,0.42289137840270996,0.3279341459274292,0.40235060453414917,0.26693063974380493,0.3133676052093506,0.25603026151657104
2959,24,0.14976757764816284,11,0.99341656640172,0.5469076089560986,0.3159722222222222,0.2569851279258728,0.3686925172805786,0.017751634120941162,0.5294361114501953,0.19061625003814697,0.5187630653381348
2960,22,0.27220767736434937,159,1.9888300100962322,0.6611153734357733,0.5020661157024794,0.5477017164230347,0.4022570848464966,0.5241165161132812,0.5334408283233643,0.5224504470825195,0.5243412256240845
2961,16,0.10134559124708176,34,0.8629704043269157,0.4379149191081524,0.69140625,-0.04497098922729492,0.0824081301689148,-0.07503044605255127,-0.02519547939300537,-0.059720396995544434,-0.04753768444061279
2962,11,0.22970077395439148,63,1.2616755217313766,0.7310367396899632,0.4049586776859504,0.003933131694793701,0.02566087245941162,0.007946550846099854,0.0156400203704834,0.00875711441040039,0.012133955955505371
2963,10,0.11825679987668991,145,1.3003962536652882,0.7955682501196861,0.66,0.7507732510566711,0.606620728969574,0.7450957894325256,0.7468870878219604,0.7488195896148682,0.7495018243789673
2964,18,0.3774992525577545,174,0.6088253110647202,0.7797400663296382,0.4104938271604938,0.00758814811706543,0.021695256233215332,0.0048996806144714355,0.02795720100402832,0.00995701551437378,0.019212782382965088
2965,10,0.11537189036607742,68,0.8894116772072655,0.2925774206717809,0.29,0.4707024097442627,0.44882386922836304,0.46881216764450073,0.45753443241119385,0.4711482524871826,0.46768343448638916
2966,24,0.208176389336586,107,0.9985963106155396,0.6353117376565933,0.17708333333333334,0.7834842205047607,0.8124701976776123,0.7870528697967529,0.7771923542022705,0.7837064862251282,0.7719346284866333
2967,16,0.13810373842716217,81,0.7679824322462082,0.4778585160772006,0.73046875,0.835831880569458,0.7279520630836487,0.8385730385780334,0.8356980681419373,0.8353110551834106,0.8402441740036011
2968,13,0.18863354623317719,19,0.6958421766757965,0.5889495015144348,0.1893491124260355,0.2721160054206848,0.1510748267173767,0.26518571376800537,0.20782828330993652,0.25857263803482056,0.20249974727630615
2969,5,0.35696014761924744,194,1.3839352528254192,0.6506034135818481,0.24,0.07270044088363647,0.082730233669281,0.08021938800811768,0.07932955026626587,0.08272409439086914,0.07685518264770508
2970,12,0.2569677233695984,151,0.9753003716468811,0.5536652588182025,0.18055555555555555,0.4652029871940613,0.4496878385543823,0.46174436807632446,0.4373500943183899,0.45961296558380127,0.4481787085533142
2971,13,0.20853395760059357,69,0.3484213352203369,0.4895766168832779,0.0650887573964497,0.17739981412887573,0.19716638326644897,0.1858697533607483,0.213442862033844,0.19691455364227295,0.20871758460998535
2972,11,0.18403521180152893,187,0.999824994802475,0.5895763436953226,0.1487603305785124,0.36883997917175293,0.05958247184753418,0.3670172095298767,0.37135541439056396,0.3685654401779175,0.3675059676170349
2973,11,0.3921343982219696,129,0.363617941737175,0.8859314719835917,0.024793388429752067,-0.0195465087890625,0.03544318675994873,-0.0006842613220214844,0.022022247314453125,-0.021915793418884277,0.04561847448348999
2974,23,0.1770913451910019,156,1.487139920393626,0.6712162634905647,0.780718336483932,0.9320508241653442,0.6510149836540222,0.9400342702865601,0.9299681782722473,0.9365612268447876,0.928439736366272
2975,8,0.33787938952445984,143,0.7088438272476196,0.46028118083874386,0.8125,0.5328260660171509,0.5304471850395203,0.534903883934021,0.5417206287384033,0.5366020202636719,0.5469813346862793
2976,17,0.16199558973312378,26,1.2473930537700653,0.5206659411390623,0.1695501730103806,0.18669718503952026,0.5504471063613892,0.20464098453521729,0.4268208146095276,0.1907104253768921,0.2851504683494568
2977,10,0.1741858869791031,79,1.0843718469142913,0.46212398409843447,0.87,0.5199398994445801,0.04389423131942749,0.5076014995574951,0.48172539472579956,0.4885920286178589,0.4926179051399231
2978,8,0.14961741864681244,116,1.3279752433300018,0.9863111786544323,0.953125,-0.007820606231689453,-0.010978102684020996,-0.006780385971069336,-0.009309053421020508,-0.012108922004699707,-0.006366252899169922
2979,5,0.3982655107975006,101,1.354422926902771,0.5413048639893532,0.24,-0.038686513900756836,-0.034148216247558594,-0.02600407600402832,-0.04656481742858887,-0.02850174903869629,-0.0354689359664917
2980,24,0.3386763632297516,122,0.4816308120886485,0.8140930554696492,0.7083333333333334,0.21471893787384033,0.2551664113998413,0.22771692276000977,0.23376303911209106,0.17114681005477905,0.24525046348571777
2981,11,0.176667258143425,47,0.894135844707489,0.44471689065297443,0.15702479338842976,0.7838999629020691,0.78803551197052,0.7831876873970032,0.7743976712226868,0.7858620882034302,0.8133708834648132
2982,9,0.22029098868370056,162,0.8730514943599701,0.8406523068745931,0.3950617283950617,0.6276970505714417,0.6259174346923828,0.6325863599777222,0.6275671720504761,0.6313071250915527,0.6231471300125122
2983,19,0.3788168728351593,40,1.3774811625480652,0.5820569203180426,0.4515235457063712,0.2363550066947937,0.35921889543533325,0.20748698711395264,0.3007679581642151,0.23330235481262207,0.2609593868255615
2984,19,0.37084484100341797,129,1.1662557572126389,0.5088667750358582,0.08587257617728532,0.8452104330062866,0.8386402130126953,0.8096050024032593,0.831419825553894,0.7651068568229675,0.806336522102356
2985,7,0.2760780453681946,192,0.663441002368927,0.4680258830388387,0.16326530612244897,0.5486161708831787,0.5540081858634949,0.5456098914146423,0.552212655544281,0.5427343845367432,0.5557699203491211
2986,17,0.25987663865089417,86,1.1579474091529847,0.4382472559809685,0.9584775086505191,0.3974342346191406,0.3867518901824951,0.3796340227127075,0.4213916063308716,0.4004533290863037,0.3992273807525635
2987,14,0.30990228056907654,46,0.8693711757659912,0.7443243331379361,0.08673469387755102,0.6907088756561279,0.7356177568435669,0.6928806304931641,0.7133073806762695,0.6805106997489929,0.7189534902572632
2988,17,0.15113259851932526,128,0.9925549355420199,0.7152024706204733,0.020761245674740483,-0.052611589431762695,-0.03889119625091553,-0.04625213146209717,-0.04358518123626709,-0.053637027740478516,-0.04522526264190674
2989,13,0.37311697006225586,63,1.0572655946016312,0.5134333834052086,0.3076923076923077,0.6093780398368835,0.625357985496521,0.6037116050720215,0.5941522121429443,0.6234939098358154,0.6137871742248535
2990,23,0.1558072865009308,126,1.701061987876892,0.584953242705928,0.005671077504725898,0.8627448081970215,0.8634994626045227,0.8619919419288635,0.8524242043495178,0.8550939559936523,0.8499518036842346
2991,12,0.2450745552778244,62,1.5410878658294678,0.5005080699920654,0.16666666666666666,0.23209714889526367,0.2983781695365906,0.260018527507782,0.31577879190444946,0.2708659768104553,0.3131873607635498
2992,17,0.14405766129493713,108,0.5763314738869667,0.419349354174402,0.6124567474048442,-0.008478164672851562,0.004290521144866943,-0.0011233091354370117,-0.002812504768371582,-0.0040656328201293945,-0.006177186965942383
2993,20,0.20525896549224854,163,1.1580866575241089,0.5647400311297841,0.06,0.9236199259757996,0.9317394495010376,0.9138749837875366,0.9146003723144531,0.9142380952835083,0.9194390177726746
2994,18,0.208769753575325,174,0.8773248866200447,0.559075619493212,0.16049382716049382,0.2300558090209961,0.22070127725601196,0.20800262689590454,0.2197207808494568,0.20087981224060059,0.24859881401062012
2995,5,0.10916133224964142,149,1.088051974773407,0.5178400278091431,0.12,0.34559983015060425,0.3478977084159851,0.34843379259109497,0.3482738137245178,0.3468320369720459,0.3567245602607727
2996,19,0.33481401205062866,14,1.0826186537742615,0.6154853423436483,0.7811634349030471,0.33564621210098267,0.4038815498352051,0.3910084366798401,0.4512373208999634,0.3584808111190796,0.45201027393341064
2997,15,0.11059823632240295,34,0.8525779366493225,0.43726496398448944,0.24888888888888888,0.014924764633178711,0.34260958433151245,-0.022240757942199707,0.34500235319137573,0.035628557205200195,0.14701467752456665
2998,11,0.30231595039367676,193,0.7985612750053406,0.6617165463311332,0.30578512396694213,0.07174789905548096,0.10670197010040283,0.06620126962661743,0.067882239818573,0.0649157166481018,0.08191102743148804
2999,13,0.16875144839286804,147,1.03522527217865,0.4922242723405361,1.0,0.1265503168106079,0.04622405767440796,0.128892183303833,0.12154006958007812,0.13266539573669434,0.13242387771606445
