,num_nodes,edge_prob,number_train_samples_per_dataset,root_std,non_root_std,baseline_binary,attention_binary,baseline_beta,attention_beta,baseline_uncertain,attention_uncertain
0,3,0.2126806378364563,110,0.7711270451545715,0.3130730837583542,0.1261829137802124,-0.04953944683074951,0.16075944900512695,0.15545862913131714,0.15269428491592407,0.1544995903968811
1,12,0.11656460165977478,70,1.4374914467334747,0.806549054880937,0.8973428010940552,0.9052304029464722,0.8982138633728027,0.8961452841758728,0.8979331254959106,0.899254560470581
2,5,0.16888393461704254,70,0.9709106981754303,0.5117440422375997,0.1983742117881775,0.2160767912864685,0.20065045356750488,0.23280376195907593,0.20307153463363647,0.22814089059829712
3,16,0.2611895799636841,46,2.053504705429077,0.625913546482722,0.47741663455963135,0.43976521492004395,0.49365752935409546,0.4637928009033203,0.4910213351249695,0.4830215573310852
4,11,0.2725786566734314,21,1.1011738002300262,0.6436030467351278,0.7916600704193115,0.02379554510116577,0.8054919838905334,0.8165745139122009,0.8016444444656372,0.812238335609436
5,4,0.3258037567138672,47,1.384915053844452,1.053492695093155,0.8682981729507446,0.8677070736885071,0.8689295053482056,0.8668183088302612,0.8690129518508911,0.8686279654502869
6,19,0.1303892582654953,66,0.955688439309597,0.5316524217526118,0.04997706413269043,0.07697486877441406,0.054647207260131836,0.08996140956878662,0.053219377994537354,0.08991217613220215
7,8,0.17226745188236237,66,0.7310507595539093,0.6928943321108818,0.5692579746246338,0.25460171699523926,0.5909121632575989,0.5967768430709839,0.5748708248138428,0.5896210670471191
8,9,0.12563766539096832,87,1.050565276827131,0.5846167802810669,0.18824464082717896,0.18797630071640015,0.18739962577819824,0.18872082233428955,0.18763083219528198,0.18679797649383545
9,5,0.15905602276325226,111,1.1794954538345337,0.5295816659927368,0.4648582339286804,0.44881486892700195,0.46054112911224365,0.46021533012390137,0.46086329221725464,0.4615631699562073
10,18,0.12953901290893555,148,0.9156151339411736,0.606684997677803,0.5305999517440796,0.5295544862747192,0.5302289724349976,0.5307149887084961,0.5298796892166138,0.5314713716506958
11,10,0.20267653465270996,163,1.0349981188774109,0.46076423142637524,0.7536612153053284,0.6158124804496765,0.7507103681564331,0.7515888214111328,0.7562969326972961,0.7518599629402161
12,10,0.16482675075531006,78,1.2315742522478104,0.40812546014785767,0.2195950746536255,0.17143315076828003,0.217016339302063,0.220409095287323,0.21897035837173462,0.21982812881469727
13,12,0.10564854741096497,139,0.7130739731448037,0.4050776243209839,-0.014203548431396484,-0.022753238677978516,-0.01571178436279297,-0.03165316581726074,-0.015180706977844238,-0.02187526226043701
14,21,0.12614743411540985,114,1.4290123383204143,0.8123665193716685,0.015315115451812744,0.0641358494758606,0.02841430902481079,0.0380321741104126,0.041714370250701904,0.03843379020690918
15,12,0.19147998094558716,49,2.523955464363098,0.4525296853648292,-0.13501036167144775,-0.03897416591644287,-0.08755195140838623,-0.04453635215759277,-0.1231304407119751,-0.0404590368270874
16,4,0.11851992458105087,56,0.32464054226875305,0.28095340728759766,0.31999439001083374,0.1064562201499939,0.3171278238296509,0.31282567977905273,0.3146541714668274,0.30967581272125244
17,12,0.2220856100320816,85,1.6169058680534363,0.44243933047567097,0.043331027030944824,0.07480919361114502,0.019927144050598145,0.023877859115600586,0.05586814880371094,0.03970903158187866
18,3,0.22843439877033234,161,0.8576087355613708,0.6827275454998016,0.38095980882644653,0.164029061794281,0.3814976215362549,0.37561410665512085,0.3831690549850464,0.38003820180892944
19,6,0.16143347322940826,179,1.0682218074798584,0.43997822701931,0.24884194135665894,0.08232516050338745,0.2546042203903198,0.25392580032348633,0.2521582841873169,0.25519293546676636
20,17,0.12338854372501373,194,0.7024280607700348,0.5686390772461891,0.07978320121765137,0.08560198545455933,0.08253180980682373,0.07447636127471924,0.07805925607681274,0.07918071746826172
21,18,0.1028713583946228,138,0.9695669263601303,0.44026652723550797,0.6936609745025635,0.006351768970489502,0.6964746713638306,0.7101952433586121,0.6987322568893433,0.6768022775650024
22,3,0.2432575523853302,175,0.8779216408729553,1.1765321493148804,0.09650212526321411,0.022716164588928223,0.09338438510894775,0.09397220611572266,0.0945119857788086,0.0983041524887085
23,8,0.25075864791870117,11,1.045605182647705,0.5305334150791168,0.512078046798706,0.215198814868927,0.44513797760009766,0.5211175680160522,0.4510785937309265,0.468908429145813
24,5,0.27369216084480286,9,1.2362501844763756,0.7073681900898615,-0.29011428356170654,-0.3087254762649536,-0.2997748851776123,-0.3094964027404785,-0.33303987979888916,-0.3429410457611084
25,11,0.17397290468215942,46,0.9312494099140167,0.5447513461112976,0.08822029829025269,0.0249975323677063,0.11643224954605103,0.11354315280914307,0.10507267713546753,0.11612659692764282
26,7,0.11956143379211426,113,0.8558979004621505,0.9245926439762115,0.05683910846710205,0.049226343631744385,0.05816149711608887,0.06429243087768555,0.05654728412628174,0.06373435258865356
27,8,0.18066367506980896,52,0.7057081013917923,0.7010121122002602,0.3295149803161621,0.31810134649276733,0.3186667561531067,0.3249911665916443,0.32245272397994995,0.32182133197784424
28,11,0.19202230870723724,180,1.3123760223388672,0.6089687645435333,0.763545572757721,0.0028014183044433594,0.7549448609352112,0.749781608581543,0.7610296010971069,0.7504103183746338
29,14,0.15757004916667938,116,1.4160251766443253,0.5341068804264069,0.5417181849479675,0.4156380891799927,0.5388253927230835,0.5416214466094971,0.5365586876869202,0.5392375588417053
30,4,0.395050585269928,68,2.5696869691212973,0.2517147660255432,0.013779103755950928,0.01593881845474243,0.010407567024230957,0.0004239082336425781,0.0022686123847961426,-0.001619100570678711
31,7,0.19700968265533447,171,0.7336448580026627,0.9045150279998779,0.8556039333343506,0.5748491883277893,0.8555265665054321,0.8552889823913574,0.8557228446006775,0.8555362820625305
32,20,0.12462469935417175,64,0.8866709321737289,0.6380229257047176,0.6824134588241577,0.024307072162628174,0.6821482181549072,0.6867938041687012,0.680517852306366,0.6810747385025024
33,9,0.2818455994129181,67,1.2374271340668201,0.4782289892435074,0.8799866437911987,0.7160011529922485,0.8736878037452698,0.8784750699996948,0.876651406288147,0.8802692294120789
34,5,0.1931971162557602,78,1.832588791847229,1.4014220039049785,0.6224584579467773,0.5259772539138794,0.6261079907417297,0.6210081577301025,0.6217414736747742,0.6268113255500793
35,5,0.14107337594032288,32,0.9501989632844925,0.6960073709487915,0.4977543354034424,-0.08536219596862793,0.4749850630760193,0.4692298173904419,0.47100526094436646,0.4754677414894104
36,3,0.16624702513217926,2,1.5817710161209106,0.29526716470718384,0.1948109269142151,-0.015528321266174316,0.13661915063858032,0.11913716793060303,0.17975354194641113,0.12119543552398682
37,9,0.14883562922477722,23,1.1267710427443187,0.49248911688725155,0.15854567289352417,0.123291015625,0.14760452508926392,0.14351999759674072,0.15478116273880005,0.15907853841781616
38,8,0.3346705436706543,61,1.201110601425171,0.642276257276535,0.288124680519104,0.2566436529159546,0.2762150764465332,0.28284013271331787,0.2759283781051636,0.27119749784469604
39,22,0.11070197075605392,102,1.2305742967873812,0.596836656332016,0.5703098177909851,0.3708166480064392,0.560501217842102,0.52800452709198,0.5782588720321655,0.5534701347351074
40,9,0.2678050994873047,177,0.4529978632926941,0.5161280905206999,0.16610300540924072,0.10457146167755127,0.16962182521820068,0.17418545484542847,0.1686999797821045,0.17513442039489746
41,10,0.15295098721981049,6,1.3029234877654485,0.7527438004811605,-0.014883041381835938,-0.00814509391784668,-0.015055418014526367,-0.013473749160766602,-0.005767941474914551,-0.016722798347473145
42,15,0.14487425982952118,45,1.058360287121364,0.7221771441400051,0.1842520833015442,0.12736517190933228,0.15630066394805908,0.27620118856430054,0.18106049299240112,0.32527583837509155
43,5,0.17289157211780548,107,1.432209625840187,0.73920077085495,0.1217072606086731,0.11652535200119019,0.13707131147384644,0.14668649435043335,0.12724173069000244,0.15000641345977783
44,11,0.22847513854503632,162,1.2772125601768494,0.5529797971248627,0.721235990524292,0.6844649910926819,0.7207177877426147,0.7194415926933289,0.7193833589553833,0.7208974361419678
45,14,0.1707903891801834,114,0.9190297275781631,0.6885142996907234,0.8050765991210938,0.454473078250885,0.8138270378112793,0.8099905252456665,0.8012767434120178,0.8163831233978271
46,23,0.12827500700950623,172,1.1218759914239247,0.6898531633264878,-0.017359256744384766,-0.006646990776062012,-0.0036221742630004883,-0.010670304298400879,-0.011022806167602539,-0.014880537986755371
47,18,0.10695776343345642,19,0.8975697457790375,0.4786113891750574,0.0037186145782470703,0.009180426597595215,0.028153717517852783,0.06784826517105103,0.024384915828704834,0.06675058603286743
48,17,0.11630487442016602,187,1.592402309179306,0.46535010635852814,0.9030082821846008,0.16468524932861328,0.8922631740570068,0.900104820728302,0.8910017013549805,0.9011065363883972
49,4,0.28150010108947754,106,0.8273609578609467,0.36613404750823975,0.5906927585601807,0.1650107502937317,0.5967659950256348,0.5784199237823486,0.5879827737808228,0.5957809686660767
50,7,0.23506204783916473,89,0.730207085609436,0.45189085354407627,0.36238402128219604,0.051849961280822754,0.3559367060661316,0.3817022442817688,0.3695042133331299,0.36959701776504517
51,15,0.12123650312423706,127,1.306107955319541,0.4474947787821293,0.24261701107025146,0.051219642162323,0.2515943646430969,0.22202086448669434,0.2370702624320984,0.24066084623336792
52,9,0.33703434467315674,199,0.32741785049438477,0.5525364745408297,0.7526143789291382,0.6772397756576538,0.7491283416748047,0.7607583999633789,0.7529881596565247,0.7520564794540405
53,9,0.15825538337230682,136,1.0398316979408264,0.47527090460062027,0.7529473304748535,0.7572198510169983,0.7528896927833557,0.7523677349090576,0.7549353837966919,0.7519814968109131
54,6,0.2993852496147156,16,1.5109141270319622,1.0508032242457073,0.010924994945526123,-0.0014740228652954102,0.003495156764984131,-0.05756509304046631,-0.0037763118743896484,-0.007540345191955566
55,14,0.1620178371667862,83,1.1104594554219926,0.4223160445690155,0.9557501077651978,0.8781615495681763,0.9498689770698547,0.94904625415802,0.9530367851257324,0.9547868371009827
56,3,0.30186089873313904,168,0.5444091558456421,0.6407760083675385,0.4234430193901062,0.02196723222732544,0.42624950408935547,0.4302408695220947,0.4268060326576233,0.4303029179573059
57,21,0.10830798000097275,71,1.245191878742642,0.510509250064691,0.330837607383728,0.0020688772201538086,0.3375493288040161,0.33932334184646606,0.34096962213516235,0.3416212201118469
58,5,0.1342078149318695,199,1.8510855038960774,0.5433247089385986,0.818454921245575,0.8120168447494507,0.8177804946899414,0.8162503838539124,0.8175877332687378,0.8141149878501892
59,6,0.19075162708759308,134,0.7197594940662384,0.23662297427654266,0.816636860370636,0.8276452422142029,0.8197798132896423,0.8156671524047852,0.8182944655418396,0.8181700110435486
60,15,0.16357813775539398,146,1.04193217754364,0.4037939697504044,0.3318343758583069,-0.03384411334991455,0.3211015462875366,0.2917501926422119,0.31488537788391113,0.30462414026260376
61,24,0.14881011843681335,113,1.032594267811094,0.5075450294158038,0.5053524374961853,0.5067036151885986,0.5193359851837158,0.4977418780326843,0.508000373840332,0.4952878952026367
62,6,0.18656760454177856,112,1.5134206116199493,0.3391410708427429,0.447393000125885,0.2783077359199524,0.4738660454750061,0.4837607145309448,0.47242045402526855,0.4892440438270569
63,12,0.1691930741071701,124,1.191329232284001,0.5002662420272828,0.39242804050445557,0.3494742512702942,0.4229434132575989,0.43760597705841064,0.44797468185424805,0.4491475224494934
64,10,0.11939428001642227,96,1.6651191413402557,0.39018208980560304,0.30038613080978394,0.0006156563758850098,0.30694812536239624,0.3109886050224304,0.2947208881378174,0.29949212074279785
65,6,0.14180853962898254,173,0.7848838046193123,0.6476045548915863,0.18086057901382446,0.1630975604057312,0.18145477771759033,0.18270766735076904,0.17914032936096191,0.17527413368225098
66,12,0.20488852262496948,84,1.276278343051672,0.3930268306285143,0.8915031552314758,0.8980395197868347,0.8944552540779114,0.892941951751709,0.8929653763771057,0.8947251439094543
67,15,0.18178731203079224,15,1.0656798481941223,0.6520143124190244,0.5461534261703491,-0.011863231658935547,0.5490672588348389,0.3620328903198242,0.5484294891357422,0.4603266716003418
68,7,0.2901890277862549,185,0.26854923367500305,0.7786004990339279,0.17414283752441406,0.08056670427322388,0.17344307899475098,0.16791802644729614,0.1705809235572815,0.1617181897163391
69,7,0.3999684751033783,70,1.052612801392873,0.6363905519247055,0.0017794966697692871,0.05389809608459473,-0.0077321529388427734,-0.028485417366027832,-9.918212890625e-05,-0.014428973197937012
70,7,0.3046906292438507,192,1.3648030757904053,0.4617180625597636,0.8454058766365051,0.8430744409561157,0.8420846462249756,0.8437907695770264,0.8454519510269165,0.8425650596618652
71,15,0.13017025589942932,48,0.9993447427238736,0.340759065002203,-0.12379944324493408,0.008378267288208008,-0.16633224487304688,-0.28510987758636475,-0.10772919654846191,-0.17993474006652832
72,9,0.36186984181404114,155,1.2737103700637817,0.5777576752007008,0.01085960865020752,0.00905841588973999,0.012792825698852539,0.06823354959487915,-0.004413008689880371,0.02986973524093628
73,5,0.20591801404953003,44,0.7067373891671499,1.078359067440033,0.05459463596343994,-0.027846574783325195,0.046469032764434814,0.043861567974090576,0.04278606176376343,0.04111975431442261
74,8,0.15442094206809998,77,0.8471379280090332,0.4355305954813957,0.07173901796340942,0.009897053241729736,0.05529654026031494,0.0732303261756897,0.06560170650482178,0.06596869230270386
75,10,0.20247195661067963,64,0.8060620911419392,0.4784872780243556,-0.011879920959472656,0.009893834590911865,-0.010260939598083496,0.004797518253326416,-0.013146638870239258,0.009388387203216553
76,12,0.2367083877325058,116,1.1644037961959839,0.4443763359026475,0.8118299841880798,0.6360186338424683,0.8197153806686401,0.8177340030670166,0.8165956735610962,0.815999448299408
77,17,0.2177007496356964,111,0.8448570569356283,0.5787699637668473,0.6923617124557495,0.3145919442176819,0.6978217363357544,0.6940629482269287,0.6998962163925171,0.7114449143409729
78,11,0.36287012696266174,17,0.5025149881839752,0.4018250157435735,0.004783332347869873,0.03157305717468262,0.008595705032348633,0.02430027723312378,0.011084675788879395,0.024007678031921387
79,8,0.12534920871257782,114,1.2250109389424324,0.3542768657207489,0.5945194959640503,0.013386726379394531,0.5959413051605225,0.5961291790008545,0.5962960720062256,0.5952914357185364
80,19,0.10259450972080231,192,0.8526467667384581,0.8254396766424179,0.02570188045501709,0.005594432353973389,0.017996013164520264,0.02304321527481079,0.018116414546966553,0.018702685832977295
81,18,0.1712365299463272,110,0.9979479432106018,0.8566409280666938,0.8272368311882019,0.39840036630630493,0.8279995322227478,0.8251303434371948,0.8257327675819397,0.8277961015701294
82,12,0.21261140704154968,44,1.2508134543895721,0.43538767844438553,0.36956530809402466,0.04177379608154297,0.3054700493812561,0.338039755821228,0.34363919496536255,0.33078569173812866
83,15,0.11838368326425552,175,1.6806457468441554,0.7741298526525497,0.536658525466919,0.14538264274597168,0.533570408821106,0.5407487750053406,0.5343410968780518,0.5335748791694641
84,3,0.19311316311359406,184,1.1332700550556183,0.21632954478263855,0.9054517149925232,0.827368974685669,0.9062789678573608,0.9069498181343079,0.9047150015830994,0.9070605635643005
85,13,0.13862471282482147,159,0.8008797951042652,0.585266524553299,0.6667534112930298,0.22696846723556519,0.6654982566833496,0.6636285781860352,0.6710597276687622,0.6638858318328857
86,16,0.10587533563375473,30,1.2173006998168097,0.8261787465640477,0.10997480154037476,0.065265953540802,0.06890654563903809,0.2006702423095703,0.09345954656600952,0.19825828075408936
87,17,0.15019668638706207,177,1.0543938875198364,0.6605807120601336,-0.02463352680206299,0.0012617111206054688,0.00823134183883667,0.0013291239738464355,0.002447366714477539,0.008692920207977295
88,14,0.11129762977361679,162,1.36564202606678,0.4813018689552943,0.7788711190223694,0.478990375995636,0.7750681042671204,0.7785578966140747,0.7745261788368225,0.7789602279663086
89,4,0.17070050537586212,101,1.2724189360936482,0.4704395532608032,0.47270703315734863,0.017822742462158203,0.47118568420410156,0.4699029326438904,0.4697806239128113,0.4720456600189209
90,14,0.16887739300727844,151,1.245445966720581,0.6098797971552069,0.23890537023544312,0.06112784147262573,0.23899054527282715,0.22957801818847656,0.23972463607788086,0.23113268613815308
91,5,0.112317755818367,50,0.7767522856593132,0.7575586438179016,0.001035928726196289,0.03290283679962158,-0.0019948482513427734,0.008489012718200684,-0.00024366378784179688,0.015442967414855957
92,25,0.11436398327350616,37,1.1536888948508672,0.581287842657831,0.3152129650115967,0.310663640499115,0.2970646023750305,0.25643348693847656,0.2964261770248413,0.2604926824569702
93,5,0.38679632544517517,99,1.0678055584430695,0.31244775156180066,-0.09389770030975342,-0.09906578063964844,-0.09812188148498535,-0.08127570152282715,-0.10135722160339355,-0.1027994155883789
94,10,0.14621548354625702,166,0.4373861014842987,0.53355593085289,0.36820274591445923,0.023474574089050293,0.36701858043670654,0.3641766309738159,0.36374032497406006,0.36636507511138916
95,4,0.3433723747730255,200,0.5987259745597839,0.9805737336476644,0.06845474243164062,0.12734687328338623,0.07046568393707275,0.14802610874176025,0.06020718812942505,0.12434166669845581
96,4,0.26859596371650696,36,0.6326256394386292,0.9095650762319565,0.4186556339263916,0.02368783950805664,0.4190250039100647,0.42933666706085205,0.4143517017364502,0.4245273470878601
97,15,0.1282825917005539,177,1.0689112722873688,0.4451673686504364,-0.015073180198669434,-0.011945128440856934,-0.0050591230392456055,-0.009480834007263184,-0.006148219108581543,-0.00942087173461914
98,10,0.2075832486152649,196,0.6214161515235901,0.5673474775893348,0.1040201187133789,0.08255022764205933,0.09983277320861816,0.09328019618988037,0.10292243957519531,0.10099923610687256
99,13,0.18083378672599792,94,1.1282136559486389,0.6249326467514038,0.791925311088562,0.29588401317596436,0.7925541996955872,0.794497549533844,0.7837114334106445,0.7887551188468933
100,18,0.1361791044473648,46,0.8583803176879883,0.8581015696892371,0.045415282249450684,-0.1365196704864502,0.10055172443389893,0.12338918447494507,0.061853885650634766,0.14028847217559814
101,5,0.24360941350460052,153,0.7890813946723938,0.4697943528493245,0.39772456884384155,0.3405643105506897,0.3967539072036743,0.3965097665786743,0.40197545289993286,0.39745455980300903
102,10,0.1970764845609665,173,0.6114085763692856,0.681419663131237,0.7393033504486084,0.7409515380859375,0.7365889549255371,0.7375344634056091,0.73212730884552,0.7367518544197083
103,5,0.2379804402589798,189,1.3327992757161458,0.6528365910053253,0.3832566738128662,0.37223172187805176,0.37779611349105835,0.3819592595100403,0.37989354133605957,0.37908411026000977
104,21,0.11957371979951859,6,1.2986455380916595,0.7115143472328782,-0.20522570610046387,-0.1787627935409546,-0.1883326768875122,-0.21996545791625977,-0.166833758354187,-0.23736250400543213
105,9,0.10997133702039719,158,0.9906596938769022,1.2572320302327473,-0.007559061050415039,-0.013522028923034668,-0.010778069496154785,-0.0016368627548217773,-0.01298820972442627,-0.0060274600982666016
106,16,0.13392946124076843,50,1.0886135349671047,0.5839691668748855,0.4287763833999634,0.15616095066070557,0.4372215270996094,0.4584062695503235,0.43536943197250366,0.44731754064559937
107,20,0.10785509645938873,98,1.1270627485854285,0.5900247486738058,0.7266026735305786,0.020671486854553223,0.7388612031936646,0.6957134008407593,0.7409871816635132,0.7278040051460266
108,5,0.3041079342365265,92,0.6654428243637085,0.43128450214862823,0.3362908363342285,0.24024122953414917,0.33520394563674927,0.3333572745323181,0.33856600522994995,0.33159714937210083
109,3,0.2949094772338867,6,0.2532065808773041,0.8590705096721649,-0.007077574729919434,-0.008046507835388184,-0.013649821281433105,-0.04976820945739746,-0.015839457511901855,-0.028415918350219727
110,7,0.14949345588684082,66,1.2539918273687363,1.3197887539863586,0.0007176399230957031,0.004117786884307861,-0.0047245025634765625,0.00918281078338623,0.008310377597808838,0.0068898797035217285
111,3,0.25633034110069275,44,0.9431803226470947,0.9753362834453583,0.2684673070907593,0.009206175804138184,0.27020740509033203,0.27163177728652954,0.26967549324035645,0.27245908975601196
112,8,0.16384634375572205,61,1.1184022575616837,0.6602450907230377,-0.06880521774291992,-0.07185804843902588,-0.06728816032409668,-0.06455492973327637,-0.06850945949554443,-0.07488489151000977
113,10,0.23926697671413422,2,1.0003053943316143,0.44099614875657217,0.4912618398666382,0.34283334016799927,0.43261849880218506,0.6294898986816406,0.45881396532058716,0.6044244766235352
114,10,0.22382932901382446,19,0.8727359846234322,0.7952727203567823,0.43887847661972046,0.4012766480445862,0.3609462380409241,0.418598473072052,0.4321943521499634,0.4368579387664795
115,8,0.12466457486152649,158,0.8089235598842303,1.024244099855423,0.04462480545043945,-0.0020220279693603516,0.03694891929626465,0.037885427474975586,0.03687417507171631,0.03937190771102905
116,7,0.19946812093257904,184,0.6292900443077087,0.29556990663210553,0.8271718621253967,0.15538138151168823,0.8262199759483337,0.821671187877655,0.8259508609771729,0.8271319270133972
117,4,0.3123991787433624,144,0.46429582436879474,0.20398013293743134,0.085019052028656,-0.013359785079956055,0.08048242330551147,0.09113925695419312,0.08856886625289917,0.09851861000061035
118,20,0.1505744457244873,68,0.6757639944553375,0.643738454580307,0.7601556777954102,0.6168999671936035,0.7420347929000854,0.7516666054725647,0.7538655996322632,0.7605542540550232
119,16,0.11105562001466751,2,1.3449864642960685,0.8140094147788154,-0.4199035167694092,-0.752173662185669,-0.3831413984298706,-0.35514354705810547,-0.43154096603393555,-0.3688321113586426
120,17,0.1153830885887146,86,1.0472529133160908,0.6832431459001133,0.15985357761383057,0.06931626796722412,0.15820688009262085,0.1544848084449768,0.16550195217132568,0.1674371361732483
121,11,0.16342835128307343,29,1.448160097002983,0.6841558516025543,0.9257426857948303,0.9051824808120728,0.92496258020401,0.9227297902107239,0.9266304969787598,0.9224377274513245
122,6,0.17592474818229675,43,0.7519224882125854,0.3815334513783455,-0.0006805658340454102,-0.011687994003295898,0.0030960440635681152,0.0065405964851379395,-0.0009253025054931641,-0.004481077194213867
123,9,0.10218659043312073,121,0.9163813471794129,0.49131347239017487,-0.0030760765075683594,-0.0010793209075927734,-0.005438446998596191,0.012532293796539307,-0.018361926078796387,0.014800608158111572
124,8,0.17485633492469788,72,0.7892250895500184,0.3674159198999405,0.43379127979278564,0.044192373752593994,0.43298667669296265,0.43043673038482666,0.437358021736145,0.4348600506782532
125,10,0.24556531012058258,59,1.0116546551386516,0.774116826908929,0.5999254584312439,0.38309699296951294,0.6126051545143127,0.6078921556472778,0.5857977867126465,0.6019793152809143
126,23,0.11329417675733566,137,0.9566990375518799,0.6227945329414474,0.6804863214492798,0.255898654460907,0.6861809492111206,0.6803932189941406,0.6876691579818726,0.687875509262085
127,15,0.18844090402126312,12,0.9389982149004936,0.6747370931235227,-0.31659841537475586,-0.05016124248504639,-0.2703566551208496,-0.24818432331085205,-0.25969672203063965,-0.2520735263824463
128,18,0.13525158166885376,108,0.9138167183846235,0.6956831946969032,0.04662603139877319,0.0042002201080322266,0.036708712577819824,0.050617873668670654,0.04073965549468994,0.052455902099609375
129,3,0.22938913106918335,123,0.45537808537483215,0.3067595660686493,0.01931023597717285,-0.027000904083251953,0.020683228969573975,0.008691370487213135,0.018864810466766357,0.012059628963470459
130,6,0.2914392352104187,53,1.120240310827891,0.30066514015197754,0.9296823740005493,0.8162106275558472,0.9288105964660645,0.9301019310951233,0.9309044480323792,0.9285097122192383
131,7,0.21070243418216705,111,0.7538722872734069,0.39912155270576477,0.6996185779571533,0.22574442625045776,0.700373113155365,0.6992678046226501,0.7038800716400146,0.6997412443161011
132,7,0.16543935239315033,190,1.4017574161291122,0.329621858894825,0.6376027464866638,0.5009106397628784,0.6459094882011414,0.6342349052429199,0.6371617317199707,0.63852459192276
133,15,0.1165076419711113,80,1.0614867210388184,0.6616768505838182,0.6107845306396484,0.14178943634033203,0.6114041209220886,0.6145201921463013,0.6121059656143188,0.6145799160003662
134,6,0.11918316036462784,100,1.2318974137306213,0.9157753984133402,-0.01951611042022705,0.01933997869491577,-0.013891935348510742,-0.009733915328979492,-0.011187195777893066,-0.011867880821228027
135,16,0.2969333529472351,150,0.9805976748466492,0.589286650220553,0.27186304330825806,0.09783482551574707,0.26814043521881104,0.28397494554519653,0.29302114248275757,0.2907339930534363
136,17,0.11151439696550369,125,1.016456017891566,0.9495067406784404,0.7757229208946228,0.26563549041748047,0.772104024887085,0.7740581631660461,0.7755069732666016,0.7731181383132935
137,5,0.1147509217262268,135,0.9243565201759338,0.5337907622257868,0.09276533126831055,0.012858211994171143,0.10158646106719971,0.09667462110519409,0.09793746471405029,0.09892749786376953
138,5,0.39961475133895874,107,0.9016973574956259,0.5229314863681793,0.26946449279785156,0.23760420083999634,0.27634334564208984,0.2711808681488037,0.2732592225074768,0.2744768261909485
139,20,0.10564816743135452,191,0.923243397474289,0.6605216801166535,0.0271417498588562,0.05173760652542114,0.033733487129211426,0.06640118360519409,0.036508023738861084,0.06968200206756592
140,3,0.10140306502580643,154,0.6576338708400726,0.9434546232223511,0.02240777015686035,0.034367263317108154,0.02125537395477295,0.02146589756011963,0.019102275371551514,0.02468419075012207
141,7,0.22893807291984558,51,0.695795993010203,0.5939833223819733,-0.012133121490478516,-0.007007598876953125,-0.01143026351928711,-0.005513787269592285,-0.011565804481506348,-0.007821202278137207
142,18,0.10203282535076141,188,1.1830187837282817,0.5557491158445677,0.7848715782165527,0.1938205361366272,0.7839260697364807,0.7822412252426147,0.7756034731864929,0.7851712107658386
143,10,0.21818068623542786,60,1.688199023405711,0.4933452946799142,0.23901718854904175,0.22224611043930054,0.23432320356369019,0.2280362844467163,0.22657042741775513,0.22760695219039917
144,10,0.2923036515712738,5,1.0837749689817429,0.4563671872019768,0.6964972615242004,0.5244206190109253,0.7299338579177856,0.6995610594749451,0.7109543085098267,0.6956877112388611
145,10,0.13601398468017578,130,0.8244775703975132,0.7673755884170532,-0.012609601020812988,-0.008662819862365723,-0.013702034950256348,-0.013968825340270996,-0.013689875602722168,-0.01434791088104248
146,9,0.22863899171352386,130,1.1685761014620464,0.43085334201653797,0.9100728631019592,0.792382538318634,0.913438618183136,0.912419319152832,0.9107843637466431,0.9114573001861572
147,16,0.11796627193689346,163,0.9130429966109139,0.46928967038790387,0.5376276969909668,0.10524344444274902,0.5391143560409546,0.5329545736312866,0.5417912006378174,0.539903461933136
148,7,0.2552821636199951,163,1.7212558388710022,0.5648101091384887,0.16367298364639282,0.08636850118637085,0.16952097415924072,0.14847904443740845,0.17410039901733398,0.15864837169647217
149,12,0.15552730858325958,46,0.6177291423082352,0.5205003060400486,0.07746279239654541,0.09384208917617798,0.1445910930633545,0.07502073049545288,0.13365620374679565,0.138938307762146
150,10,0.10163527727127075,132,1.260379542907079,0.7778741270303726,0.18512874841690063,0.1820429563522339,0.1849818229675293,0.17575287818908691,0.17386466264724731,0.1796337366104126
151,3,0.25756406784057617,6,1.2707035541534424,0.5934726968407631,-0.10519552230834961,-0.16311967372894287,-0.09416437149047852,-0.10549676418304443,-0.09928131103515625,-0.1434345245361328
152,6,0.1922883689403534,23,1.210789144039154,0.4173112064599991,-0.056473493576049805,-0.04621279239654541,-0.04736781120300293,-0.05718803405761719,-0.05160927772521973,-0.05202782154083252
153,23,0.18270350992679596,91,1.0429409841696422,0.7190407770020621,0.05956310033798218,-0.010847806930541992,0.06350326538085938,-0.0005645751953125,0.053967416286468506,0.012416362762451172
154,9,0.3056839406490326,36,0.4454694986343384,0.5539798190196356,0.7163044214248657,0.501349151134491,0.7109336256980896,0.7205661535263062,0.7193198204040527,0.7275363802909851
155,15,0.14937224984169006,176,0.9535486102104187,0.4026884976774454,0.006925642490386963,-0.03660726547241211,-0.00580143928527832,-0.02452266216278076,0.0016207098960876465,-0.019302725791931152
156,10,0.11836931854486465,193,0.851853758096695,0.6419090926647186,0.8163332939147949,0.368257999420166,0.8195302486419678,0.8212102055549622,0.8139970302581787,0.8150100708007812
157,13,0.12434321641921997,186,0.7584004870482853,0.6445353577534357,0.3007078766822815,0.031045377254486084,0.3047616481781006,0.30062663555145264,0.30367040634155273,0.3018283247947693
158,15,0.14141987264156342,151,1.2950295706590016,0.40609337555037606,0.18639951944351196,0.0628390908241272,0.18423420190811157,0.19539016485214233,0.1880534291267395,0.18231648206710815
159,12,0.2859901189804077,171,1.6129401475191116,0.48095676489174366,0.7395104169845581,0.14569789171218872,0.6549177169799805,0.7045586109161377,0.6586752533912659,0.6623580455780029
160,11,0.10259585827589035,184,0.7948698749144872,0.7538892507553101,0.002022385597229004,0.003246128559112549,0.0014564990997314453,-0.003979802131652832,0.00028336048126220703,-0.0034328699111938477
161,16,0.19652718305587769,140,0.5100890398025513,0.7983125299215317,0.6808074712753296,0.2875560522079468,0.6788694858551025,0.6835695505142212,0.6799789667129517,0.6816045045852661
162,18,0.1779329627752304,153,1.4153938740491867,0.5897030560299754,0.7377831339836121,0.7207139730453491,0.7371599674224854,0.7336019277572632,0.7336468696594238,0.7354551553726196
163,9,0.22639311850070953,92,0.9381662011146545,0.5465065464377403,0.7386186122894287,0.4347319006919861,0.7343462705612183,0.7351124882698059,0.737166166305542,0.7345236539840698
164,11,0.18722833693027496,117,1.3988119661808014,0.7048226594924927,0.33406567573547363,0.3629639744758606,0.3371090888977051,0.3423926830291748,0.3186357617378235,0.34455740451812744
165,14,0.1501699835062027,147,0.9917388161023458,0.5070890919728712,-0.02503788471221924,-0.000823974609375,-0.018939733505249023,-0.007313251495361328,-0.010601162910461426,-0.004874110221862793
166,7,0.1594296395778656,52,1.0944743355115254,0.5442201644182205,0.21198534965515137,0.21143007278442383,0.2153407335281372,0.30815476179122925,0.18928229808807373,0.2949015498161316
167,19,0.16083064675331116,160,0.6828167736530304,0.5201265985767046,-0.014158487319946289,-0.0016585588455200195,-0.01303863525390625,-0.012099146842956543,-0.013225674629211426,-0.01636373996734619
168,13,0.14350248873233795,67,1.350838053226471,0.6831625998020172,0.4914100170135498,0.0007631778717041016,0.26997655630111694,0.23739802837371826,0.2544589042663574,0.28468769788742065
169,5,0.3458162546157837,64,0.7187028328577677,0.5187036693096161,0.18426424264907837,0.059039175510406494,0.18444007635116577,0.1830325722694397,0.1834123730659485,0.18188351392745972
170,12,0.12002013623714447,132,0.881493890285492,0.8230021957840238,0.3579658269882202,0.08311212062835693,0.355305552482605,0.35373568534851074,0.3569483160972595,0.3549938201904297
171,17,0.12564899027347565,178,0.5843129881790706,0.6293537855148316,0.6962685585021973,0.6657331585884094,0.679275393486023,0.6878288984298706,0.6897357106208801,0.6802480220794678
172,7,0.12856921553611755,21,0.9384303689002991,0.5025062536199888,0.5124692916870117,-0.1408780813217163,0.5622060298919678,0.4578412175178528,0.4969843626022339,0.4514452815055847
173,13,0.1290137767791748,125,1.2197997272014618,0.7421654727723863,0.7745124697685242,0.15179389715194702,0.7723480463027954,0.7767261266708374,0.7704864740371704,0.7713117599487305
174,16,0.10326068848371506,113,1.1155351599057515,0.5571416424853461,0.5228965282440186,0.32436710596084595,0.5174792408943176,0.517267107963562,0.5189275741577148,0.5215321779251099
175,13,0.1670939177274704,57,1.1984763443470001,0.6634422969073057,0.29805630445480347,-0.05247354507446289,0.2949167490005493,0.2890387773513794,0.29041486978530884,0.28856801986694336
176,5,0.10088152438402176,93,0.9565865695476532,0.5426925420761108,0.15453100204467773,0.00639033317565918,0.15935689210891724,0.1630997657775879,0.15725934505462646,0.16301614046096802
177,12,0.10618139058351517,29,1.015574562549591,0.7732930098261152,-0.0783076286315918,-0.02335214614868164,-0.040305256843566895,-0.018643856048583984,-0.015893936157226562,-0.02035534381866455
178,23,0.14458753168582916,28,0.8959570676088333,0.4541078954935074,0.6964307427406311,0.19634270668029785,0.685888409614563,0.7179652452468872,0.6932675838470459,0.7116053104400635
179,13,0.12005216628313065,120,1.3155243545770645,0.55032017827034,0.034658074378967285,0.058670997619628906,0.03842031955718994,0.082763671875,0.020558714866638184,0.07081139087677002
180,19,0.15866480767726898,130,0.8461621329188347,0.72185372764414,0.008729934692382812,-0.032380104064941406,0.0027832388877868652,-0.008656024932861328,0.00241166353225708,-0.006123900413513184
181,17,0.11537670344114304,58,1.0948206689208746,0.7876229849126604,0.32414495944976807,0.25405603647232056,0.31649476289749146,0.3098906874656677,0.32700270414352417,0.3105098009109497
182,10,0.1484953612089157,8,0.9462627470493317,0.6588047097126642,-0.7611188888549805,-0.019835352897644043,-0.06718933582305908,-0.130218505859375,-0.08244585990905762,-0.14990901947021484
183,15,0.1804720014333725,187,0.9591991901397705,0.7148535531014204,0.06274276971817017,0.08140623569488525,0.1262342929840088,0.04987764358520508,0.12743622064590454,0.09306126832962036
184,9,0.13138927519321442,144,0.559053111076355,0.5320960283279419,-0.018504977226257324,-0.006183981895446777,-0.01942741870880127,-0.02142965793609619,-0.015171170234680176,-0.021953463554382324
185,14,0.20876629650592804,75,1.0327852487564086,0.4363125065962474,-0.03744518756866455,-0.029811501502990723,-0.03955650329589844,-0.02226734161376953,-0.0292205810546875,-0.0328221321105957
186,15,0.1326843500137329,188,1.5270089592252458,1.0306849665939808,0.24185562133789062,-0.016672134399414062,0.236394464969635,0.2375551462173462,0.23504996299743652,0.23360633850097656
187,20,0.11360277235507965,116,0.6314853847026825,0.8529793515801429,0.5862476825714111,0.28604161739349365,0.5886114835739136,0.5770049691200256,0.5857411623001099,0.5931448936462402
188,3,0.33163195848464966,60,2.46805077791214,0.4127807915210724,0.2576060891151428,0.15915924310684204,0.2534307837486267,0.25401246547698975,0.2547891139984131,0.2519862651824951
189,6,0.11477434635162354,57,0.7373988069593906,0.6905686557292938,0.357557475566864,0.260680615901947,0.3563578128814697,0.3663485050201416,0.3596261739730835,0.36649537086486816
190,3,0.18508511781692505,135,0.23648716509342194,0.6426303088665009,-0.010534048080444336,-0.022684693336486816,-0.011659622192382812,-0.007643580436706543,-0.010750770568847656,-0.009160995483398438
191,5,0.11463580280542374,93,1.0892686136066914,0.7225210666656494,-0.03883242607116699,-0.04738962650299072,-0.02157008647918701,-0.05471682548522949,-0.030643105506896973,-0.02657485008239746
192,8,0.2145007997751236,70,1.4377828637758892,0.47563892006874087,0.1497897505760193,0.06200796365737915,0.1359424591064453,0.17782747745513916,0.1369428038597107,0.16496747732162476
193,9,0.31466546654701233,177,0.9329665675759315,0.5695997714996338,0.0020087361335754395,0.013220369815826416,0.0014407038688659668,0.007214248180389404,0.0008487701416015625,0.004474341869354248
194,10,0.21235331892967224,46,1.6077271476387978,0.6087192445993423,0.8854766488075256,0.04057568311691284,0.8883292078971863,0.8802381753921509,0.8847160339355469,0.8720818161964417
195,18,0.136877179145813,167,1.3001567191547818,0.5798434250884585,0.7424129247665405,0.025946855545043945,0.7502610683441162,0.7507292628288269,0.7423504590988159,0.7449876666069031
196,9,0.22924979031085968,158,1.1419604644179344,0.6078244805335998,0.5334768295288086,0.06785249710083008,0.5291755795478821,0.5297132730484009,0.5273526906967163,0.5319803953170776
197,10,0.32583168148994446,112,0.9868734876314799,0.6418306423085076,0.7194808721542358,0.14808440208435059,0.7165535688400269,0.7170734405517578,0.7167539596557617,0.7180514335632324
198,12,0.11792729794979095,40,1.0565561354160309,0.696663203338782,-0.006054282188415527,-0.008711934089660645,-0.006659030914306641,-0.00538325309753418,-0.002665281295776367,-0.0010426044464111328
199,21,0.10857857763767242,28,0.8527104556560516,0.6943347858531135,0.32062774896621704,0.026601791381835938,0.3127403259277344,0.27657461166381836,0.30624592304229736,0.264477014541626
200,17,0.10284771770238876,70,1.0899000366528828,0.5156647617166693,0.42569005489349365,0.2021874189376831,0.4411478042602539,0.4297826290130615,0.44545942544937134,0.4300762414932251
201,7,0.3137816786766052,53,1.7686019738515217,0.566512942314148,0.7131978273391724,0.19620615243911743,0.7136563062667847,0.7008008360862732,0.7122450470924377,0.7138756513595581
202,6,0.21892112493515015,83,1.8793779214223225,0.506805290778478,-0.05784201622009277,-0.014243125915527344,-0.010338902473449707,-0.012427330017089844,-0.007811427116394043,-0.002375483512878418
203,4,0.14921972155570984,13,1.6532880862553914,0.21463830769062042,0.9585814476013184,0.5849968791007996,0.9576916098594666,0.9565658569335938,0.9580639600753784,0.9577306509017944
204,16,0.13138121366500854,31,0.9711494346459707,0.5827871603625161,0.5802698135375977,0.5374956727027893,0.5612442493438721,0.5554153919219971,0.5582658052444458,0.5588300824165344
205,12,0.16651690006256104,40,0.46286840736866,0.49666500588258106,0.3577911853790283,0.040215253829956055,0.349531352519989,0.3253862261772156,0.3415915369987488,0.336523175239563
206,4,0.16105623543262482,119,0.8541516661643982,1.014053463935852,0.018300414085388184,-5.2928924560546875e-05,0.01704704761505127,0.01052236557006836,0.01377260684967041,0.006933867931365967
207,9,0.12279458343982697,59,0.6390423129002253,0.4979735513528188,-0.014731645584106445,-0.004719376564025879,-0.008203625679016113,-0.011230111122131348,-0.009405374526977539,-0.02388787269592285
208,4,0.25895872712135315,47,0.7989053726196289,0.6205509603023529,0.21531587839126587,0.20266705751419067,0.2197323441505432,0.20447665452957153,0.21045434474945068,0.20846599340438843
209,10,0.11796067655086517,90,0.6167121708393097,0.39045817852020265,-0.019176959991455078,-0.026448726654052734,-0.00804758071899414,-0.026822447776794434,-0.017635822296142578,-0.03817594051361084
210,5,0.28247785568237305,138,0.4219692349433899,0.6265557209650675,0.17189306020736694,0.09546554088592529,0.15779471397399902,0.17597585916519165,0.16041409969329834,0.1655339002609253
211,5,0.20664456486701965,87,1.253104289372762,0.6137496829032898,0.4557715654373169,0.027374625205993652,0.45788633823394775,0.45654815435409546,0.4584791660308838,0.45823872089385986
212,11,0.22151391208171844,176,1.703315258026123,0.5258729372705732,0.41811496019363403,0.26989489793777466,0.41067397594451904,0.39831703901290894,0.41121143102645874,0.4070127010345459
213,17,0.12931014597415924,62,1.1153526703516643,0.5685062163642475,0.05980479717254639,0.07951897382736206,0.0553135871887207,0.0456845760345459,0.058655500411987305,0.05361717939376831
214,8,0.311647891998291,88,0.9992608428001404,0.5030893335739771,0.3453593850135803,0.3291807174682617,0.3460090756416321,0.3489779233932495,0.3474842309951782,0.3365679979324341
215,10,0.16685093939304352,149,0.8117484748363495,0.6098827230078834,0.17392081022262573,0.08817380666732788,0.19536495208740234,0.17486310005187988,0.16977620124816895,0.1691691279411316
216,8,0.16212862730026245,143,1.3591449022293092,0.7239852547645569,0.2981935143470764,0.23563218116760254,0.2862647771835327,0.2784172296524048,0.29751700162887573,0.2759442925453186
217,6,0.20110322535037994,140,0.7164787799119949,0.8509472757577896,0.5226715803146362,0.4022805094718933,0.5163582563400269,0.5152480602264404,0.5172429084777832,0.5193650126457214
218,15,0.11375473439693451,39,0.8133850346008936,0.48593662513626945,0.03277796506881714,-0.0010777711868286133,0.022887051105499268,0.012962758541107178,0.0201147198677063,0.028927206993103027
219,8,0.3254452645778656,48,0.8996232748031616,0.3401065915822983,0.7246851921081543,0.6083633303642273,0.7237439155578613,0.7122069597244263,0.698021650314331,0.7061303853988647
220,18,0.1268237829208374,55,1.0077559181622096,0.6415378573265943,-0.03634941577911377,-0.06111347675323486,-0.05016303062438965,-0.139640212059021,-0.052445292472839355,-0.1322859525680542
221,6,0.10997718572616577,183,1.4933627446492512,1.148362974325816,0.47813886404037476,0.12763559818267822,0.4794098138809204,0.46832460165023804,0.4800049662590027,0.46957236528396606
222,6,0.14149722456932068,28,0.7402893900871277,0.9427987734476725,-0.042355895042419434,-0.06539392471313477,-0.018239140510559082,0.025614678859710693,-0.024913907051086426,0.03270190954208374
223,15,0.13552330434322357,116,0.8862015562398093,0.5056602898985147,0.44712138175964355,0.27305978536605835,0.4456447958946228,0.4443100094795227,0.436349093914032,0.445210337638855
224,4,0.2172226458787918,7,0.7228313982486725,0.45598331093788147,0.04681289196014404,-0.1265583038330078,0.23787593841552734,0.1206400990486145,0.27855241298675537,0.18318980932235718
225,8,0.18860793113708496,48,0.9779090086619059,0.31988054513931274,-0.0837090015411377,-0.029898881912231445,-0.07340538501739502,-0.018760323524475098,-0.07166063785552979,-0.01943361759185791
226,9,0.10370993614196777,27,0.9544771611690521,0.88480064868927,-0.10723447799682617,-0.11673665046691895,-0.12891340255737305,-0.11177897453308105,-0.1229100227355957,-0.1170806884765625
227,20,0.12781067192554474,66,0.8969400137662887,0.748169818520546,0.33173155784606934,0.01615995168685913,0.3716805577278137,0.4334585666656494,0.4268348813056946,0.44187039136886597
228,17,0.10181062668561935,41,1.1863942278756037,0.6004907712340355,0.3529556393623352,0.1670163869857788,0.3516036868095398,0.32071954011917114,0.3736864924430847,0.3477485775947571
229,24,0.15103782713413239,141,0.8043140172958374,0.5829723803326488,0.2230493426322937,0.041299283504486084,0.23105871677398682,0.19879400730133057,0.22486037015914917,0.19884991645812988
230,3,0.3792152404785156,167,1.5586179494857788,0.3673410713672638,-0.004243016242980957,-0.003301858901977539,-0.0037060976028442383,-0.004683256149291992,-0.003980517387390137,-0.004483222961425781
231,10,0.1108563169836998,183,1.0492057303587596,0.3622346520423889,0.130854070186615,0.12367331981658936,0.12586861848831177,0.1331830620765686,0.13373351097106934,0.12721431255340576
232,15,0.1238304004073143,122,0.7244963645935059,0.5569168196784126,0.12837034463882446,0.003397643566131592,0.13176774978637695,0.12263846397399902,0.10278177261352539,0.11474168300628662
233,16,0.18288554251194,152,0.7630134224891663,0.5742652975022793,0.7269271612167358,0.7103836536407471,0.7333955764770508,0.7332366704940796,0.7354894876480103,0.7305886149406433
234,11,0.14742210507392883,13,0.7456319510936738,0.5582402249177297,0.09248858690261841,0.10938626527786255,0.10978704690933228,0.06423455476760864,0.09528869390487671,0.05159658193588257
235,7,0.20553159713745117,69,1.207005500793457,0.6037910083929697,-0.02538764476776123,-0.06327164173126221,-0.023434042930603027,-0.03174769878387451,-0.030483126640319824,-0.019921064376831055
236,8,0.22140316665172577,183,1.1386798977851869,0.6221873958905538,-0.02591991424560547,-0.00397038459777832,-0.015596628189086914,-0.02165043354034424,-0.01903975009918213,-0.019376397132873535
237,9,0.2501882314682007,65,1.4382662574450176,1.0050027966499329,-0.01675701141357422,0.0013224482536315918,-0.023798108100891113,-0.003641486167907715,-0.012156128883361816,-0.006758451461791992
238,8,0.11798767745494843,17,0.6639554500579834,0.5230804532766342,0.09854590892791748,-0.004447579383850098,0.1589781641960144,0.24803835153579712,0.17102283239364624,0.2472890019416809
239,10,0.2528795301914215,32,1.320545208454132,0.8622416377067565,0.7298556566238403,0.5250620245933533,0.7300033569335938,0.7317159175872803,0.7285169363021851,0.7276910543441772
240,12,0.13227178156375885,196,1.3942769765853882,0.5303683299571276,0.6086716651916504,0.2407984733581543,0.6150329113006592,0.6192029714584351,0.6100888848304749,0.5978506803512573
241,9,0.24441920220851898,66,1.1435656696557999,0.3492282867431641,0.5500324964523315,0.4391113519668579,0.5497016906738281,0.5529940128326416,0.5541833639144897,0.5590251088142395
242,16,0.15862376987934113,97,1.1415354758501053,0.779357540110747,0.5131112337112427,0.4545120596885681,0.5182907581329346,0.5130207538604736,0.5066850185394287,0.5045299530029297
243,10,0.17949528992176056,111,0.9103296796480814,1.0243173837661743,-0.0020123720169067383,-0.01620185375213623,0.006161034107208252,0.0022788047790527344,0.01141810417175293,0.01670527458190918
244,11,0.12323877960443497,97,0.990284875035286,0.4628978392907551,-0.05172836780548096,-0.004111886024475098,-0.03608226776123047,-0.028579235076904297,-0.030313611030578613,-0.02284407615661621
245,4,0.29612478613853455,152,0.6664523879686991,0.21263906359672546,0.5394624471664429,0.06626945734024048,0.5393824577331543,0.5376490354537964,0.5416630506515503,0.538995087146759
246,10,0.207851842045784,35,1.0105611681938171,0.8195997476577759,0.7226231098175049,0.5027854442596436,0.7325059175491333,0.6881594657897949,0.7181872129440308,0.7170119285583496
247,11,0.16276425123214722,199,0.9350091985293797,0.4230870306491852,0.5808910131454468,-0.05306506156921387,0.5820026993751526,0.5821393132209778,0.5743499994277954,0.5834530591964722
248,9,0.23603883385658264,154,1.7081136107444763,0.5033028483390808,0.013545811176300049,0.03823685646057129,-0.005727887153625488,0.01350623369216919,-0.009060502052307129,0.006424367427825928
249,8,0.22164984047412872,103,0.897995243469874,0.6694472253322601,0.4648030996322632,0.3943869471549988,0.4668813943862915,0.46704697608947754,0.46275144815444946,0.4614054560661316
250,6,0.20949912071228027,165,1.9705655813217162,0.2815421223640442,0.8149842619895935,0.11346060037612915,0.813884973526001,0.809211254119873,0.8121500015258789,0.8079558610916138
251,7,0.1283174604177475,128,1.3330563207467396,0.36119016259908676,0.3793887495994568,0.08548593521118164,0.3757971525192261,0.3803834915161133,0.37991708517074585,0.37437009811401367
252,20,0.14435309171676636,6,0.9597001075744629,0.4778085442052947,0.47958868741989136,0.4559098482131958,0.4931924343109131,0.4474133849143982,0.46196067333221436,0.3942926526069641
253,10,0.11095534265041351,131,1.0593618750572205,0.45684443910916644,0.18726229667663574,-0.03071761131286621,0.005459308624267578,0.09211528301239014,0.01870065927505493,0.00997072458267212
254,5,0.1076783537864685,122,1.022426426410675,0.9325028955936432,-0.027457118034362793,-0.00649416446685791,-0.013856768608093262,-0.005504727363586426,-0.024054527282714844,-0.01375281810760498
255,8,0.1441795527935028,165,0.9377891421318054,0.9094171524047852,-0.11066830158233643,-0.02548038959503174,-0.09402763843536377,-0.11303365230560303,-0.10500776767730713,-0.09541308879852295
256,12,0.19846241176128387,99,1.3208556373914082,0.5546212014224794,0.5562543272972107,0.36608028411865234,0.5588608384132385,0.5608407258987427,0.560591459274292,0.5582820773124695
257,4,0.24661992490291595,164,1.3925837278366089,0.6270303924878439,0.8014295697212219,0.38202106952667236,0.7992954254150391,0.7980271577835083,0.799001932144165,0.7992103099822998
258,3,0.2948541045188904,180,0.678744375705719,0.42004823684692383,0.3557221293449402,0.32833361625671387,0.35609787702560425,0.35630953311920166,0.34969061613082886,0.35194581747055054
259,5,0.322236567735672,4,0.632474402586619,0.8829147219657898,-0.1365950107574463,-0.24897098541259766,-0.16503679752349854,-0.1647810935974121,-0.2131056785583496,-0.14341259002685547
260,7,0.2751043140888214,42,1.2334116399288177,0.43916138013203937,0.49450117349624634,0.43269461393356323,0.4974721074104309,0.4844457507133484,0.49183881282806396,0.4877476096153259
261,12,0.3774409592151642,174,1.946613073348999,0.5958153069019317,0.7856714129447937,0.7644078135490417,0.7862428426742554,0.7825310230255127,0.7855542898178101,0.7824709415435791
262,10,0.10548326373100281,56,1.230824922521909,0.4913124591112137,0.7355203628540039,0.6175901293754578,0.7366195917129517,0.7310895919799805,0.7352474927902222,0.7342895865440369
263,22,0.13644982874393463,75,1.3206123486161232,0.6308104906763349,0.5469293594360352,0.12199890613555908,0.4714399576187134,0.5295156240463257,0.48999202251434326,0.548165500164032
264,7,0.11047963798046112,60,1.1790381222963333,0.5485222339630127,0.7381714582443237,0.009925007820129395,0.7436833381652832,0.727769136428833,0.7371835112571716,0.7313573956489563
265,8,0.13220393657684326,40,0.8898556768894196,0.6848277350266775,-0.48876404762268066,0.012360453605651855,-0.46776413917541504,-0.508338212966919,-0.569713830947876,-0.45031023025512695
266,9,0.1393890678882599,179,1.0036569982767105,0.7289854109287262,0.07231420278549194,-0.005495786666870117,0.043087780475616455,0.03163987398147583,0.0596843957901001,0.04189181327819824
267,7,0.16411489248275757,171,1.4558109839757283,0.6701397746801376,0.20185279846191406,0.21539777517318726,0.20464563369750977,0.18723207712173462,0.20153355598449707,0.19249331951141357
268,7,0.12474042177200317,35,1.3055314123630524,0.49771642684936523,0.4428167939186096,0.3279787302017212,0.4384864568710327,0.4552190899848938,0.4137815833091736,0.4412534236907959
269,5,0.15532730519771576,146,1.2429259270429611,0.7611369490623474,0.35308706760406494,0.37225890159606934,0.3436364531517029,0.3827518820762634,0.3781605362892151,0.37193799018859863
270,4,0.14085416495800018,100,0.985029419263204,0.8970386385917664,-0.0012193918228149414,-0.003985047340393066,0.0014553666114807129,-0.009533882141113281,0.0010630488395690918,-0.009055733680725098
271,13,0.10748264938592911,174,1.381179976463318,1.039815088113149,0.35785406827926636,0.3395734429359436,0.3532249331474304,0.34975337982177734,0.35731208324432373,0.35896599292755127
272,10,0.25901103019714355,50,0.47571608424186707,0.3757065286238988,-0.010760664939880371,0.02638298273086548,-0.0038051605224609375,0.010100066661834717,-0.016102194786071777,-0.0017092227935791016
273,5,0.3183066248893738,37,1.1873268087704976,0.918042927980423,0.3515528440475464,0.19677072763442993,0.3432644009590149,0.37548285722732544,0.36431652307510376,0.3735858201980591
274,15,0.2169412076473236,53,0.8762844353914261,0.6337151229381561,0.562328577041626,0.40717971324920654,0.3751058578491211,0.4692597985267639,0.39197468757629395,0.49963563680648804
275,22,0.16277824342250824,155,1.3862774925572532,0.6456235885620117,0.096274733543396,0.15535801649093628,0.10426872968673706,0.09797698259353638,0.10358071327209473,0.09751451015472412
276,7,0.2828649580478668,168,1.317191978295644,0.578356921672821,0.44681620597839355,0.16158437728881836,0.44311439990997314,0.4482864737510681,0.4448223114013672,0.44709914922714233
277,13,0.1608700156211853,144,0.672941784063975,0.6200381800532341,0.8596582412719727,0.6465903520584106,0.8456653356552124,0.8490183353424072,0.842858076095581,0.8452860116958618
278,12,0.12607863545417786,109,1.2711792230606078,0.6933280868189675,0.8762581944465637,0.854124128818512,0.8730973601341248,0.8723868131637573,0.8725441098213196,0.872852087020874
279,9,0.15833616256713867,35,1.0652414679527282,0.701581597328186,0.6793919801712036,0.597686767578125,0.685681939125061,0.6896677613258362,0.6939716339111328,0.693871021270752
280,6,0.11827670782804489,153,0.8286999240517616,0.38061392307281494,0.07228022813796997,0.016057491302490234,0.06745535135269165,0.07256364822387695,0.07464808225631714,0.07137078046798706
281,5,0.11034275591373444,90,1.4724537928899128,1.5284755527973175,0.005873143672943115,-0.04707002639770508,0.0020182132720947266,-0.027844667434692383,-0.006724715232849121,-0.021205663681030273
282,10,0.20165568590164185,81,0.6229913930098215,0.589635853256498,0.17649036645889282,0.15895533561706543,0.17689549922943115,0.18800467252731323,0.1837393045425415,0.17657846212387085
283,7,0.15211054682731628,72,0.8223196963469187,0.9653522968292236,0.14558857679367065,0.029785335063934326,0.1463518738746643,0.14065027236938477,0.14769089221954346,0.1379954218864441
284,7,0.2819947898387909,193,0.7559005618095398,0.42913078020016354,0.06912702322006226,0.08399027585983276,0.07336068153381348,0.07200288772583008,0.0746225118637085,0.0732775330543518
285,15,0.33539101481437683,148,1.612773597240448,0.4187020647984285,0.539219856262207,0.23819589614868164,0.53752601146698,0.5167640447616577,0.5287442207336426,0.5379306077957153
286,7,0.3401395380496979,73,1.341039776802063,0.5899495750665664,0.02484673261642456,-0.0021529197692871094,0.02628624439239502,0.022541284561157227,0.025685369968414307,0.030757784843444824
287,5,0.1342415064573288,174,0.7233025431632996,0.6420284509658813,-0.07387661933898926,-0.04960453510284424,-0.06987464427947998,-0.05907547473907471,-0.07219517230987549,-0.06497073173522949
288,4,0.27626797556877136,131,1.815929889678955,0.4059209078550339,0.31498855352401733,0.2951570749282837,0.31456613540649414,0.3020486831665039,0.3134983777999878,0.30563193559646606
289,12,0.14283542335033417,171,1.013925471476146,0.6101457238197326,0.3508068323135376,0.26861006021499634,0.3481120467185974,0.35079413652420044,0.3527660369873047,0.3571004867553711
290,24,0.10638248920440674,60,1.000807253377778,0.6118629189098582,0.8371520638465881,0.3090801239013672,0.8328965902328491,0.8351305723190308,0.8297232985496521,0.8287153244018555
291,7,0.12481030076742172,63,1.1817887127399445,0.8108543008565903,0.0063457489013671875,-0.016269326210021973,0.005509138107299805,0.008211851119995117,0.007824361324310303,0.008460283279418945
292,10,0.20023950934410095,78,0.5497086822986603,0.5966606140136719,0.7815673351287842,0.25723588466644287,0.7807234525680542,0.7826559543609619,0.7812799215316772,0.7820414304733276
293,13,0.11000584810972214,138,0.6331041634082795,0.5450464989989996,0.6750212907791138,0.666884183883667,0.6742074489593506,0.6717283725738525,0.6763470768928528,0.6736577749252319
294,7,0.25503602623939514,151,0.5952228407065073,0.6357682719826698,0.3101946711540222,0.02988278865814209,0.3249453902244568,0.3503444194793701,0.3303723931312561,0.3434770107269287
295,5,0.20927627384662628,155,0.8946887453397115,0.2728416323661804,0.024963796138763428,-0.012730717658996582,0.024891972541809082,0.0011647939682006836,0.024005353450775146,-0.001682877540588379
296,6,0.16890187561511993,196,0.9182571172714233,0.45283010601997375,0.010110139846801758,0.04450637102127075,0.016875803470611572,0.019092082977294922,0.01935046911239624,0.020276784896850586
297,9,0.11894182115793228,196,1.5884666244188945,0.5164871613184611,0.8281464576721191,0.6956831216812134,0.8299838900566101,0.8272910714149475,0.8281517624855042,0.8275972604751587
298,13,0.1910647749900818,91,0.9121611075741904,0.5650701771179835,0.5551149249076843,0.42159926891326904,0.5650433301925659,0.5560169816017151,0.5566600561141968,0.5628175735473633
299,16,0.15528394281864166,102,1.486666265130043,0.6193170682950453,0.007296264171600342,0.009057462215423584,-0.02415609359741211,0.004347681999206543,-0.01806652545928955,-0.05561840534210205
300,4,0.25782567262649536,7,1.029561976591746,0.3283221125602722,0.45438969135284424,0.028081834316253662,0.43324726819992065,0.4713868498802185,0.4743870496749878,0.4744336009025574
301,7,0.12711285054683685,55,0.5059767067432404,0.4159323126077652,0.3426753282546997,0.2632368206977844,0.3396276831626892,0.351528525352478,0.34185129404067993,0.35378915071487427
302,7,0.22319619357585907,91,1.314563199877739,0.68731822570165,0.045899391174316406,0.0022911429405212402,0.04245513677597046,0.038279950618743896,0.04090064764022827,0.03873211145401001
303,8,0.2123284637928009,41,1.0862954581777255,0.8755783140659332,0.014381766319274902,-0.011829853057861328,0.009536921977996826,0.02005535364151001,0.010066211223602295,0.027873456478118896
304,7,0.29397323727607727,165,1.572587639093399,0.8047041098276774,0.5064439177513123,0.5048653483390808,0.5047287940979004,0.5045202970504761,0.5029550790786743,0.5068767070770264
305,19,0.11639392375946045,96,0.638136453098721,0.6916690021753311,0.11534428596496582,0.10864883661270142,0.11887508630752563,0.13501590490341187,0.11796814203262329,0.15593457221984863
306,9,0.17380128800868988,43,1.747828483581543,0.7490885555744171,0.7528586983680725,0.03616642951965332,0.75044184923172,0.7517071962356567,0.7513138055801392,0.7513436675071716
307,12,0.2032807618379593,73,1.1347327649593353,0.6639709728104728,-0.0025740861892700195,-0.0014786720275878906,-0.009299874305725098,-0.0077904462814331055,-0.010991096496582031,-0.004183650016784668
308,6,0.15289269387722015,118,1.7302933136622112,0.7698305348555247,0.6060949563980103,0.482191264629364,0.6095401644706726,0.627852201461792,0.5998592972755432,0.6287175416946411
309,3,0.16604162752628326,33,0.34871628880500793,0.2714153826236725,-0.01421809196472168,2.2590160369873047e-05,-0.010380744934082031,-0.007614254951477051,-0.008170008659362793,-0.011780381202697754
310,15,0.1756136119365692,197,1.0993708446621895,0.5874876109036532,0.7028117179870605,0.5808060169219971,0.7000681757926941,0.7022413015365601,0.7027523517608643,0.7029484510421753
311,8,0.17520223557949066,155,1.8471551537513733,0.5487764279047648,0.8166110515594482,0.6255099773406982,0.8180201053619385,0.813360869884491,0.8176735639572144,0.8170150518417358
312,17,0.21283912658691406,97,1.5202638134360313,0.5667091917533141,-0.10842573642730713,-0.0327754020690918,-0.08227360248565674,-0.07608890533447266,-0.10943067073822021,-0.09140133857727051
313,4,0.11203904449939728,14,0.8430211544036865,0.2457726001739502,-0.031941890716552734,-0.002006053924560547,-0.025794386863708496,-0.055523037910461426,-0.028388381004333496,-0.08123576641082764
314,5,0.3317749798297882,161,1.1800718382000923,0.721540093421936,0.12955528497695923,-0.018379807472229004,0.12702178955078125,0.11306256055831909,0.13058245182037354,0.12523388862609863
315,4,0.1840430647134781,45,0.9413575331370035,0.2912578880786896,0.6373142600059509,0.5165213942527771,0.6400077939033508,0.6403944492340088,0.6393206119537354,0.6413604021072388
316,25,0.11433481425046921,9,1.016343805193901,0.5088788002729416,-0.02325880527496338,0.04616570472717285,-0.04604029655456543,-0.031757473945617676,-0.049318671226501465,-0.023972392082214355
317,21,0.14730608463287354,54,1.0296346843242645,0.6236083914836248,0.6681341528892517,0.07223016023635864,0.6739014387130737,0.6695441007614136,0.6799849271774292,0.6676070690155029
318,4,0.24200837314128876,139,0.4673219323158264,0.2003348171710968,0.38756465911865234,0.3761816620826721,0.39226090908050537,0.40064138174057007,0.39634644985198975,0.4017835259437561
319,13,0.24588234722614288,104,0.8474103748798371,0.48108585737645626,0.9167158603668213,0.808350145816803,0.9218451976776123,0.9204060435295105,0.9173346757888794,0.9218451976776123
320,8,0.16565997898578644,95,1.125428929924965,0.44608771055936813,-0.0031386613845825195,0.005796670913696289,-0.0014351606369018555,0.0184515118598938,-0.0031968355178833008,0.017739832401275635
321,5,0.2730849087238312,50,1.4246009588241577,0.411561260620753,0.1685531735420227,-0.11095571517944336,0.17702943086624146,0.19450104236602783,0.18209826946258545,0.19504237174987793
322,5,0.33315345644950867,66,1.0104663570721943,1.326506793498993,0.0038872957229614258,0.034780025482177734,0.005064249038696289,0.038871049880981445,-0.004358768463134766,0.02951902151107788
323,7,0.1845903843641281,44,0.8039412260055542,0.9822587072849274,-0.007953166961669922,-0.02743673324584961,-0.009267330169677734,-0.03449666500091553,-0.006661653518676758,-0.025969624519348145
324,22,0.1592167168855667,170,1.3276516454560416,0.5523611138264338,0.745435893535614,0.6074667572975159,0.7503769993782043,0.7464994192123413,0.7511332631111145,0.7587460875511169
325,7,0.27069586515426636,36,1.27808056473732,0.5929017663002014,0.23175901174545288,-0.005259275436401367,0.24342221021652222,0.2696148157119751,0.21636492013931274,0.19745385646820068
326,15,0.11934398859739304,67,0.7187132462859154,0.6758633438083861,0.8311676383018494,0.7425258159637451,0.8370980024337769,0.8370792865753174,0.836628794670105,0.841315746307373
327,13,0.1273302435874939,152,0.617043524980545,0.48605765615190777,0.04374879598617554,0.002050161361694336,0.03783804178237915,0.011404693126678467,0.06354635953903198,0.01970452070236206
328,13,0.19775378704071045,91,1.286785438656807,0.6069501770867242,0.1205337643623352,0.13209760189056396,0.08202177286148071,0.04394412040710449,0.11969321966171265,0.08711528778076172
329,3,0.2044437974691391,46,0.8911918997764587,0.660962700843811,0.06285840272903442,0.07634276151657104,0.07654082775115967,0.07223480939865112,0.07242757081985474,0.06843119859695435
330,15,0.27085262537002563,27,0.8619358241558075,0.7909700324138006,0.16598975658416748,0.040071070194244385,0.14311844110488892,0.20443212985992432,0.1500195860862732,0.20010906457901
331,11,0.36898374557495117,195,0.4062575697898865,0.5818774029612541,0.9678007364273071,0.8274791836738586,0.9675184488296509,0.967529296875,0.9684040546417236,0.9670308828353882
332,9,0.2781773805618286,34,1.438061277071635,0.8482694253325462,0.8514471054077148,0.8205708265304565,0.8382501602172852,0.8410218954086304,0.8491365909576416,0.8355280160903931
333,20,0.250398725271225,134,1.5216647783915203,0.5217823596561656,0.49414557218551636,0.07925063371658325,0.49793708324432373,0.4713435769081116,0.4833754897117615,0.4844968318939209
334,9,0.10686790943145752,131,0.6209937006235122,0.7797017619013786,-0.005455136299133301,0.015076875686645508,-0.0023707151412963867,0.011759459972381592,-0.0011668205261230469,0.01348114013671875
335,7,0.1734554022550583,140,1.2970170974731445,0.3021130710840225,0.4436715841293335,0.3275887966156006,0.49224644899368286,0.47025996446609497,0.4966791272163391,0.5016935467720032
336,3,0.38818520307540894,22,0.6102028489112854,0.5198882222175598,-0.04049539566040039,-0.020342588424682617,-0.03530418872833252,-0.044284701347351074,-0.04903364181518555,-0.03936278820037842
337,12,0.22547003626823425,163,1.1585440665483475,0.8393464003290448,-0.003663182258605957,-0.001008749008178711,-0.005191683769226074,-0.001154184341430664,-0.004718184471130371,-0.006770610809326172
338,9,0.2721567153930664,121,1.3567643761634827,0.6792177806297938,0.22794026136398315,0.2395317554473877,0.20166093111038208,0.22705292701721191,0.19139868021011353,0.19966751337051392
339,8,0.14507591724395752,108,1.5336099565029144,0.6729599945247173,0.3277294635772705,-0.019113659858703613,0.3209491968154907,0.31994688510894775,0.32797425985336304,0.3253633975982666
340,17,0.1468496024608612,144,0.9737516045570374,0.6601428877223622,0.10980910062789917,0.09476244449615479,0.11298865079879761,0.1250234842300415,0.11391043663024902,0.12000703811645508
341,8,0.1772971749305725,139,1.0907329097390175,0.551807701587677,0.054157555103302,-0.013077497482299805,0.05004388093948364,0.04548519849777222,0.04926800727844238,0.05145263671875
342,8,0.11113706976175308,55,0.7172483742237091,0.34681421518325806,0.009260296821594238,-0.021112680435180664,0.003744959831237793,0.002574026584625244,0.0063724517822265625,0.004070878028869629
343,8,0.17288726568222046,176,0.8769836574792862,0.7097869515419006,0.0003021359443664551,-0.002021193504333496,-0.0019458532333374023,0.0007240176200866699,0.002282440662384033,-0.0011616945266723633
344,14,0.1665731966495514,111,0.8483966410160064,0.6844235824214088,0.1440047025680542,0.05429869890213013,0.14458602666854858,0.14480865001678467,0.14586246013641357,0.1400465965270996
345,5,0.1275293529033661,161,0.9423352926969528,0.40490758419036865,0.13578659296035767,-0.00030219554901123047,0.1313077211380005,0.13677358627319336,0.12146484851837158,0.12408798933029175
346,20,0.14019863307476044,50,1.2996636629104614,0.7400628219951283,0.16595715284347534,-0.003609895706176758,-0.0024100542068481445,0.0009359121322631836,-2.0384788513183594e-05,-0.007031440734863281
347,7,0.19841037690639496,11,0.8128473460674286,0.640863835811615,0.003007054328918457,-0.0074356794357299805,0.004399538040161133,-0.003921151161193848,0.0018603801727294922,-0.0032132863998413086
348,7,0.16789668798446655,2,1.6069382925828297,0.7031527906656265,-0.0737069845199585,-0.09575164318084717,-0.048961639404296875,-0.027945995330810547,-0.06707775592803955,-0.08896636962890625
349,11,0.1533656120300293,49,1.3731070160865784,0.6914620921015739,0.3474143147468567,0.10751533508300781,0.34479331970214844,0.3421807885169983,0.35224735736846924,0.32907044887542725
350,11,0.35202476382255554,3,0.28722676634788513,0.550269427895546,-0.5894502401351929,-0.510529637336731,-0.7023680210113525,-1.3139183521270752,-0.7009559869766235,-0.9317134618759155
351,9,0.295576274394989,127,1.564283236861229,0.4709760665893555,0.7170876264572144,0.7201019525527954,0.7177380323410034,0.7153801918029785,0.7141129970550537,0.7143094539642334
352,6,0.15640665590763092,142,0.6048651114106178,0.5614786148071289,0.1526675820350647,0.14048051834106445,0.15443015098571777,0.1517663598060608,0.1565861701965332,0.1519337296485901
353,3,0.21837711334228516,122,1.0691118836402893,1.6613832712173462,0.00798863172531128,0.00038242340087890625,0.005552172660827637,0.0006627440452575684,0.005247890949249268,0.0016486644744873047
354,17,0.1461486965417862,75,0.6780381394284112,0.42418280690908433,0.10220414400100708,0.010027170181274414,0.09612232446670532,0.06353133916854858,0.09797412157058716,0.07600164413452148
355,15,0.10107653588056564,112,1.030415338774522,0.47502218849129146,0.9003714323043823,0.8893290162086487,0.9001361131668091,0.899309515953064,0.9006777405738831,0.8991919755935669
356,16,0.18026040494441986,165,1.7560867547988892,0.6041302843527361,0.8647594451904297,0.3784673810005188,0.8553999066352844,0.8363415002822876,0.8479927182197571,0.8573103547096252
357,14,0.14311110973358154,39,0.807427724202474,0.4881511682813818,0.25290733575820923,0.04406183958053589,0.2631991505622864,0.27053946256637573,0.28651005029678345,0.273939311504364
358,6,0.37878069281578064,165,0.2699700593948364,0.7462025880813599,0.030292987823486328,0.022610485553741455,0.04167461395263672,0.06136202812194824,0.04573088884353638,0.04648524522781372
359,11,0.15319488942623138,29,1.0486923575401306,0.4247336635986964,0.1893410086631775,0.05368727445602417,0.18458008766174316,0.2184961438179016,0.19874554872512817,0.2695024013519287
360,4,0.194295734167099,55,0.7356622914473215,1.7760882377624512,-0.12964260578155518,-0.16291844844818115,-0.11037909984588623,-0.08354222774505615,-0.11848819255828857,-0.08373427391052246
361,14,0.14032374322414398,63,0.8202500471046993,0.41639426563467297,0.44623059034347534,0.07610154151916504,0.4487544298171997,0.4460721015930176,0.4504022002220154,0.44804519414901733
362,4,0.3435453176498413,7,1.0224300821622212,0.31097155809402466,0.013585448265075684,-0.004615426063537598,0.007264435291290283,0.01596546173095703,0.011406779289245605,0.024053752422332764
363,9,0.2324092984199524,59,0.43629081050554913,0.5428074498971304,0.5734299421310425,0.5005273818969727,0.5744636058807373,0.5636016130447388,0.5736029148101807,0.5680240988731384
364,9,0.15098710358142853,17,0.8915759154728481,1.314113050699234,-0.006965160369873047,-0.002951502799987793,-0.004741549491882324,-0.0032939910888671875,-0.005661487579345703,-0.0038911104202270508
365,7,0.2494625300168991,59,0.9343880236148834,0.5586786717176437,-0.04381847381591797,-0.0542217493057251,-0.04500102996826172,-0.04182147979736328,-0.04588627815246582,-0.040540099143981934
366,12,0.11869623512029648,131,1.0284762531518936,0.5416822632153829,0.1542525291442871,0.006646573543548584,0.1403833031654358,0.14101994037628174,0.1367485523223877,0.15504229068756104
367,4,0.3469793498516083,193,1.096365749835968,0.403104230761528,-0.006840109825134277,-0.00793910026550293,-0.007654786109924316,-0.0005652904510498047,-0.010342240333557129,-0.00035822391510009766
368,15,0.1629280149936676,162,0.9464548081159592,0.7898399896091886,0.05276387929916382,-0.0336989164352417,0.13967305421829224,0.16228336095809937,0.0964200496673584,0.15340924263000488
369,14,0.32648545503616333,42,1.0721679031848907,0.4658064067363739,0.39228200912475586,0.32497334480285645,0.3808596730232239,0.4057757258415222,0.3670048117637634,0.42174994945526123
370,9,0.11187002807855606,161,0.7991218864917755,0.6259709426334926,0.6736797094345093,0.4089108109474182,0.6703284382820129,0.6606584787368774,0.6748933792114258,0.6678807139396667
371,5,0.3583153188228607,116,0.584480494260788,0.5729075570901235,0.28679513931274414,0.1843029260635376,0.3740972876548767,0.2297484278678894,0.37232333421707153,0.37301915884017944
372,7,0.3542415201663971,20,0.39797189831733704,0.41864263266324997,0.20786958932876587,0.06951183080673218,0.2037695050239563,0.23402541875839233,0.22019290924072266,0.22270917892456055
373,11,0.1558571755886078,196,0.9439264535903931,0.5885591081210545,0.3342515230178833,0.15802985429763794,0.3025283217430115,0.32235246896743774,0.2996094822883606,0.30127859115600586
374,19,0.12394922971725464,2,1.4727160582939784,0.46056240453169894,0.03622758388519287,0.054436564445495605,0.03152203559875488,0.12103211879730225,0.029027104377746582,0.10225600004196167
375,10,0.24753127992153168,94,0.8198448568582535,0.487951397895813,0.6623866558074951,0.19429463148117065,0.6514761447906494,0.7449448704719543,0.6332671642303467,0.7368079423904419
376,7,0.11350297927856445,148,0.788614559173584,0.27374278008937836,0.19944387674331665,0.0053563714027404785,0.19943976402282715,0.19697070121765137,0.2027774453163147,0.20125514268875122
377,4,0.37349241971969604,149,0.9333856105804443,0.5940975149472555,0.003924667835235596,-0.0017832517623901367,0.0009964704513549805,-0.017342448234558105,0.002599656581878662,-0.005514860153198242
378,7,0.2576747536659241,40,0.926833763718605,0.9699201583862305,0.17888295650482178,0.06877565383911133,0.1876048445701599,0.17295467853546143,0.17945128679275513,0.172943115234375
379,4,0.11398862302303314,181,0.7154744565486908,0.3525604158639908,0.45299142599105835,0.3707590103149414,0.4523734450340271,0.4502277970314026,0.44941163063049316,0.4475560188293457
380,5,0.3324325382709503,136,1.2694362103939056,0.5834995955228806,0.5952351093292236,0.12474983930587769,0.5993069410324097,0.5898846387863159,0.5976135730743408,0.5959197282791138
381,3,0.2147650569677353,105,0.6902912855148315,0.6289379298686981,-0.011566758155822754,-0.010323286056518555,-0.009187817573547363,-0.012444853782653809,-0.013373970985412598,-0.01395261287689209
382,12,0.10430807620286942,113,1.0566857904195786,0.7033706251531839,0.07240968942642212,0.05812913179397583,0.10519176721572876,0.09288662672042847,0.10022014379501343,0.09648674726486206
383,10,0.17451435327529907,116,0.8181960781415304,0.42597625723906923,0.2373458743095398,-0.007966041564941406,0.24170231819152832,0.23701947927474976,0.24632608890533447,0.24235349893569946
384,8,0.13486748933792114,45,1.3078663274645805,0.9357390403747559,0.3209676742553711,0.3708060383796692,0.335662841796875,0.3762391209602356,0.3259533643722534,0.38053202629089355
385,9,0.3598281443119049,133,0.7711372673511505,0.467648378440312,0.5698287487030029,0.38955652713775635,0.5632861852645874,0.5658642649650574,0.568274974822998,0.5661759376525879
386,4,0.39466729760169983,181,0.5131427943706512,0.6723265275359154,0.004998743534088135,0.010007679462432861,0.00750124454498291,0.01524883508682251,0.006907105445861816,0.013169288635253906
387,18,0.12323369830846786,47,0.6057532387120383,0.6728823794559999,-0.01956808567047119,-0.024410605430603027,-0.01458585262298584,-0.008351802825927734,-0.015347957611083984,-0.007431626319885254
388,9,0.34866541624069214,196,0.6304035435120264,0.6261153966188431,0.8382942080497742,0.7410950660705566,0.8415712118148804,0.8305783271789551,0.8452413082122803,0.8395892977714539
389,20,0.16059960424900055,157,1.0061214193701744,0.6489268485456705,0.20533281564712524,0.17544639110565186,0.199069082736969,0.21462851762771606,0.21419745683670044,0.2219223976135254
390,20,0.1369239091873169,186,1.2995056062936783,0.7000272621711096,0.3844028115272522,0.26235681772232056,0.40611642599105835,0.4141208529472351,0.4146324396133423,0.42436790466308594
391,6,0.21395918726921082,135,0.9086318612098694,1.2028022930026054,0.20077526569366455,0.005557835102081299,0.19975292682647705,0.20201456546783447,0.19870173931121826,0.19981873035430908
392,15,0.11109773069620132,54,0.9247401697295052,0.5514489710330963,0.026552140712738037,0.04787564277648926,-0.02328646183013916,0.07062900066375732,-0.020526647567749023,0.07034170627593994
393,6,0.38810405135154724,133,0.9089743345975876,0.28010209649801254,-0.04042017459869385,-0.04023241996765137,-0.03989124298095703,-0.05446016788482666,-0.05183231830596924,-0.059678077697753906
394,9,0.14512541890144348,45,1.5322872698307037,0.634797465801239,-0.014427423477172852,-0.04380226135253906,-0.010918617248535156,-0.015559077262878418,-0.011609554290771484,-0.009949564933776855
395,9,0.21205347776412964,94,1.705707053343455,0.35624794910351437,0.825097918510437,0.8242702484130859,0.8266741037368774,0.8273268938064575,0.8260573148727417,0.8275609612464905
396,4,0.3819553852081299,153,1.4330395261446636,0.6658495664596558,0.53127121925354,0.35588371753692627,0.5274044275283813,0.5343011617660522,0.5286258459091187,0.5275986790657043
397,6,0.2749876379966736,83,1.1614546030759811,0.8976721167564392,0.21682524681091309,0.2278042435646057,0.2127373218536377,0.22204077243804932,0.2291153073310852,0.22393012046813965
398,18,0.10605372488498688,162,1.5384421135698045,0.5608668029308319,0.71630859375,0.7242480516433716,0.7267128229141235,0.7228723764419556,0.717372715473175,0.7134131193161011
399,25,0.12060295045375824,189,1.0692781997578484,0.6723800318108665,0.5647395849227905,0.11252623796463013,0.5553397536277771,0.5460540056228638,0.5509209632873535,0.5494413375854492
400,4,0.12410847097635269,16,1.4244693418343861,0.3221789002418518,-0.08170795440673828,-0.07471144199371338,-0.1134178638458252,-0.1331791877746582,-0.23077118396759033,-0.10256791114807129
401,8,0.28292644023895264,133,0.6496279736359915,0.5792893826961517,0.8639552593231201,0.2682685852050781,0.865351140499115,0.861291766166687,0.8640009164810181,0.862419605255127
402,3,0.24515646696090698,130,1.345054380595684,0.2610836327075958,0.009921133518218994,0.0020437240600585938,0.014043271541595459,0.010801374912261963,0.013698697090148926,0.017447471618652344
403,21,0.10416259616613388,14,1.1276600493325128,0.5775488739212354,0.2220427393913269,0.3140164017677307,0.27659398317337036,0.36661452054977417,0.2684473991394043,0.35948508977890015
404,6,0.24045182764530182,10,0.9822337627410889,0.7896929879983267,0.005879998207092285,0.011251270771026611,0.0026913881301879883,0.025277376174926758,0.004423379898071289,0.027165889739990234
405,17,0.11299628019332886,98,0.7582163529263602,0.5703524705022573,0.5873645544052124,0.073921799659729,0.5844906568527222,0.5834001302719116,0.5903280973434448,0.5877845287322998
406,13,0.13317514955997467,25,1.1138815581798553,0.5789175281922022,0.9746021032333374,0.9427362084388733,0.9773650765419006,0.9768169522285461,0.9764832854270935,0.9687032699584961
407,10,0.10598843544721603,194,1.1723763346672058,0.42187766134738924,0.760125994682312,0.3373754024505615,0.7615261673927307,0.7575110197067261,0.7576700448989868,0.7519317865371704
408,13,0.12326381355524063,147,0.9326714277267456,0.47459417084852856,0.4423346519470215,0.2935287356376648,0.44046688079833984,0.44468051195144653,0.44414961338043213,0.44232356548309326
409,12,0.14565865695476532,83,0.9907593365226474,0.8222479104995728,-0.0698007345199585,-0.07501876354217529,-0.05820047855377197,-0.0728597640991211,-0.08122944831848145,-0.08439850807189941
410,14,0.16104398667812347,82,0.9316439628601074,0.4802021495997906,0.33235394954681396,0.38089239597320557,0.3295769691467285,0.407037615776062,0.34358131885528564,0.38127338886260986
411,12,0.14280906319618225,177,1.2249471073349316,0.8426437626282374,-0.009616494178771973,-0.007897138595581055,-0.011039018630981445,-0.002709627151489258,-0.008262157440185547,-0.002813577651977539
412,14,0.12654617428779602,86,1.182191014289856,0.5421755313873291,0.5324515104293823,0.29554569721221924,0.4828053116798401,0.4214264154434204,0.47732633352279663,0.5463827252388
413,4,0.3980000913143158,93,0.6213692426681519,0.8041484355926514,0.06244921684265137,0.029315710067749023,0.0604938268661499,0.060957372188568115,0.06953561305999756,0.06409794092178345
414,13,0.16460983455181122,79,1.2174062281847,1.077445660318647,0.6368652582168579,0.26424717903137207,0.6431499719619751,0.5460916757583618,0.6322177648544312,0.5192878246307373
415,4,0.23417077958583832,16,1.4621837139129639,0.3720170110464096,0.7220562696456909,0.28106099367141724,0.7223165035247803,0.7629340887069702,0.7391139268875122,0.7382307052612305
416,15,0.17189021408557892,20,1.2032462358474731,0.5310582598814597,0.28040075302124023,0.2906757593154907,0.3123088479042053,0.33733445405960083,0.3027716279029846,0.3378053903579712
417,8,0.25742873549461365,111,1.284068802992503,0.6758997797966003,0.2337999939918518,0.18751615285873413,0.22692763805389404,0.23792815208435059,0.21895325183868408,0.2803819179534912
418,14,0.10384329408407211,31,0.7523578767265592,0.5982880124023983,0.05546009540557861,-0.08509302139282227,0.038286566734313965,0.0842098593711853,0.05944544076919556,0.04124206304550171
419,18,0.14761610329151154,184,0.6408928394317627,0.685591737811382,0.34198349714279175,0.0762588381767273,0.3387654423713684,0.32110852003097534,0.33728528022766113,0.3179281949996948
420,4,0.32451263070106506,187,0.9884206354618073,0.6547049283981323,0.5567522048950195,0.5514627695083618,0.561550498008728,0.5599539279937744,0.5588076710700989,0.5618685483932495
421,5,0.29867759346961975,68,1.7975331544876099,0.6332385987043381,0.8420768976211548,0.08804738521575928,0.8486822843551636,0.8358215093612671,0.8452013731002808,0.843793511390686
422,8,0.23661571741104126,192,0.6551981568336487,0.7387035212346486,0.5759857892990112,0.6008721590042114,0.5802503228187561,0.5859010219573975,0.5713266134262085,0.5792098045349121
423,8,0.30149081349372864,32,2.8816585540771484,0.5650784820318222,0.54875648021698,0.4212343096733093,0.5470046997070312,0.5485888719558716,0.5537444949150085,0.5365742444992065
424,23,0.14298996329307556,91,0.7086667418479919,0.6029575541615486,-0.02201247215270996,-0.04949140548706055,-0.019470691680908203,-0.017821550369262695,-0.0010422468185424805,-0.025970935821533203
425,9,0.18310679495334625,20,0.5023431405425072,0.3451040297746658,-0.5812182426452637,-0.5607743263244629,-0.5650855302810669,-0.49397599697113037,-0.5704994201660156,-0.5182294845581055
426,11,0.31844255328178406,185,1.0215160250663757,0.5457426044676039,0.8474094867706299,0.5476406812667847,0.834311306476593,0.8261455297470093,0.7809008359909058,0.7986917495727539
427,10,0.20570960640907288,157,1.0145321389039357,0.3796175164835794,0.26217567920684814,0.08465653657913208,0.26898109912872314,0.24816930294036865,0.24851500988006592,0.27739566564559937
428,16,0.1454910933971405,91,1.123002475500107,0.5986598648808219,0.16451942920684814,0.03164607286453247,0.20251351594924927,0.20599806308746338,0.19884651899337769,0.2228441834449768
429,8,0.21264898777008057,170,0.9709181487560272,0.6788998171687126,0.5200965404510498,0.08417719602584839,0.507498025894165,0.5058548450469971,0.519487738609314,0.5166685581207275
430,17,0.1142582967877388,174,1.2071779635217454,0.5802798066288233,0.4337475895881653,0.41681718826293945,0.4284765124320984,0.41535723209381104,0.43278801441192627,0.4169216752052307
431,17,0.11730121821165085,119,1.65389769417899,0.697344183921814,-0.048110365867614746,-0.04637503623962402,-0.028627514839172363,-0.035105347633361816,-0.03679847717285156,-0.041449546813964844
432,5,0.32106420397758484,125,0.3893725574016571,0.6756263573964437,0.33029454946517944,0.33640414476394653,0.3323627710342407,0.3306283950805664,0.3259148597717285,0.3305674195289612
433,4,0.2111276239156723,31,0.6175557971000671,0.4765016982952754,0.4774227738380432,0.2320227026939392,0.47910046577453613,0.48632872104644775,0.4870418906211853,0.47861647605895996
434,6,0.32895925641059875,198,1.4737720489501953,0.7523564696311951,0.3944985866546631,0.3906421661376953,0.3896586298942566,0.3904378414154053,0.3908381462097168,0.3856663107872009
435,11,0.15097501873970032,52,0.7693175574143728,0.6285584438592196,0.289797842502594,0.199008047580719,0.30969536304473877,0.1930307149887085,0.27195489406585693,0.23000091314315796
436,19,0.12151442468166351,10,1.3400156795978546,0.6744444844397631,-0.03391909599304199,0.11903303861618042,-0.022710680961608887,0.003422558307647705,-0.02439093589782715,0.03871500492095947
437,6,0.18165937066078186,177,0.9190589547157287,0.7021257281303406,0.08209347724914551,0.09297764301300049,0.09248405694961548,0.0949399471282959,0.10691440105438232,0.09347325563430786
438,18,0.12208563089370728,89,0.6551258116960526,0.5215132211645445,0.1419581174850464,-0.0062444210052490234,0.12030357122421265,0.21594351530075073,0.1175088882446289,0.1340211033821106
439,11,0.2527225613594055,119,0.7367907166481018,0.5999757167365816,0.12069708108901978,0.03446418046951294,0.11573690176010132,0.1339077353477478,0.11864542961120605,0.12608271837234497
440,16,0.1402156800031662,45,0.9650487388883319,0.4979628357622359,0.14110523462295532,-0.017508387565612793,0.18422472476959229,0.10053253173828125,0.13573700189590454,0.14094626903533936
441,9,0.276571661233902,7,1.1653650601704915,0.5895812958478928,-0.29057133197784424,-0.2862558364868164,-0.42086052894592285,-0.299352765083313,-0.4060279130935669,-0.36041176319122314
442,12,0.1079954132437706,129,1.3442482224532537,0.35813579261302947,0.0018488764762878418,-0.0412214994430542,0.00907820463180542,0.00028842687606811523,0.012194454669952393,0.0041051506996154785
443,19,0.11605848371982574,31,0.8106467127799988,0.5425975352525712,0.37188148498535156,0.08170843124389648,0.38059866428375244,0.34889769554138184,0.34425580501556396,0.36242038011550903
444,3,0.38786080479621887,118,1.0195194482803345,0.4202423393726349,0.8487260937690735,0.8398259878158569,0.8490003347396851,0.8488070368766785,0.8502558469772339,0.8500685691833496
445,11,0.24360577762126923,160,0.5791445970535278,0.720026797718472,0.548053503036499,0.5555384159088135,0.5418956279754639,0.5589475631713867,0.5571142435073853,0.5567575693130493
446,9,0.36165502667427063,199,0.5694418400526047,0.5184271548475538,0.003321230411529541,-0.00767064094543457,-0.00025904178619384766,-0.022503018379211426,0.000808417797088623,-0.021466851234436035
447,8,0.2645134925842285,144,0.26858194172382355,0.6497764190038046,0.05887329578399658,0.04404562711715698,0.07117432355880737,0.07355064153671265,0.07087820768356323,0.07925605773925781
448,9,0.19784508645534515,109,1.426242470741272,0.8559511601924896,0.33952128887176514,0.27979791164398193,0.34184837341308594,0.34096288681030273,0.3410685658454895,0.3415210247039795
449,12,0.26689720153808594,123,0.4158153422176838,0.5991134233772755,0.06309574842453003,0.02710336446762085,0.0777927041053772,0.09932631254196167,0.07195329666137695,0.09586018323898315
450,17,0.19680656492710114,197,2.010821595788002,0.6062386872676703,0.4738689661026001,0.4457935094833374,0.4725366234779358,0.4795118570327759,0.469021737575531,0.480920672416687
451,9,0.2938544750213623,169,0.7964664498964945,0.8095477223396301,0.0835840106010437,0.10904109477996826,0.08443611860275269,0.09659832715988159,0.09661418199539185,0.09543901681900024
452,15,0.2220747023820877,4,1.5852091312408447,0.3949049815535545,0.1860470175743103,0.08194416761398315,0.17488163709640503,0.328888475894928,0.13676321506500244,0.2788054347038269
453,9,0.20394682884216309,117,0.9494560360908508,0.5928024550278982,0.008336544036865234,-0.007622838020324707,0.008862972259521484,-0.0012652873992919922,0.0109635591506958,0.0013205409049987793
454,16,0.17521479725837708,172,0.6707141995429993,0.6249939481417338,0.22918450832366943,0.14759165048599243,0.22054654359817505,0.23448389768600464,0.22354847192764282,0.22009974718093872
455,10,0.12696507573127747,179,1.4671289324760437,0.5122562944889069,0.4975791573524475,0.38360726833343506,0.5022825598716736,0.5083620548248291,0.5003411769866943,0.49828648567199707
456,18,0.12566624581813812,45,1.434852123260498,0.6038154874529157,0.17747795581817627,0.1735052466392517,0.17542773485183716,0.1425260305404663,0.10709726810455322,0.15576112270355225
457,8,0.1609463095664978,17,1.0940985441207887,0.32321057717005414,0.7572458982467651,0.6080113649368286,0.7592511773109436,0.7629157900810242,0.7689409852027893,0.7656656503677368
458,10,0.17203234136104584,131,0.9948785901069641,0.7329302728176117,0.89849853515625,0.7613130211830139,0.8954399824142456,0.9026015996932983,0.898288369178772,0.9011135101318359
459,8,0.18902021646499634,65,1.2166470438241959,1.1018631532788277,-0.006439805030822754,-0.013222217559814453,-0.004479646682739258,-0.005438327789306641,-0.0008022785186767578,0.0033129453659057617
460,11,0.23188288509845734,50,0.8777215878168741,0.525983564555645,0.9234835505485535,0.620766818523407,0.9210300445556641,0.9177343845367432,0.9185714721679688,0.9230854511260986
461,4,0.1580956131219864,70,0.36325785517692566,0.49357084929943085,-0.004669666290283203,-0.0122450590133667,0.006424903869628906,-0.0015320777893066406,0.003354787826538086,-0.0005018711090087891
462,15,0.1500440239906311,114,0.33947187662124634,0.5187229795588387,0.05066400766372681,-0.0017018318176269531,0.05793851613998413,0.05950409173965454,0.057020723819732666,0.05936765670776367
463,9,0.3333584666252136,123,0.5455008000135422,0.8889528236218861,0.7993701100349426,0.7426085472106934,0.7985089421272278,0.7983965873718262,0.7998961210250854,0.796329915523529
464,6,0.136794313788414,186,1.1405764023462932,0.41602498292922974,-0.01331472396850586,-0.03790140151977539,-0.009402036666870117,-0.014597773551940918,-0.03474152088165283,-0.027206063270568848
465,10,0.24998211860656738,141,1.3543923894564311,0.5726487125669207,0.868075430393219,0.6150618195533752,0.8724603652954102,0.861781120300293,0.8728650808334351,0.8678425550460815
466,16,0.11400321871042252,116,0.9860130037580218,0.49432840281062657,0.8937930464744568,0.8340824246406555,0.8943460583686829,0.8871941566467285,0.8958420157432556,0.8965311646461487
467,4,0.15595564246177673,190,0.5420842170715332,0.5620589256286621,-0.026117563247680664,-0.017418384552001953,-0.023974180221557617,-0.026301860809326172,-0.026143670082092285,-0.028618454933166504
468,8,0.13438662886619568,113,0.5286052078008652,0.24569619446992874,0.4985010027885437,0.5043569207191467,0.5162386894226074,0.5241061449050903,0.5071858167648315,0.5119812488555908
469,15,0.1788128912448883,187,0.8703726579745611,0.547035300069385,0.20214438438415527,0.1988655924797058,0.19945847988128662,0.19451254606246948,0.2086147665977478,0.20235854387283325
470,15,0.1662222295999527,60,0.8023912683129311,0.5914482474327087,0.7706788778305054,0.10125190019607544,0.7670140266418457,0.7698972821235657,0.7692322134971619,0.7728123664855957
471,19,0.12366387993097305,184,0.381603201230367,0.5251694936305285,-0.08253049850463867,-0.08412039279937744,-0.08059084415435791,-0.07674098014831543,-0.07881474494934082,-0.07424628734588623
472,12,0.13950908184051514,58,1.0027010376964296,0.49243701696395875,0.36673325300216675,0.04127281904220581,0.263980507850647,0.37077271938323975,0.29594236612319946,0.37785428762435913
473,18,0.1237356960773468,92,1.4820530533790588,0.4850052274190463,-0.12138259410858154,-0.11022531986236572,-0.11974072456359863,-0.12168741226196289,-0.11703193187713623,-0.12839388847351074
474,3,0.26893365383148193,116,0.4976402819156647,0.6208221316337585,-0.07095563411712646,-0.042958974838256836,-0.06167149543762207,-0.06645452976226807,-0.06665587425231934,-0.058290839195251465
475,4,0.29057058691978455,168,0.2676933705806732,0.7761274874210358,0.11784380674362183,0.09052318334579468,0.11170727014541626,0.1198737621307373,0.1165345311164856,0.1189616322517395
476,9,0.18534688651561737,87,0.5924837589263916,0.3805204356710116,0.413512647151947,0.1059066653251648,0.4023005962371826,0.43359851837158203,0.39339131116867065,0.41884028911590576
477,3,0.38672882318496704,106,1.636049509048462,1.0483054518699646,0.10241085290908813,0.014616131782531738,0.09089672565460205,0.09394073486328125,0.09004807472229004,0.09722179174423218
478,11,0.15224164724349976,122,1.0057866374651592,0.3241641879081726,0.7298718690872192,0.7235573530197144,0.7314034104347229,0.7285933494567871,0.7322579622268677,0.7326210141181946
479,18,0.10795056819915771,177,0.8363102163587298,0.831000804901123,0.3818521499633789,0.3940207362174988,0.383527934551239,0.37544435262680054,0.38030779361724854,0.3780001401901245
480,14,0.10910000652074814,196,1.583696886897087,0.5140485838055611,0.8897407650947571,0.5085787773132324,0.8913866877555847,0.888825535774231,0.8905211687088013,0.8907129764556885
481,6,0.18602529168128967,96,0.7104810923337936,0.4930145591497421,0.5221819877624512,0.18092840909957886,0.5199254751205444,0.5218548774719238,0.5105801820755005,0.5114683508872986
482,12,0.19662949442863464,134,2.03437332312266,0.5935351351896921,0.12889516353607178,0.03661853075027466,0.11895376443862915,0.24582576751708984,0.11507636308670044,0.22026318311691284
483,15,0.265224426984787,137,1.0821386377016704,0.4489943782488505,0.8971835970878601,0.8361620306968689,0.882367730140686,0.8709639310836792,0.8330157995223999,0.7869186997413635
484,13,0.10237694531679153,125,1.0428478585349188,0.5620146468281746,0.3611520528793335,0.009625732898712158,0.36881619691848755,0.4116644859313965,0.3697988986968994,0.4071773886680603
485,10,0.10673371702432632,74,1.022635794348187,0.2781878709793091,0.18328875303268433,0.17987895011901855,0.18262386322021484,0.18813681602478027,0.1870880126953125,0.19169890880584717
486,6,0.14594021439552307,54,0.3846207521855831,0.971395879983902,-0.04841005802154541,-0.07137465476989746,-0.05074131488800049,-0.06504333019256592,-0.05374157428741455,-0.07689690589904785
487,9,0.2981468439102173,134,1.4618879755338032,0.6209443286061287,-0.07545530796051025,-0.005379676818847656,-0.0760422945022583,-0.07836341857910156,-0.09241104125976562,-0.09120488166809082
488,5,0.3214908838272095,97,0.6390389800071716,0.6065970063209534,0.4745708107948303,0.41198086738586426,0.47678107023239136,0.46632450819015503,0.4784875512123108,0.47170883417129517
489,9,0.285454124212265,162,1.1046656966209412,0.7063322901725769,-0.026539921760559082,-0.029061555862426758,-0.02935326099395752,-0.025444746017456055,-0.022011518478393555,-0.025690555572509766
490,15,0.11379203200340271,103,0.9639696598052978,0.4329683631658554,0.7454361915588379,0.7315548658370972,0.7408241033554077,0.7433452010154724,0.7425504922866821,0.7445627450942993
491,4,0.2326449155807495,120,1.8290651837984722,0.23715493083000183,0.5743409395217896,0.35082465410232544,0.5730030536651611,0.5769241452217102,0.576289713382721,0.5758178234100342
492,7,0.11971922963857651,127,1.4911255955696106,0.4512733817100525,0.2416209578514099,0.042909860610961914,0.2236890196800232,0.24224698543548584,0.23681271076202393,0.25238490104675293
493,3,0.1332036554813385,49,1.0209983885288239,0.7623651623725891,0.1623651385307312,0.06292349100112915,0.165968656539917,0.1652790904045105,0.16266381740570068,0.17833614349365234
494,4,0.3684300482273102,17,0.5973990360895792,0.5780349969863892,-0.09120213985443115,-0.20319640636444092,-0.12381386756896973,-0.062857985496521,-0.14635157585144043,-0.052359580993652344
495,7,0.2669723927974701,47,1.5963366329669952,0.8525878459215164,0.2538480758666992,0.09663951396942139,0.24794119596481323,0.24143344163894653,0.24409371614456177,0.23530369997024536
496,8,0.13296258449554443,168,0.7930266261100769,0.4907118280728658,0.2706845998764038,0.0022954940795898438,0.27163243293762207,0.27256131172180176,0.27162742614746094,0.2707797884941101
497,7,0.3021678924560547,123,0.7784488797187805,0.6094006225466728,0.4086703062057495,0.38389652967453003,0.4090033769607544,0.4111166000366211,0.41026991605758667,0.4115685820579529
498,6,0.20738935470581055,68,1.1199013441801071,0.5797652453184128,0.3154236078262329,0.014975309371948242,0.30258893966674805,0.32711392641067505,0.3089420199394226,0.3161093592643738
499,15,0.1315983384847641,47,0.9501153549977711,0.5587365850806236,0.873849630355835,0.07875162363052368,0.8786993026733398,0.870641827583313,0.8784411549568176,0.8783720135688782
500,17,0.11273222416639328,174,1.0697161257266998,0.44537238891308123,0.4789959788322449,0.09770029783248901,0.40972501039505005,0.35170650482177734,0.39396440982818604,0.36713922023773193
501,5,0.26851117610931396,5,0.8187045753002167,0.4054347674051921,0.214921772480011,0.10945135354995728,0.17436981201171875,0.11207467317581177,0.17495447397232056,0.14769411087036133
502,12,0.15913552045822144,42,1.0979755095073156,0.6372511833906174,-0.07886183261871338,0.05795508623123169,-0.08867478370666504,0.040320634841918945,-0.09180450439453125,0.02461451292037964
503,10,0.1650252342224121,84,0.8657552599906921,0.6312091685831547,0.9211452603340149,0.8816308975219727,0.9161195755004883,0.920829713344574,0.9208567142486572,0.9213595986366272
504,8,0.2558940351009369,37,0.5137534737586975,0.46993790070215863,0.06704896688461304,-0.13950121402740479,0.045836687088012695,-0.051917195320129395,0.04391968250274658,0.0042476654052734375
505,19,0.12689641118049622,150,1.2324196696281433,0.639760410785675,0.2868586778640747,0.07059943675994873,0.28301143646240234,0.19360852241516113,0.27951544523239136,0.2199615240097046
506,10,0.17526674270629883,117,0.9312523106733958,0.3183465041220188,0.015390217304229736,-0.06493568420410156,0.0026180148124694824,0.013523340225219727,0.024208366870880127,0.029959499835968018
507,6,0.2591046392917633,23,1.6530145704746246,0.4492177963256836,0.8759125471115112,0.7552605867385864,0.8768718838691711,0.8683328628540039,0.8706328868865967,0.8660712242126465
508,8,0.3695988953113556,107,1.6740530729293823,0.6300420612096786,0.8752652406692505,0.5345749258995056,0.8728175163269043,0.8736869692802429,0.8726397752761841,0.8724958896636963
509,17,0.15876269340515137,106,0.6499345958232879,0.5717850079139074,0.807543933391571,0.31794852018356323,0.8003525733947754,0.7890550494194031,0.7967568635940552,0.7934619784355164
510,15,0.13545817136764526,31,0.9016610433657964,0.5945676333374448,0.8989531993865967,0.10336154699325562,0.8962315320968628,0.8981432914733887,0.899569571018219,0.8989408612251282
511,11,0.32461783289909363,163,1.3417679866154988,0.6562664564698935,-0.00615692138671875,-0.0022563934326171875,-0.005347847938537598,-0.005707979202270508,-0.007454991340637207,-0.008070945739746094
512,13,0.16562356054782867,192,0.29079168538252514,0.5301142632961273,0.41099822521209717,0.11205446720123291,0.4219360947608948,0.44061678647994995,0.40790802240371704,0.40544819831848145
513,5,0.10934507101774216,163,1.361817792057991,0.3681451678276062,0.8291881680488586,0.6633917093276978,0.830260157585144,0.8260173201560974,0.8303443789482117,0.8339096307754517
514,9,0.12418276071548462,29,0.9195151726404825,0.6253687938054403,0.5692616105079651,0.5809468030929565,0.582542359828949,0.5910999774932861,0.5797799229621887,0.5897822380065918
515,17,0.10222096741199493,111,0.8688171580433846,0.648948586649365,0.6558952331542969,0.6068854331970215,0.6612493991851807,0.6493145227432251,0.6576745510101318,0.649413526058197
516,21,0.13493876159191132,131,1.0253988636864557,0.6433775275945663,0.009609222412109375,-0.006396770477294922,0.01024472713470459,0.007961094379425049,0.005062878131866455,0.008812367916107178
517,19,0.12701229751110077,180,1.1552175134420395,0.6216820110877355,0.9173903465270996,0.08430486917495728,0.917857825756073,0.9161805510520935,0.9167556166648865,0.9157111644744873
518,8,0.12176955491304398,69,0.9292599320411682,0.47977061072985333,0.0029224753379821777,-0.03207051753997803,0.0040223002433776855,-0.008705854415893555,0.0013940930366516113,-0.009512066841125488
519,24,0.1138095036149025,7,1.0089456558227539,0.7624200412205288,-0.009306788444519043,-0.062146544456481934,-0.007444620132446289,-0.034322261810302734,-0.0072176456451416016,-0.03825986385345459
520,7,0.26989173889160156,90,1.664249837398529,0.4145220160484314,0.06763428449630737,0.0574609637260437,0.07486557960510254,0.06142866611480713,0.06332254409790039,0.06247818470001221
521,9,0.225881427526474,83,2.151833176612854,0.48135843873023987,0.05562311410903931,0.0902327299118042,0.05436307191848755,0.047226667404174805,0.08327293395996094,0.043396830558776855
522,5,0.3681838810443878,156,1.2763773798942566,0.5246175229549408,0.43412888050079346,0.32855749130249023,0.4387597441673279,0.439095675945282,0.4403650164604187,0.4340618848800659
523,12,0.11349288374185562,166,1.3882307750838143,0.5425404131412506,0.8038982152938843,0.13995802402496338,0.8236790299415588,0.8288514614105225,0.8263567090034485,0.8221292495727539
524,3,0.3496832549571991,132,0.8800049424171448,0.7942490577697754,0.043579816818237305,0.039732277393341064,0.0370175838470459,0.025385737419128418,0.03524589538574219,0.02655935287475586
525,3,0.14852043986320496,174,0.7677160203456879,0.811455249786377,0.36395126581192017,0.19992822408676147,0.36946797370910645,0.3593215346336365,0.36981719732284546,0.37657177448272705
526,7,0.36685317754745483,47,0.48807206749916077,0.7270475715398789,0.0552176833152771,-0.01737523078918457,0.053718626499176025,0.05096077919006348,0.05342388153076172,0.05949199199676514
527,7,0.1817093938589096,194,2.4628247022628784,0.4622984349727631,0.6439048051834106,0.6450380086898804,0.6444410681724548,0.6425397396087646,0.646080493927002,0.6446889638900757
528,11,0.2984992563724518,153,0.41769590973854065,0.6415067894591225,0.1994747519493103,0.10161149501800537,0.19680190086364746,0.17996889352798462,0.21228784322738647,0.2230849266052246
529,5,0.29299694299697876,25,0.6204517781734467,0.331402912735939,-0.1190270185470581,0.005423605442047119,-0.1353846788406372,-0.16902947425842285,-0.15423834323883057,-0.135766863822937
530,9,0.25975045561790466,117,0.967798501253128,0.5501323023012706,0.4770248532295227,0.4743000864982605,0.4730494022369385,0.4571402072906494,0.47125375270843506,0.4697403311729431
531,3,0.3291928172111511,22,0.7790845930576324,0.656866729259491,0.4776642322540283,-0.008590102195739746,0.4725456237792969,0.4727097153663635,0.46132612228393555,0.48853951692581177
532,12,0.13294878602027893,107,0.9499211609363556,0.7588195085525513,-0.0613863468170166,-0.09542107582092285,-0.061280012130737305,-0.06100881099700928,-0.06516623497009277,-0.0660102367401123
533,9,0.18832148611545563,82,0.692538958787918,1.353449024260044,0.9475141763687134,0.47345781326293945,0.9505670070648193,0.9496710300445557,0.9483351707458496,0.9498750567436218
534,19,0.15057426691055298,51,0.8912201166152954,0.5509473734668323,0.5318015813827515,0.04754418134689331,0.5343453288078308,0.5391263961791992,0.5273604393005371,0.5388880968093872
535,8,0.13336428999900818,183,1.0852246582508087,0.4305572435259819,0.8758515119552612,0.3704487085342407,0.8773245811462402,0.8748749494552612,0.8753927946090698,0.8785825371742249
536,16,0.1743547022342682,151,1.4974268555641175,0.4318856759504838,0.8916832208633423,0.728273868560791,0.8750413060188293,0.8692687153816223,0.8824434876441956,0.8784719705581665
537,18,0.11429861932992935,132,0.7058176653725761,0.5599864667112177,0.05545604228973389,0.08138489723205566,0.06744027137756348,0.07287871837615967,0.06403416395187378,0.06592053174972534
538,12,0.106934554874897,126,1.0990047284534998,0.599051296710968,0.5992807149887085,0.6056323647499084,0.577321469783783,0.5979453325271606,0.585759162902832,0.5972815155982971
539,6,0.2830367088317871,185,2.252750873565674,0.5120085686445236,0.22585421800613403,0.16503369808197021,0.22018420696258545,0.22911113500595093,0.22840869426727295,0.2342991828918457
540,9,0.12526704370975494,45,1.1158155351877213,0.34893278777599335,0.786302387714386,0.046481311321258545,0.784609854221344,0.7791839838027954,0.7847025394439697,0.7812925577163696
541,5,0.11593533307313919,110,1.2242843210697174,0.24551750719547272,0.7875804901123047,0.032812297344207764,0.7877570390701294,0.786995530128479,0.7857015132904053,0.786373496055603
542,14,0.14908142387866974,153,1.1762756705284119,0.5253539247946306,0.7095814943313599,0.4135608673095703,0.6990234851837158,0.7085809707641602,0.7137255668640137,0.7012753486633301
543,6,0.17645761370658875,185,1.113506031036377,1.3959201574325562,0.18559002876281738,0.18928754329681396,0.18452656269073486,0.18559354543685913,0.18203812837600708,0.18436002731323242
544,4,0.3368489444255829,23,0.7670316100120544,0.6580220460891724,-0.002684354782104492,-0.0030066967010498047,-0.004152894020080566,-0.003497481346130371,-0.003218412399291992,-0.005118727684020996
545,20,0.12160661816596985,144,1.1138148605823517,0.6682135977528312,0.929743230342865,0.23377299308776855,0.9298655390739441,0.9271393418312073,0.929221510887146,0.929222583770752
546,8,0.23836524784564972,21,0.9409998506307602,0.6948575377464294,-0.025092363357543945,-0.013985991477966309,-0.0426487922668457,-0.01943230628967285,-0.023939967155456543,-0.025337934494018555
547,13,0.17253606021404266,112,0.6916108727455139,0.47244122326374055,0.05122017860412598,-0.008588552474975586,0.041871726512908936,0.04569810628890991,0.03827226161956787,0.04731637239456177
548,17,0.15325571596622467,4,0.9857084512710571,0.7494713701307774,-0.15858495235443115,-0.04177093505859375,-0.16783058643341064,-0.09652268886566162,-0.16796445846557617,-0.06483781337738037
549,16,0.1071339100599289,97,0.876212168823589,0.6126758009195328,0.12074887752532959,-0.0054351091384887695,0.12090349197387695,0.10952496528625488,0.12438046932220459,0.11452889442443848
550,5,0.3783712387084961,40,0.7402382045984268,0.667957603931427,0.4397258162498474,0.10901319980621338,0.4302140474319458,0.4600445032119751,0.43599385023117065,0.45731818675994873
551,24,0.12234513461589813,57,1.1647615671157836,0.46980184787198115,-0.20026350021362305,-0.059363603591918945,-0.21321141719818115,-0.06609010696411133,-0.22965431213378906,-0.14274513721466064
552,7,0.2501072585582733,22,0.9570263385772705,0.3415740430355072,0.0031922459602355957,-0.03630876541137695,0.003941237926483154,-0.01316976547241211,0.008668065071105957,-0.015361785888671875
553,15,0.1415548175573349,57,0.9342315435409546,0.5733327969908715,-0.009975790977478027,-0.032508134841918945,-0.006293654441833496,-0.005088210105895996,-0.004292607307434082,-0.0035556554794311523
554,7,0.2775823175907135,90,1.5381975968678792,0.30189085751771927,0.8784777522087097,0.7903622984886169,0.8781489133834839,0.8764631748199463,0.8781437873840332,0.8758328557014465
555,6,0.16449329257011414,139,1.9264667332172394,0.8057338446378708,0.009516596794128418,-0.03550565242767334,0.01485586166381836,0.010721087455749512,0.055984437465667725,0.06284713745117188
556,21,0.13742130994796753,153,1.1621640287339687,0.6218972092165667,0.8074290752410889,0.7210177183151245,0.8056751489639282,0.8047038912773132,0.8071672916412354,0.8015601634979248
557,7,0.28396135568618774,103,1.325078547000885,0.42499133944511414,0.5868675708770752,0.5817116498947144,0.5871880054473877,0.5798431038856506,0.5822516679763794,0.5816181302070618
558,9,0.20059902966022491,158,1.66947340965271,0.6174645096063613,0.06468862295150757,0.08468079566955566,0.06909632682800293,0.07943105697631836,0.06037437915802002,0.08971655368804932
559,11,0.13147659599781036,167,0.8265651489297549,0.5038699030876159,0.5064061880111694,0.4960588812828064,0.5114438533782959,0.5089012384414673,0.5089787244796753,0.5162070989608765
560,18,0.12798257172107697,32,0.8615541458129883,0.47849891015461515,0.3347635269165039,0.31978875398635864,0.33638328313827515,0.33738815784454346,0.3342587351799011,0.3407585024833679
561,23,0.1263098567724228,4,1.0887150565783184,0.7219789571621839,-0.04452955722808838,-0.12530338764190674,-0.025585532188415527,-0.007895112037658691,-0.02560901641845703,0.01379328966140747
562,9,0.2898120880126953,195,0.5742062926292419,0.7410550670964378,0.018924355506896973,-0.016535639762878418,0.022632718086242676,0.021795153617858887,0.014416098594665527,0.021990060806274414
563,17,0.11690473556518555,193,0.6858593126138052,0.46395210176706314,0.24615085124969482,0.18229830265045166,0.24713921546936035,0.251156747341156,0.24285399913787842,0.25358933210372925
564,14,0.1583823561668396,194,1.3357231244444847,0.6674087643623352,0.11206811666488647,0.003328263759613037,0.11526668071746826,0.11815357208251953,0.11846655607223511,0.11522340774536133
565,7,0.20414946973323822,37,1.6016092697779338,0.6919985599815845,0.4551871418952942,0.23114949464797974,0.4547833800315857,0.4551857113838196,0.4577956795692444,0.45126640796661377
566,4,0.13224519789218903,125,1.5263540744781494,0.4595247060060501,0.829931914806366,0.4635077118873596,0.8305971622467041,0.8306456804275513,0.8299030661582947,0.8316090703010559
567,9,0.19762524962425232,75,0.8379063606262207,0.7612954761300769,0.0048296451568603516,-0.015068531036376953,0.0059400200843811035,-0.013470768928527832,0.0038547515869140625,-0.009395241737365723
568,21,0.12761744856834412,77,0.7922454604080745,0.5821070724299976,0.3599308133125305,0.3489813804626465,0.35728126764297485,0.39629197120666504,0.35557079315185547,0.3825494647026062
569,14,0.23856708407402039,115,1.1267812252044678,0.6193781822919846,0.8986340165138245,0.29305219650268555,0.8990491032600403,0.8966163396835327,0.9010544419288635,0.9028223156929016
570,4,0.3695065677165985,78,2.3015878200531006,0.40038147071997326,-0.012665033340454102,-0.01862943172454834,-0.00637364387512207,-0.011159539222717285,-0.009367227554321289,-0.015702486038208008
571,7,0.13825751841068268,106,0.870849092801412,0.3879510685801506,0.9165050387382507,0.8134065866470337,0.9174020290374756,0.91330885887146,0.9180907011032104,0.9146897792816162
572,6,0.3936944603919983,148,0.6163870096206665,0.3484264872968197,0.1598028540611267,0.12249499559402466,0.08986282348632812,0.1405864953994751,0.16111236810684204,0.14679628610610962
573,12,0.15955908596515656,56,0.9036022623380026,0.4754211488697264,0.018122851848602295,0.0244598388671875,0.03099536895751953,0.0547945499420166,0.03182488679885864,0.04842078685760498
574,17,0.1382410079240799,195,0.6752474208672842,0.5179490528323434,0.20211255550384521,0.06866323947906494,0.16581642627716064,0.19424349069595337,0.17913126945495605,0.20629602670669556
575,11,0.1358328014612198,27,1.7366705298423768,0.6477714851498604,0.05557483434677124,0.027322113513946533,0.03314328193664551,0.17159491777420044,0.03614604473114014,0.1418641209602356
576,13,0.2741028368473053,193,0.2079935073852539,0.48624833797415096,0.1656268835067749,0.045739591121673584,0.16361373662948608,0.1615954041481018,0.1657733917236328,0.1652299165725708
577,14,0.11685477197170258,143,1.3321536540985108,0.47933244042926365,0.5298829078674316,0.3580043315887451,0.5166929960250854,0.5019071102142334,0.5114394426345825,0.517746090888977
578,12,0.1714627742767334,60,0.9542918741703034,0.7765968378101077,0.30305033922195435,0.048729002475738525,0.30106258392333984,0.29304778575897217,0.29852980375289917,0.29282456636428833
579,7,0.10486935824155807,177,0.7293559275567532,1.1500635941823323,0.004612326622009277,-0.002685546875,0.004977524280548096,0.0065430402755737305,0.006970763206481934,0.01206439733505249
580,7,0.19322344660758972,10,1.3854061007499694,0.6907325387001038,0.006863653659820557,0.019270360469818115,0.009289205074310303,0.010494589805603027,0.006915569305419922,0.01052623987197876
581,8,0.19615086913108826,17,1.4262118190526962,0.7026922255754471,-0.27185022830963135,-0.46428537368774414,-0.26445722579956055,-0.35869109630584717,-0.2751816511154175,-0.32109272480010986
582,15,0.18862511217594147,31,1.0720501363277435,0.4473404124379158,0.012266159057617188,-0.0333096981048584,0.015421867370605469,-0.0013031959533691406,0.0130959153175354,-0.0004334449768066406
583,4,0.29062411189079285,8,0.8866444230079651,0.6714717745780945,0.150418221950531,0.08377182483673096,0.1652197241783142,0.3004775047302246,0.12872576713562012,0.2263329029083252
584,4,0.3960115611553192,153,1.4638031721115112,0.8597615559895834,0.0012326240539550781,0.003716588020324707,0.0009914040565490723,-0.000878453254699707,-0.001071929931640625,0.003001272678375244
585,21,0.1688031554222107,143,0.9194907546043396,0.4581518751733443,0.21945631504058838,0.15628927946090698,0.21010607481002808,0.2234058976173401,0.2147098183631897,0.22220087051391602
586,16,0.14725150167942047,8,0.9848193407058716,0.6596674214709889,-0.019168853759765625,-0.006045341491699219,-0.013866424560546875,-0.0065708160400390625,-0.01574087142944336,-0.01159214973449707
587,9,0.2632924020290375,62,1.134448453783989,0.47672258615493773,0.8686128854751587,0.7713287472724915,0.8400842547416687,0.863601565361023,0.8482598066329956,0.8428726196289062
588,13,0.11535904556512833,139,1.195352743069331,0.4129644866500582,0.8889194130897522,0.14545732736587524,0.8918704390525818,0.8949229717254639,0.8933921456336975,0.8894934058189392
589,5,0.35568490624427795,95,2.004503220319748,0.29861582815647125,0.900077223777771,0.8761875629425049,0.8988062143325806,0.8999184966087341,0.9010337591171265,0.8972703218460083
590,5,0.2685612738132477,7,0.8169907405972481,0.6493032077948252,-0.3822488784790039,-0.5526719093322754,-0.39839470386505127,-0.35677337646484375,-0.4128389358520508,-0.3902473449707031
591,20,0.11122260987758636,7,1.109224870800972,0.6160845582683881,-0.09163331985473633,-0.010306596755981445,-0.08269000053405762,0.014139413833618164,-0.08319294452667236,0.0003323554992675781
592,21,0.16332592070102692,93,1.7784197529157002,0.5812242122160064,0.8698769211769104,0.8608607053756714,0.8731832504272461,0.8760724663734436,0.8711380958557129,0.874721884727478
593,7,0.3359130024909973,11,1.373537500699361,0.44125576689839363,0.728956401348114,0.2659519910812378,0.7090601921081543,0.7274496555328369,0.7156448364257812,0.7174031138420105
594,4,0.2214026153087616,182,1.8853463530540466,0.6344409584999084,0.49124205112457275,0.47595763206481934,0.48035287857055664,0.4611191749572754,0.45338666439056396,0.45631223917007446
595,8,0.3885992169380188,163,0.7339834570884705,0.5792362945420402,0.42782723903656006,0.35824060440063477,0.4287000894546509,0.4278254508972168,0.4299566149711609,0.4503951072692871
596,13,0.14204202592372894,43,1.1322228074073792,0.44930341094732285,-0.05088627338409424,-0.020891427993774414,-0.06745004653930664,-0.11580049991607666,-0.06104636192321777,-0.10874736309051514
597,5,0.1478583812713623,34,0.44745776802301407,0.5918695330619812,0.19748139381408691,0.15711671113967896,0.21911174058914185,0.217909038066864,0.21008747816085815,0.21856582164764404
598,3,0.3369440734386444,116,0.9866187572479248,0.4149351567029953,0.2926475405693054,0.04498600959777832,0.29065102338790894,0.2971540093421936,0.29343998432159424,0.2918946146965027
599,8,0.13382409512996674,69,2.0650176107883453,0.7335499376058578,0.9066530466079712,0.6997029781341553,0.8997678160667419,0.9012892246246338,0.9047526717185974,0.9026130437850952
600,7,0.214085191488266,177,0.7278753916422526,1.0066637843847275,0.301244854927063,0.3200247287750244,0.2997155785560608,0.2982994318008423,0.2953273057937622,0.2971307635307312
601,9,0.20600183308124542,64,1.2170208916068077,1.009977674484253,-0.0990896224975586,-0.025338292121887207,-0.027222871780395508,-0.14211058616638184,-0.11074995994567871,-0.05649137496948242
602,11,0.16662395000457764,191,0.98216712474823,0.92805708758533,0.4543331265449524,0.047598421573638916,0.4568477272987366,0.4548720121383667,0.45549046993255615,0.4512091279029846
603,14,0.22721436619758606,125,1.4704026182492573,0.6959490552544594,0.7967320680618286,0.2870998978614807,0.806167483329773,0.8024144172668457,0.80912846326828,0.7980336546897888
604,12,0.3038472533226013,180,2.263167142868042,0.5460474978793751,0.062093257904052734,0.0025131702423095703,0.01505821943283081,0.013552963733673096,0.016169428825378418,0.018379807472229004
605,7,0.1983683854341507,70,1.424829085667928,0.3649088405072689,0.6790775656700134,0.07919806241989136,0.6736785173416138,0.6818628311157227,0.6790926456451416,0.6858571767807007
606,7,0.15233606100082397,28,1.2056573182344437,0.27197470764319104,0.8309821486473083,0.2260974645614624,0.8382325172424316,0.8477715253829956,0.8374137282371521,0.8474053740501404
607,19,0.10595069080591202,98,0.7033776309755113,0.6090038403868675,0.5746864080429077,0.34854018688201904,0.5574889183044434,0.5416058301925659,0.5895391702651978,0.5620609521865845
608,15,0.13985979557037354,162,1.849246546626091,0.5112497278235175,0.029000699520111084,0.01170271635055542,0.06060701608657837,0.04446905851364136,0.008581876754760742,0.05203425884246826
609,7,0.29959598183631897,34,0.3408067375421524,0.3942867934703827,0.8599770069122314,0.8260352611541748,0.859743595123291,0.8613136410713196,0.8597993850708008,0.8608878254890442
610,3,0.22492024302482605,107,0.9190409481525421,0.4887528419494629,0.6550320982933044,0.5112802982330322,0.6550813913345337,0.6576683521270752,0.656807541847229,0.6572836637496948
611,4,0.27643951773643494,80,1.2524141073226929,0.343959520260493,0.42542386054992676,0.0858725905418396,0.41928189992904663,0.42279601097106934,0.4266101121902466,0.4352882504463196
612,5,0.11279032379388809,110,1.4054009914398193,0.2435862272977829,-0.018923640251159668,-0.004038572311401367,-0.013526201248168945,-0.020083069801330566,-0.02080404758453369,-0.014303088188171387
613,13,0.13426710665225983,83,1.0180706424372536,0.9008634388446808,-0.019578933715820312,-0.03964114189147949,-0.02953362464904785,-0.02129197120666504,-0.020233154296875,-0.030462980270385742
614,7,0.3367983400821686,178,1.2207262739539146,0.694338646531105,0.11517810821533203,0.0015118122100830078,0.11047184467315674,0.1106257438659668,0.1151430606842041,0.111111581325531
615,5,0.30826932191848755,140,1.4872135818004608,0.7112705558538437,0.015186607837677002,0.0006998181343078613,0.032927513122558594,0.009910345077514648,0.03021782636642456,0.016422748565673828
616,12,0.15766826272010803,197,0.8740584701299667,0.5200145393610001,0.681208074092865,0.5155133008956909,0.6844590902328491,0.6772001385688782,0.684124767780304,0.6816916465759277
617,13,0.2739468812942505,102,0.3839145104090373,0.6468024760484695,0.02962738275527954,-0.008908629417419434,0.03614640235900879,0.031024575233459473,0.022179841995239258,0.02607417106628418
618,3,0.17833243310451508,67,0.786863774061203,1.1497318744659424,-0.018131613731384277,-0.00845193862915039,-0.015977144241333008,-0.01679694652557373,-0.018783926963806152,-0.015906691551208496
619,14,0.1205236166715622,56,1.0863154431184132,0.5028980951756239,0.20677709579467773,0.1971706748008728,0.1985042691230774,0.20544302463531494,0.18750834465026855,0.21516138315200806
620,17,0.10840649157762527,85,0.9024319037795067,0.6388612772737231,0.6878867745399475,0.24715399742126465,0.6740961670875549,0.6804022789001465,0.6762769222259521,0.6777620911598206
621,6,0.26101258397102356,112,0.8131371438503265,0.5905359387397766,-0.008673787117004395,-0.008148789405822754,-0.009762287139892578,-0.009720087051391602,-0.008699893951416016,-0.010128259658813477
622,3,0.2795003056526184,185,1.010759562253952,0.7848986983299255,0.04905217885971069,0.05664557218551636,0.04496002197265625,0.05532008409500122,0.05244100093841553,0.05915474891662598
623,17,0.12163173407316208,66,0.9003503492900303,0.617474089562893,0.7450004816055298,0.549848198890686,0.7414422035217285,0.7389044165611267,0.7491769790649414,0.7387970685958862
624,9,0.1975964605808258,60,1.580006942152977,0.38843002915382385,0.9351944923400879,0.35303670167922974,0.9425820708274841,0.9295411705970764,0.941432535648346,0.930984616279602
625,16,0.16262012720108032,170,0.8179891467094421,0.45817148143594916,-0.018911361694335938,-0.023163318634033203,-0.016963839530944824,-0.016694188117980957,-0.018838882446289062,-0.018366575241088867
626,15,0.11339935660362244,69,1.6187862008810043,0.34533455967903137,0.8245794177055359,0.6471310257911682,0.8255183100700378,0.8159072995185852,0.8232676982879639,0.8206154108047485
627,7,0.2036045342683792,136,1.264127604663372,0.6790541013081869,-0.09410500526428223,-0.0522998571395874,-0.09469079971313477,-0.12225306034088135,-0.10636699199676514,-0.11931979656219482
628,9,0.17447508871555328,39,1.127266411979993,0.7995078961054484,-0.00345003604888916,-0.013959407806396484,-0.0034819841384887695,-0.007856965065002441,-0.003239750862121582,-0.007061362266540527
629,5,0.13369813561439514,94,1.8605991005897522,0.2160852998495102,0.057048141956329346,0.04481983184814453,0.04452991485595703,0.04054814577102661,0.07024258375167847,0.04670000076293945
630,8,0.35285887122154236,99,0.7409250736236572,0.6269668738047282,0.8762283325195312,0.8004721999168396,0.8538998961448669,0.8548612594604492,0.8323932886123657,0.8318295478820801
631,6,0.1493411660194397,37,0.8552694991230965,0.7854753732681274,-0.058298468589782715,-0.015138387680053711,-0.05024921894073486,-0.025455713272094727,-0.0538177490234375,-0.033238887786865234
632,11,0.18440766632556915,186,1.1387989073991776,0.7808325091997782,0.8963286876678467,0.7136053442955017,0.8947615623474121,0.8918567895889282,0.8953716158866882,0.8931341767311096
633,14,0.1046471893787384,20,0.8849374188317193,0.6250901937484741,0.2855628728866577,0.02059119939804077,0.2863363027572632,0.21667450666427612,0.28607165813446045,0.2490299940109253
634,7,0.35887035727500916,47,1.723698377609253,0.4497147619724274,0.7351702451705933,0.1372389793395996,0.7347750663757324,0.7408175468444824,0.7396812438964844,0.7357833981513977
635,8,0.2735879123210907,131,1.0659983555475872,0.698932158946991,-0.016744494438171387,-0.017344236373901367,-0.014928698539733887,-0.015097498893737793,-0.022425055503845215,-0.009031057357788086
636,5,0.20461341738700867,160,1.5918315649032593,0.5607950091362,0.45824718475341797,0.01313239336013794,0.4578711986541748,0.43284279108047485,0.4622651934623718,0.46691709756851196
637,5,0.12759998440742493,174,0.9000651637713114,0.5912618339061737,0.8452011346817017,0.5088249444961548,0.84670090675354,0.8463287949562073,0.8461745381355286,0.8473801612854004
638,10,0.12298593670129776,171,0.7308716873327891,0.45211274921894073,-0.06197822093963623,-0.044621825218200684,-0.06269526481628418,-0.059191226959228516,-0.06300163269042969,-0.052959561347961426
639,14,0.17883647978305817,34,1.2785593420267105,0.5318952053785324,0.8963360786437988,0.9016742706298828,0.8926487565040588,0.8999833464622498,0.8950192332267761,0.8961074948310852
640,19,0.11919410526752472,17,0.6960873984628253,0.3850649043917656,0.5566631555557251,0.009534478187561035,0.5639041662216187,0.5403116345405579,0.5725854635238647,0.5742083787918091
641,6,0.16487978398799896,53,1.3238996267318726,0.6000291705131531,0.408200204372406,0.12256878614425659,0.4053046703338623,0.40884608030319214,0.40505915880203247,0.40890324115753174
642,5,0.37286221981048584,123,0.6751503845055898,0.534512996673584,0.3286728262901306,0.22343075275421143,0.3251444697380066,0.32536548376083374,0.3274443745613098,0.320407509803772
643,9,0.27757999300956726,169,0.40128906071186066,0.4626209080219269,0.6128488779067993,0.5758323669433594,0.6201066970825195,0.6111871004104614,0.6166367530822754,0.6121231913566589
644,7,0.1402951329946518,29,0.5102163255214691,1.0828259736299515,0.5793858170509338,0.542770266532898,0.5780564546585083,0.5820639133453369,0.5814081430435181,0.5834740996360779
645,14,0.12953290343284607,140,1.2013603101174037,0.5575653910636902,0.3603810667991638,0.0077547430992126465,0.3504377007484436,0.34869444370269775,0.3394184112548828,0.3473697900772095
646,14,0.13089728355407715,147,0.7210715115070343,0.6919669806957245,0.3510734438896179,0.1977541446685791,0.36378639936447144,0.3649584650993347,0.3554863929748535,0.34959250688552856
647,7,0.12817735970020294,25,1.72440305352211,0.551448235909144,0.8949788808822632,0.25899773836135864,0.8866808414459229,0.8884385824203491,0.8936695456504822,0.8892830610275269
648,4,0.25765877962112427,76,2.563852628072103,0.5290271639823914,0.5500956773757935,0.09024590253829956,0.5457408428192139,0.549321711063385,0.5500626564025879,0.5490801334381104
649,14,0.12418252229690552,30,0.8050542384386062,0.5572544071409438,-0.034827232360839844,0.009495198726654053,-0.052364230155944824,-0.02622079849243164,-0.06397438049316406,-0.004513978958129883
650,8,0.2809663712978363,119,2.219237963358561,0.2853866875171661,0.8488059639930725,0.4620148539543152,0.8458594083786011,0.8406745791435242,0.8394536375999451,0.8371690511703491
651,3,0.3228529095649719,179,2.767930746078491,0.8270100057125092,0.5025625228881836,0.38666361570358276,0.5047109127044678,0.5047627091407776,0.5044384598731995,0.5041923522949219
652,17,0.13514059782028198,95,0.7371685902277628,0.7470559315247969,0.1545175313949585,0.1267656683921814,0.17027980089187622,0.16922569274902344,0.1593233346939087,0.15693610906600952
653,6,0.20485404133796692,100,1.3324223558108013,0.37135059634844464,0.591092050075531,0.2100433111190796,0.5924025774002075,0.5935256481170654,0.5948227047920227,0.5917209982872009
654,8,0.19576594233512878,199,1.4814550479253132,0.5914898008108139,0.13532912731170654,0.12450003623962402,0.1232500672340393,0.13668560981750488,0.1400027871131897,0.13923507928848267
655,18,0.1545950472354889,190,0.3674388478199641,0.6505337178707122,0.37145090103149414,0.16542547941207886,0.3780253529548645,0.36951082944869995,0.3743784427642822,0.3739144206047058
656,3,0.17864888906478882,162,1.3731314986944199,0.34352952241897583,0.076454758644104,0.029948115348815918,0.07942628860473633,0.07682162523269653,0.07609415054321289,0.07653355598449707
657,13,0.12325379252433777,107,1.095105841755867,0.6055051220787896,0.08090925216674805,0.0029994845390319824,0.09245628118515015,0.09594416618347168,0.09352219104766846,0.09719657897949219
658,12,0.1004619225859642,195,0.621883773803711,0.734515803200858,0.15459728240966797,0.08668506145477295,0.1541532278060913,0.16873329877853394,0.14897984266281128,0.16679120063781738
659,5,0.22748365998268127,85,0.5989417433738708,0.5277570560574532,0.6865850687026978,0.618988037109375,0.6809177398681641,0.6873067617416382,0.6845144629478455,0.6846111416816711
660,8,0.3640883266925812,116,1.1903105576833088,0.548887449502945,0.18967211246490479,0.030545175075531006,0.21052932739257812,0.2384117841720581,0.21359938383102417,0.24049371480941772
661,9,0.2954566478729248,199,0.9850722899039587,0.4299166177709897,0.004459500312805176,-0.001583695411682129,0.00047212839126586914,-0.0012805461883544922,0.0003160834312438965,0.004043161869049072
662,14,0.20774762332439423,29,1.421274185180664,0.6150649840181525,0.455308198928833,0.29920172691345215,0.443723201751709,0.4051026701927185,0.4326545000076294,0.40347206592559814
663,17,0.10671728104352951,46,1.1193178718288739,0.5049090653657913,0.7273852229118347,0.7239557504653931,0.7300771474838257,0.7276735305786133,0.7303367853164673,0.729447603225708
664,3,0.32888126373291016,192,1.4204952120780945,1.9759104251861572,0.05086207389831543,0.056700170040130615,0.0562901496887207,0.056662917137145996,0.058132946491241455,0.05443292856216431
665,5,0.11757224798202515,170,0.43055301904678345,0.6525548696517944,-0.06071829795837402,0.016708016395568848,-0.021480202674865723,0.0036183595657348633,-0.03808188438415527,-0.0038747787475585938
666,9,0.1501997709274292,9,1.0024255871772767,0.7720727771520615,-0.14456748962402344,-0.05707526206970215,-0.1359647512435913,-0.2170168161392212,-0.17853879928588867,-0.1828228235244751
667,3,0.257411390542984,127,2.3209404945373535,0.8445751965045929,0.09395372867584229,0.12168353796005249,0.10454344749450684,0.10529184341430664,0.10961228609085083,0.10717248916625977
668,8,0.19401781260967255,72,0.7750986417134603,0.6364736557006836,0.19435453414916992,0.2088192105293274,0.2048218846321106,0.19804292917251587,0.21439296007156372,0.21043872833251953
669,23,0.1635039895772934,181,0.874226043621699,0.7259209543466568,0.2836422324180603,0.27344810962677,0.2871893048286438,0.29138821363449097,0.27828294038772583,0.28391826152801514
670,11,0.10558793693780899,122,1.3108480828148978,0.5849516093730927,0.6551862955093384,0.049729108810424805,0.6608893275260925,0.6667248010635376,0.6616593599319458,0.6662474870681763
671,11,0.10567968338727951,6,0.9810333748658498,0.807932311296463,0.29229480028152466,0.4504774808883667,0.30110055208206177,0.3604236841201782,0.3558824062347412,0.3231527805328369
672,8,0.2666199803352356,116,0.976931114991506,0.5887920558452606,0.120999276638031,-0.0011748075485229492,0.12211984395980835,0.1080852746963501,0.12033450603485107,0.11358845233917236
673,16,0.14316251873970032,20,1.5460410118103027,0.5570013870795568,0.9692592024803162,0.8910079598426819,0.970261812210083,0.967414915561676,0.9624967575073242,0.9688681364059448
674,14,0.2254796028137207,148,1.083938181400299,0.7235562920570373,0.3300364017486572,0.06743085384368896,0.3070595860481262,0.27288323640823364,0.3055538535118103,0.3095390796661377
675,5,0.2669205665588379,121,1.5507766902446747,0.21294845640659332,0.7100590467453003,0.163532555103302,0.7062497138977051,0.7041406631469727,0.7055667638778687,0.7069917321205139
676,18,0.1070454940199852,104,1.4770707786083221,0.5492290361569478,0.8605184555053711,0.8525389432907104,0.8595689535140991,0.8573487997055054,0.857258677482605,0.8555378913879395
677,10,0.1384551078081131,140,1.14444819688797,0.4490743219852448,0.6425673961639404,0.6406333446502686,0.6421149969100952,0.6405702829360962,0.6404644250869751,0.6400308609008789
678,6,0.3111526072025299,177,0.7052536209424337,0.5360233783721924,0.022208094596862793,0.02106797695159912,0.017089486122131348,0.013040781021118164,0.0158042311668396,0.0034180283546447754
679,6,0.13224384188652039,76,1.5104951063791912,0.30973248680432636,0.7483943104743958,0.1732235550880432,0.7503791451454163,0.7441681027412415,0.7429022789001465,0.7512111067771912
680,14,0.1334214061498642,133,1.210511326789856,0.5285267915044513,-0.02815711498260498,0.0018584132194519043,-0.03400599956512451,-0.01611196994781494,-0.025657176971435547,-0.026837706565856934
681,5,0.38542598485946655,19,0.4187396317720413,0.7896853983402252,0.3660758137702942,0.11641561985015869,0.3613277077674866,0.41328293085098267,0.27978163957595825,0.40617650747299194
682,13,0.2887386083602905,65,2.0014743407567344,0.6434641316533088,0.5342001914978027,0.05014646053314209,0.5234013199806213,0.46348875761032104,0.5119246244430542,0.5193215608596802
683,17,0.12488385289907455,166,1.2752699375152587,0.6493355892598629,0.5925092697143555,-0.007063508033752441,0.5972956418991089,0.595562756061554,0.5971068143844604,0.5934651494026184
684,4,0.12416698038578033,141,0.7424189647038778,0.6489278674125671,0.03988081216812134,-0.006762027740478516,0.03887808322906494,0.04309719800949097,0.042943358421325684,0.03921401500701904
685,11,0.10652535408735275,57,1.1289007642439433,0.7962636798620224,0.0031418800354003906,0.006213963031768799,0.01302260160446167,-0.0014284849166870117,0.038810551166534424,0.002192676067352295
686,3,0.1788617968559265,69,0.5029332339763641,1.127277135848999,0.06199514865875244,0.06352275609970093,0.07278275489807129,0.07514333724975586,0.08181875944137573,0.089652419090271
687,7,0.29151344299316406,165,1.430252492427826,0.4772674351930618,0.7904887199401855,0.43636059761047363,0.7951104640960693,0.7951946258544922,0.7950863838195801,0.7912243604660034
688,7,0.2594529390335083,194,0.8883137181401253,0.5844215631484986,0.6613578796386719,0.025467991828918457,0.6524864435195923,0.6283719539642334,0.6541037559509277,0.6415406465530396
689,11,0.10818753391504288,100,1.0171490261952083,0.6514170944690705,0.40872836112976074,-0.02588677406311035,0.40512603521347046,0.4089224338531494,0.40208637714385986,0.40608954429626465
690,10,0.10167168080806732,157,1.4121294617652893,0.847173310816288,0.17880040407180786,-0.0027271509170532227,0.1746135950088501,0.18249809741973877,0.17890948057174683,0.16695374250411987
691,15,0.10020226240158081,158,1.5816420838236809,0.6659015204225268,0.342532753944397,-0.04889726638793945,0.33072328567504883,0.3779376149177551,0.35281896591186523,0.3800502419471741
692,9,0.1665913462638855,53,1.3149771690368652,0.4989929993947347,0.5417284369468689,0.2871924042701721,0.5255321264266968,0.5287550687789917,0.5297940373420715,0.5199930667877197
693,9,0.11412519216537476,200,1.0507251173257828,0.4591870427131653,0.160810649394989,-0.012152433395385742,0.17441201210021973,0.17599600553512573,0.1689220666885376,0.17658555507659912
694,7,0.2782817780971527,21,1.144205391407013,0.36861422657966614,-0.27034008502960205,-0.5485433340072632,-0.22085464000701904,-0.19140982627868652,-0.1450662612915039,-0.1142416000366211
695,9,0.25963014364242554,156,0.9550955474376679,0.5123896300792694,0.04868650436401367,0.008277475833892822,0.0513310432434082,0.05145484209060669,0.05115187168121338,0.049981772899627686
696,23,0.1003730297088623,188,0.8547455072402954,0.5929541392251849,0.1900121569633484,-0.003952741622924805,0.1905505657196045,0.2000889778137207,0.1912153959274292,0.19935864210128784
697,10,0.17912335693836212,117,1.2704106171925862,0.7195104381867817,-0.0179445743560791,-0.008922934532165527,-0.045218825340270996,-0.009935498237609863,-0.01727914810180664,-0.016585826873779297
698,3,0.1461225003004074,123,0.33423060178756714,0.6689595133066177,0.006615698337554932,-0.016141533851623535,0.009613275527954102,0.0014809966087341309,0.003936111927032471,0.001597583293914795
699,7,0.14702703058719635,190,0.8623419627547264,1.099995493888855,0.002689957618713379,0.0076978206634521484,-0.0010175704956054688,0.0016135573387145996,0.0003630518913269043,0.004613339900970459
700,9,0.3632173240184784,174,1.4025127649307252,0.4054132476449013,0.7830380201339722,0.7380907535552979,0.7788772583007812,0.7869930267333984,0.7680674195289612,0.7786791920661926
701,5,0.32079511880874634,56,1.1644554138183594,0.5488606169819832,-0.014857649803161621,-0.005754828453063965,-0.0016711950302124023,0.0013535618782043457,0.001987755298614502,0.006712615489959717
702,4,0.23283839225769043,176,0.8252627650896708,0.7535573840141296,-0.047475218772888184,-0.0018732547760009766,-0.03869318962097168,-0.03433668613433838,-0.03353691101074219,-0.041852355003356934
703,4,0.28696155548095703,10,0.41421111424763996,0.5949952006340027,-0.2736567258834839,-0.40744614601135254,-0.2644129991531372,-0.16513752937316895,-0.26843690872192383,-0.15953373908996582
704,9,0.12373378127813339,99,0.39871765673160553,0.7110048532485962,0.0944209098815918,-0.005184054374694824,0.09005576372146606,0.09182870388031006,0.09237039089202881,0.09173023700714111
705,7,0.15544913709163666,144,0.8268317610025406,0.6087362170219421,0.4708806872367859,0.352011501789093,0.4579963684082031,0.47360455989837646,0.45816147327423096,0.46177077293395996
706,13,0.17291054129600525,165,1.606715452671051,0.35135265067219734,0.8652451038360596,0.6620670557022095,0.8645675182342529,0.867977499961853,0.8663408756256104,0.8693008422851562
707,8,0.3233014643192291,32,1.1267863810062408,0.6913232579827309,0.5081518888473511,0.4475672245025635,0.5266309976577759,0.5045496225357056,0.5147525072097778,0.5043025016784668
708,11,0.1299770176410675,167,1.279980460802714,0.57170090675354,0.7145825624465942,0.4576328992843628,0.7157694101333618,0.7134199738502502,0.7170959711074829,0.707535982131958
709,19,0.12550173699855804,159,1.197200310230255,0.77128652376788,0.667699933052063,0.05631446838378906,0.6589390635490417,0.6400895714759827,0.6677386164665222,0.6672757863998413
710,8,0.33530938625335693,161,1.5736629962921143,0.6387427985668183,0.19717973470687866,0.12703955173492432,0.20144116878509521,0.19300758838653564,0.20210379362106323,0.20114076137542725
711,3,0.18631435930728912,62,1.4118461608886719,0.5547667741775513,0.41268742084503174,0.3325548768043518,0.40503448247909546,0.4031718969345093,0.4068915843963623,0.40681004524230957
712,8,0.12235864251852036,55,0.3858995586633682,0.5831119641661644,0.009143590927124023,-0.003656625747680664,0.00946587324142456,0.02290886640548706,0.004606842994689941,0.02532726526260376
713,18,0.12197821587324142,56,1.5099702179431915,0.7924987211823463,-0.03547787666320801,-0.0560072660446167,-0.04118180274963379,-0.03840291500091553,-0.03605234622955322,-0.04612863063812256
714,15,0.12014041095972061,11,0.6734071721633276,0.9201586180263095,0.4694962501525879,0.33656883239746094,0.47495466470718384,0.48239666223526,0.4969368577003479,0.4832404851913452
715,13,0.10250499844551086,27,0.6536202669143677,0.5656742267310619,-0.036351799964904785,-0.04310643672943115,-0.03403162956237793,-0.05768692493438721,-0.03618943691253662,-0.0606389045715332
716,6,0.20369945466518402,44,1.8977506160736084,0.8051889141400655,0.6924862861633301,0.11723172664642334,0.6984304189682007,0.7042073011398315,0.6921162009239197,0.7047784328460693
717,13,0.20866692066192627,61,0.578093383461237,0.44613879753483665,0.5784881114959717,0.5912708044052124,0.5903107523918152,0.5888993740081787,0.5789471864700317,0.5920606255531311
718,11,0.1807580590248108,53,0.8931763470172882,0.5207239815167019,0.18808096647262573,0.10888642072677612,0.1755167841911316,0.19267892837524414,0.18442660570144653,0.1886799931526184
719,6,0.33185136318206787,198,1.7258287072181702,0.6615363396704197,0.33906078338623047,0.33804136514663696,0.3693002462387085,0.3749949336051941,0.37154680490493774,0.3740776777267456
720,7,0.3686739504337311,45,1.7434055805206299,0.6986138373613358,0.8039065599441528,0.8052343130111694,0.7936890125274658,0.809112548828125,0.8010016083717346,0.8052159547805786
721,16,0.18452884256839752,20,1.1423976063728332,0.6742368543689902,-0.27619290351867676,-0.303263783454895,-0.19938337802886963,0.05802375078201294,-0.2210853099822998,0.09863758087158203
722,15,0.19345511496067047,11,0.9188982471823692,0.9375980363951789,-0.04820418357849121,0.013686418533325195,-0.09562516212463379,0.11343938112258911,-0.07151639461517334,0.08570688962936401
723,21,0.10831206291913986,81,0.8256470064322153,0.47063781196872395,0.8105443716049194,0.6731034517288208,0.8030879497528076,0.8116401433944702,0.8022811412811279,0.8181623220443726
724,11,0.10776302963495255,128,0.829219663143158,0.7104155570268631,0.4499704837799072,0.07836604118347168,0.451538622379303,0.453860878944397,0.4569910168647766,0.45950567722320557
725,12,0.13224472105503082,200,0.7647155337035656,0.6738663241267204,0.042172908782958984,0.012853562831878662,0.04316258430480957,0.043771564960479736,0.042649686336517334,0.043353497982025146
726,8,0.1033225804567337,177,0.4273233041167259,0.33290961757302284,0.07705026865005493,0.02192211151123047,0.07243484258651733,0.0806395411491394,0.07928717136383057,0.07707422971725464
727,5,0.2876279652118683,117,1.2834801971912384,0.9057027498881022,0.04951244592666626,-0.008111119270324707,0.06535118818283081,0.04356265068054199,0.06628715991973877,0.05005085468292236
728,3,0.23405693471431732,17,1.8840457201004028,0.8869875073432922,-0.16926181316375732,-0.17947542667388916,-0.18729066848754883,-0.17964434623718262,-0.15354466438293457,-0.17580032348632812
729,13,0.14327920973300934,15,0.9052173271775246,0.8259447779920366,0.5279351472854614,0.5998847484588623,0.35733717679977417,0.5347601771354675,0.4948442578315735,0.45448440313339233
730,6,0.3201890289783478,155,1.8932311534881592,0.9458929598331451,0.10346031188964844,0.10496234893798828,0.09186172485351562,0.10303390026092529,0.10049057006835938,0.10702717304229736
731,24,0.10246378183364868,149,1.372847780585289,0.6163741412915682,0.18181943893432617,0.16842752695083618,0.18968045711517334,0.18825078010559082,0.1824204921722412,0.19153964519500732
732,7,0.26769664883613586,130,0.8324231505393982,0.596507066488266,0.003705441951751709,0.00284653902053833,0.0036481618881225586,0.0033936500549316406,0.0051201581954956055,0.003734409809112549
733,6,0.2767457365989685,167,0.5008349269628525,0.8308026045560837,0.283687949180603,0.14014601707458496,0.2738422155380249,0.2758345603942871,0.2844884991645813,0.27565324306488037
734,5,0.1223839670419693,164,1.5687414407730103,1.2556794881820679,0.3405601978302002,0.3070690631866455,0.34519851207733154,0.3462730646133423,0.3463127613067627,0.34503328800201416
735,9,0.13044676184654236,180,1.3851563930511475,0.504627175629139,-0.03053581714630127,-0.009412765502929688,-0.017335891723632812,-0.014934301376342773,-0.032975077629089355,-0.0005033016204833984
736,10,0.10857213288545609,158,1.1640486021836598,0.4788985326886177,0.7048929929733276,0.7447293996810913,0.7061042785644531,0.6978152990341187,0.7082066535949707,0.7019010186195374
737,14,0.1524491012096405,24,1.2345338662465413,0.618564585223794,0.019512951374053955,0.031333327293395996,0.016591310501098633,0.03227114677429199,0.014827132225036621,0.03160971403121948
738,12,0.11325199156999588,63,1.65713010430336,0.6098577060869762,0.7831240892410278,0.7274263501167297,0.7825703024864197,0.784454345703125,0.7838225364685059,0.7829000949859619
739,10,0.26158392429351807,142,0.5597984989484152,0.6500989773443767,0.09296303987503052,0.0946357250213623,0.09544283151626587,0.09615224599838257,0.09554445743560791,0.09350448846817017
740,16,0.19064295291900635,70,1.2743756622076035,0.6603214994072915,0.2851792573928833,0.21165722608566284,0.27630889415740967,0.2823006510734558,0.2814732789993286,0.28506988286972046
741,19,0.13554592430591583,125,1.4283853835529752,0.529598069190979,0.6372718811035156,0.23559921979904175,0.6493545770645142,0.6467399597167969,0.6382452249526978,0.6352430582046509
742,9,0.20527391135692596,58,0.6638247966766357,0.5111102014780045,0.10943877696990967,0.00764012336730957,0.08862227201461792,0.09932601451873779,0.07966476678848267,0.10768193006515503
743,7,0.10534138977527618,44,0.9634986042976379,0.36634034663438797,0.33078837394714355,0.06501263380050659,0.32954293489456177,0.323103129863739,0.3309694528579712,0.3234631419181824
744,3,0.3275916874408722,147,1.2187579870224,0.5750983953475952,-0.03936326503753662,-0.03535020351409912,-0.03698849678039551,-0.030240416526794434,-0.038968682289123535,-0.03729665279388428
745,10,0.19730530679225922,122,1.9998794098695118,0.6275775879621506,0.01214909553527832,0.024903297424316406,0.010440051555633545,0.009711503982543945,0.017059504985809326,0.007523894309997559
746,12,0.2139289677143097,163,1.3408571481704712,0.8149949312210083,0.38594573736190796,0.27425652742385864,0.3021421432495117,0.3005061149597168,0.3683067560195923,0.30517250299453735
747,15,0.1422593891620636,91,1.0624171098073323,0.8098232373595238,0.8948237299919128,0.7744418382644653,0.8934530019760132,0.8877624273300171,0.8942373991012573,0.8896923065185547
748,8,0.2689851224422455,181,0.6776084303855896,0.367796890437603,0.8478310704231262,0.41536498069763184,0.8480746150016785,0.843407928943634,0.8440883755683899,0.8464446067810059
749,18,0.13859665393829346,11,0.7043234780430794,0.5129782944917679,0.011411070823669434,-0.10748779773712158,-0.07217764854431152,0.013992369174957275,-0.06419932842254639,-0.0006746053695678711
750,19,0.14982196688652039,70,0.4615938464800517,0.5938409240916371,0.5003505945205688,0.34267091751098633,0.5071676969528198,0.551115870475769,0.4890751838684082,0.4946916699409485
751,11,0.11752065271139145,127,0.9597527235746384,0.6647597193717957,0.6254451274871826,0.6141822338104248,0.6264327764511108,0.6315120458602905,0.6300836205482483,0.6307907104492188
752,19,0.12020432949066162,189,0.9086401973451886,0.5981495231389999,0.5759979486465454,0.36682337522506714,0.5711869597434998,0.5518890619277954,0.5776189565658569,0.562308669090271
753,9,0.1031658723950386,33,1.1239449009299278,0.5556861758232117,-0.02350330352783203,-0.012269854545593262,-0.02565324306488037,-0.02995467185974121,-0.023334980010986328,-0.043372392654418945
754,10,0.17702333629131317,5,0.7877414921919504,0.5600465301956449,0.11818468570709229,0.18042469024658203,0.07313984632492065,0.27193427085876465,0.08606374263763428,0.24472254514694214
755,11,0.10475792735815048,168,1.114268551270167,0.7644713938236236,0.20980805158615112,0.14314299821853638,0.2100812792778015,0.21367549896240234,0.211841881275177,0.21457910537719727
756,10,0.24014297127723694,122,0.8684363067150116,0.37570084631443024,0.14776545763015747,0.17113107442855835,0.15032196044921875,0.15969163179397583,0.15169572830200195,0.15809744596481323
757,9,0.35593098402023315,54,0.7852277358373007,0.5096636116504669,0.1357094645500183,-0.004451155662536621,0.13466018438339233,0.14011609554290771,0.13861489295959473,0.1249234676361084
758,13,0.1107272282242775,12,1.0243981778621674,0.573683911561966,-0.003308892250061035,-0.006994724273681641,-0.0012246370315551758,0.016977906227111816,-0.003665924072265625,0.004412710666656494
759,5,0.14512665569782257,73,1.8746973077456157,0.3651874214410782,0.055914223194122314,-0.047995924949645996,0.060156047344207764,0.05887293815612793,0.05229979753494263,0.05264437198638916
760,10,0.11307079344987869,12,1.1107379098733265,0.7052831053733826,-0.5192211866378784,-0.4408985376358032,-0.5155421495437622,-0.545496940612793,-0.5224490165710449,-0.5541902780532837
761,7,0.24552524089813232,81,0.8064510524272919,0.8868472278118134,0.08031809329986572,0.05474507808685303,0.06354308128356934,0.05891448259353638,0.057978034019470215,0.10824424028396606
762,21,0.11449655145406723,96,1.0754736065864563,0.5864787193445059,0.06733471155166626,0.018832504749298096,0.06332093477249146,-0.0007692575454711914,0.06236761808395386,0.0453944206237793
763,15,0.10449735075235367,152,1.2657903730869293,0.578531002998352,0.2174234390258789,0.004696547985076904,0.2349504828453064,0.24289703369140625,0.23839867115020752,0.23270225524902344
764,11,0.15396687388420105,56,1.2881768465042114,0.6266329611341158,0.3169775605201721,0.28126806020736694,0.3065946698188782,0.33367544412612915,0.34973692893981934,0.31771719455718994
765,14,0.1318875104188919,149,1.4496700048446656,0.571747726864285,0.7646934986114502,0.27060437202453613,0.7614302635192871,0.7619096040725708,0.7617204189300537,0.7554192543029785
766,8,0.14598768949508667,133,0.8548984587192535,0.5258521437644958,0.3744152784347534,0.10544335842132568,0.3656728267669678,0.37443411350250244,0.3720458745956421,0.3781856298446655
767,7,0.2830337584018707,106,0.33308852314949033,0.7034875154495239,0.45174282789230347,0.3863242268562317,0.4481929540634155,0.4326099753379822,0.4572802186012268,0.4323257803916931
768,14,0.1614474207162857,39,0.9521753456857469,0.7738753259181976,0.3995816707611084,0.3402550220489502,0.4001579284667969,0.4220978617668152,0.4063698649406433,0.42548227310180664
769,16,0.16689544916152954,71,0.6695094287395478,0.6618648686192252,0.40692102909088135,0.19677364826202393,0.41918307542800903,0.41032540798187256,0.4468066096305847,0.4337897300720215
770,12,0.25443756580352783,178,0.9754727706313133,0.5177674517035484,0.15544265508651733,0.037557899951934814,0.1537952423095703,0.15395349264144897,0.15396398305892944,0.15774500370025635
771,14,0.22000938653945923,5,0.2302384302020073,0.5114747310678164,0.008249938488006592,-0.05845797061920166,0.02425861358642578,-0.012701749801635742,0.014860033988952637,-0.01510167121887207
772,3,0.3768881857395172,163,0.2588849887251854,1.433180332183838,0.0005950331687927246,-0.0008889436721801758,0.002376556396484375,-0.00012063980102539062,0.00029921531677246094,0.003151118755340576
773,4,0.11556848138570786,160,1.6952478885650635,0.28205621242523193,0.8274203538894653,0.8193130493164062,0.8263497948646545,0.8249326944351196,0.8312610387802124,0.8256375789642334
774,19,0.10380200296640396,147,1.0366802364587784,0.4736795262856917,0.31536227464675903,0.15679627656936646,0.3225100636482239,0.32700878381729126,0.3194698095321655,0.3273000121116638
775,16,0.16902203857898712,12,0.5868777520954609,0.4668968990445137,-0.03164541721343994,-0.008159279823303223,-0.0500720739364624,-0.035395026206970215,-0.03177964687347412,-0.026056408882141113
776,16,0.10026682913303375,73,0.9746825645367304,0.5598229363560676,0.7386873960494995,0.11333787441253662,0.7219665050506592,0.71552574634552,0.7061055302619934,0.7367335557937622
777,5,0.12961791455745697,197,0.7463308970133463,1.0114758610725403,0.0018330812454223633,-0.0024985074996948242,-0.00011050701141357422,-0.0023130178451538086,0.0020111799240112305,-0.0018142461776733398
778,5,0.19530156254768372,14,1.262774646282196,0.38846780856450397,0.07228082418441772,0.054544687271118164,0.07317936420440674,-0.05029416084289551,0.06964772939682007,-0.023928165435791016
779,10,0.14826305210590363,197,1.1963648907840252,0.3462723145882289,-0.0059348344802856445,-0.0013210773468017578,-0.010494470596313477,-0.008511185646057129,-0.009354352951049805,-0.006805300712585449
780,11,0.16311903297901154,176,0.7444145977497101,0.4755389222076961,0.5608139634132385,0.1828782558441162,0.560481071472168,0.5499417781829834,0.5515080690383911,0.5517951250076294
781,12,0.15328021347522736,153,1.116600716114044,0.4482356437614986,0.9286817312240601,0.6782217621803284,0.9299893379211426,0.9299581050872803,0.9303780198097229,0.9288643002510071
782,13,0.3127063512802124,53,1.6628865400950115,0.627973110973835,0.19016194343566895,0.10030823945999146,0.18636876344680786,0.2000598907470703,0.17552435398101807,0.189253032207489
783,12,0.10162810981273651,115,1.3562714830040932,0.3277820199728012,0.9805686473846436,0.8878386616706848,0.9804019331932068,0.9799526929855347,0.9801996946334839,0.9802560210227966
784,5,0.22171522676944733,43,1.2425342127680779,0.6248536109924316,0.08781421184539795,0.13274294137954712,0.08816736936569214,0.1192585825920105,0.08623921871185303,0.11911916732788086
785,4,0.10582264512777328,148,1.192451298236847,0.448686420917511,0.7118696570396423,0.6979781985282898,0.7109673023223877,0.7187194228172302,0.7125569581985474,0.7138668894767761
786,5,0.1269063949584961,104,0.8169641196727753,0.687052716811498,0.9008345007896423,0.13196122646331787,0.9010772109031677,0.9002203345298767,0.9010463356971741,0.9009463787078857
787,5,0.2793579697608948,96,1.0166290998458862,0.3044586380322774,0.5234332084655762,0.3513529300689697,0.5260287523269653,0.5310389399528503,0.5224663615226746,0.5264074206352234
788,12,0.20264455676078796,192,1.6284364461898804,0.5358720256222619,0.8438422679901123,0.8409037590026855,0.8429315090179443,0.8412646055221558,0.8423676490783691,0.843360424041748
789,3,0.11000484973192215,148,0.4097456783056259,0.32193586230278015,0.19539779424667358,0.0018762946128845215,0.20502597093582153,0.1975657343864441,0.20375335216522217,0.1997513771057129
790,14,0.15597432851791382,189,1.323146539075034,0.6425007624285561,-0.02319157123565674,-0.02158498764038086,-0.015151023864746094,-0.010386347770690918,-0.02384352684020996,-0.011547565460205078
791,7,0.23761002719402313,152,0.9472305178642273,0.5569539219141006,0.15667182207107544,0.04367488622665405,0.1769944429397583,0.1851854920387268,0.17871201038360596,0.17868268489837646
792,15,0.11601267755031586,174,0.8809614777565002,0.41579899688561756,0.7787802815437317,0.7893920540809631,0.7831497192382812,0.7836455702781677,0.7814467549324036,0.7823023200035095
793,8,0.2736334204673767,194,1.022336557507515,0.4054015800356865,0.759807288646698,0.6123813390731812,0.7596570253372192,0.7577938437461853,0.7566328644752502,0.759306788444519
794,11,0.26345014572143555,32,1.5664049908518791,0.3640186846256256,0.9304754137992859,0.8575830459594727,0.9294753074645996,0.9392064809799194,0.930300235748291,0.9352295994758606
795,17,0.13249890506267548,115,1.2582948490977288,0.696973660162517,0.6393489837646484,0.4780411720275879,0.6368279457092285,0.6600071787834167,0.6359562873840332,0.6580154299736023
796,6,0.36802244186401367,200,0.9835443496704102,0.47368811815977097,0.567317008972168,0.5379974842071533,0.5646002292633057,0.5668861865997314,0.5674846172332764,0.568821132183075
797,11,0.18019723892211914,199,1.2095611095428467,0.49488520953390336,0.4654052257537842,0.22662872076034546,0.4242252707481384,0.44098252058029175,0.4005610942840576,0.40230685472488403
798,13,0.20486976206302643,42,0.9186247229576111,0.4863225035369396,0.07272619009017944,0.008068680763244629,0.06528949737548828,0.0781140923500061,0.06033724546432495,0.08832341432571411
799,9,0.26620206236839294,149,0.7160007178783416,0.7043934017419815,0.22230058908462524,0.2023572325706482,0.2010290026664734,0.23523199558258057,0.21777880191802979,0.2318936586380005
800,14,0.10044815391302109,113,1.2015312049123976,0.506844887137413,0.37778717279434204,0.18087172508239746,0.3700581192970276,0.39455461502075195,0.36594218015670776,0.3739053010940552
801,3,0.2343984842300415,119,0.25071632862091064,0.32803548872470856,0.09901034832000732,0.022773444652557373,0.09196001291275024,0.09798526763916016,0.08306819200515747,0.09554129838943481
802,8,0.3903733193874359,72,0.775122880935669,0.9109559158484141,0.2013985514640808,0.08123606443405151,0.20459961891174316,0.19933056831359863,0.20225298404693604,0.1976402997970581
803,24,0.10543106496334076,142,1.0260396550099056,0.7453299595250024,0.1476278305053711,-0.035326361656188965,0.14268016815185547,0.18132835626602173,0.14012277126312256,0.1473308801651001
804,7,0.17590245604515076,142,0.41031280159950256,0.682175800204277,0.03429156541824341,-0.024095773696899414,0.029385924339294434,0.034478724002838135,0.03618884086608887,0.032752275466918945
805,10,0.16996675729751587,30,0.9005172997713089,1.1612098515033722,0.106425940990448,0.09402018785476685,0.14556747674942017,0.1238260269165039,0.136821448802948,0.12192916870117188
806,19,0.10372249782085419,103,1.4727786034345627,0.5298452038656581,0.48615384101867676,0.008563518524169922,0.48688483238220215,0.4724418520927429,0.48920702934265137,0.4866943359375
807,6,0.290433406829834,65,0.3824619948863983,0.5055102229118347,0.4782278537750244,0.34155088663101196,0.48190397024154663,0.48312854766845703,0.46808022260665894,0.4821210503578186
808,8,0.1695191115140915,190,0.8199564899717059,0.6141582727432251,0.5596215724945068,0.011316657066345215,0.5595486164093018,0.5636721849441528,0.5610460042953491,0.5635274648666382
809,9,0.23881876468658447,197,0.5137714743614197,0.5663492798805236,0.47157084941864014,0.0685354471206665,0.4704588055610657,0.4712929129600525,0.46583783626556396,0.47291332483291626
810,21,0.1100979745388031,119,0.9980568339427313,0.7867485145727794,0.8714980483055115,0.665120542049408,0.8717784881591797,0.8722891211509705,0.8703018426895142,0.871179461479187
811,19,0.1265810877084732,139,1.0831768380271063,0.5928993120789527,0.6254681348800659,0.5979000926017761,0.6293942332267761,0.6282762289047241,0.6277611255645752,0.6251843571662903
812,14,0.1401345282793045,173,1.539355605840683,0.4227763350520815,0.020324885845184326,-0.018505334854125977,0.030718207359313965,0.02919822931289673,0.026192665100097656,0.006473183631896973
813,24,0.10712338984012604,135,0.8214794347683588,0.6355717231829962,0.21696746349334717,0.17205798625946045,0.22587043046951294,0.22230035066604614,0.23165732622146606,0.22510504722595215
814,10,0.1373828500509262,107,1.1291019717852275,0.43055623344012667,-0.02518177032470703,-0.002682924270629883,-0.029657721519470215,0.0012491345405578613,-0.02224600315093994,-0.0008140802383422852
815,9,0.17826969921588898,157,0.9247735142707825,0.5642602741718292,-0.06386566162109375,-0.06617987155914307,-0.06581246852874756,-0.06460964679718018,-0.06500983238220215,-0.06362342834472656
816,6,0.2505097985267639,25,1.229973602294922,0.22113507986068726,0.4229404330253601,0.03503143787384033,0.41593194007873535,0.4322734475135803,0.4218069911003113,0.4266629219055176
817,18,0.11223680526018143,177,1.98539799451828,0.658741437963077,0.41683143377304077,-0.0029729604721069336,0.4163006544113159,0.41778457164764404,0.40397220849990845,0.41292834281921387
818,9,0.147657111287117,68,1.6969622373580933,0.9284809529781342,-0.001148223876953125,0.01261991262435913,-0.0023766756057739258,-0.0021048784255981445,-0.006532430648803711,0.004666447639465332
819,14,0.12746480107307434,53,0.5775001985686166,0.9332012108394078,-0.023446202278137207,-0.02146291732788086,-0.016185641288757324,-0.015926241874694824,-0.017231225967407227,-0.019637584686279297
820,6,0.28888845443725586,33,1.2366458773612976,0.42290132865309715,0.7931367754936218,0.15763914585113525,0.797036349773407,0.7836313247680664,0.7948533892631531,0.7935011386871338
821,8,0.33390453457832336,183,1.4252663850784302,0.7500732466578484,0.3212302327156067,0.3298720717430115,0.3182693123817444,0.32836055755615234,0.32106226682662964,0.32683634757995605
822,3,0.19195573031902313,78,0.7890949845314026,0.45988690853118896,0.21884804964065552,-0.05474686622619629,0.21783864498138428,0.21714168787002563,0.2146126627922058,0.21613067388534546
823,11,0.223011776804924,79,1.333239116839,0.790705107152462,0.14165472984313965,0.007306933403015137,0.14625310897827148,0.1589576005935669,0.15468323230743408,0.1472858190536499
824,9,0.11313214153051376,55,0.6585007778235844,0.8808603584766388,-0.019899368286132812,-0.04378151893615723,-0.020877480506896973,-0.01741647720336914,-0.019478440284729004,-0.01737797260284424
825,8,0.34099704027175903,58,0.4798543453216553,0.545165091753006,0.2954934239387512,0.20633059740066528,0.29823482036590576,0.30345791578292847,0.30617326498031616,0.3134641647338867
826,7,0.14318305253982544,18,1.1726670563220978,0.35448643068472546,0.8370015621185303,0.40429091453552246,0.8246004581451416,0.8076238632202148,0.8346428871154785,0.7877454161643982
827,9,0.12661133706569672,186,1.2011286715666454,0.4679426650206248,0.36797696352005005,0.029789507389068604,0.3699353337287903,0.36211395263671875,0.3637787103652954,0.36429309844970703
828,17,0.11565732210874557,39,0.8527712424596151,0.6705140498551455,-0.035813093185424805,-0.060396790504455566,-0.03789496421813965,-0.03476250171661377,-0.03288686275482178,-0.03547930717468262
829,11,0.26857590675354004,136,1.2990039587020874,0.5165643379092216,0.018806755542755127,-0.0069043636322021484,0.012533068656921387,0.016413331031799316,0.009224295616149902,0.019611895084381104
830,8,0.16836166381835938,11,1.0481402054429054,0.9067141562700272,-0.09579265117645264,-0.027467846870422363,-0.08329999446868896,-0.0032529830932617188,-0.0992734432220459,-0.0065059661865234375
831,3,0.2796279191970825,155,1.8790862262248993,0.3126806914806366,0.017374813556671143,0.005120396614074707,0.01797586679458618,0.022709012031555176,0.016791343688964844,0.028891146183013916
832,19,0.11036761850118637,180,0.5727893603699548,0.500831221540769,0.10444289445877075,0.024545609951019287,0.10434812307357788,0.10640650987625122,0.10288703441619873,0.0991320013999939
833,14,0.13404935598373413,192,1.9758901397387187,0.5546619854867458,0.9019691348075867,0.9008131623268127,0.9019615650177002,0.9115913510322571,0.906453549861908,0.9076358675956726
834,13,0.23675738275051117,192,1.220123107234637,0.619811724126339,0.4350074529647827,0.1999751329421997,0.4476081132888794,0.4307766556739807,0.4411141276359558,0.4334092140197754
835,5,0.16668525338172913,177,0.6960706412792206,0.36224234104156494,0.4588457942008972,0.04127234220504761,0.46071624755859375,0.45742952823638916,0.4620106816291809,0.46176886558532715
836,9,0.33476755023002625,49,1.4602743436892827,0.6487960865100225,0.887016236782074,0.5433709621429443,0.8801019787788391,0.8886852264404297,0.8787354230880737,0.8817114233970642
837,7,0.27265241742134094,152,1.2774448096752167,0.9010858337084452,0.8263192772865295,0.422260582447052,0.8267078399658203,0.8246179819107056,0.8264827728271484,0.8244217038154602
838,7,0.2293732911348343,8,1.4394397338231404,0.700720552355051,0.04204672574996948,0.3461241126060486,0.21298182010650635,0.2542096972465515,0.26148295402526855,0.24058526754379272
839,3,0.12117015570402145,75,0.8212060332298279,0.8241945803165436,-0.015683412551879883,-0.04175233840942383,-0.009726285934448242,-0.016662955284118652,-0.016059398651123047,-0.020619750022888184
840,20,0.16219794750213623,112,1.5662948290507,0.7225789638126597,0.6953145861625671,0.5439906716346741,0.6841845512390137,0.6811978816986084,0.6928706169128418,0.6850364208221436
841,17,0.10530365258455276,30,1.0055354748453413,0.6670886754989624,-0.05298113822937012,-0.005620360374450684,-0.07630300521850586,-0.02530217170715332,-0.07173383235931396,-0.015615224838256836
842,4,0.3792423903942108,30,1.5049191812674205,0.2998598515987396,0.031251490116119385,-0.027317285537719727,0.03034842014312744,0.02379906177520752,0.03590327501296997,0.03289753198623657
843,13,0.14698414504528046,30,0.6239653646945953,0.6079274602234364,0.01855522394180298,0.033462703227996826,0.014738380908966064,0.07577556371688843,0.012836039066314697,0.0812574028968811
844,7,0.33021411299705505,171,0.8997876842816671,0.5220405906438828,0.8928272128105164,0.8387272953987122,0.8937098979949951,0.8926318883895874,0.8925950527191162,0.8926694989204407
845,5,0.24135863780975342,136,0.7984609107176462,0.9710035026073456,-0.007474541664123535,-0.016256093978881836,-0.010806560516357422,-0.002354264259338379,-0.010618925094604492,-0.005408525466918945
846,10,0.19159753620624542,134,0.766300601263841,0.4559435546398163,0.3647702932357788,0.3280118703842163,0.3652295470237732,0.3767051696777344,0.3638208508491516,0.3669431805610657
847,14,0.16131922602653503,73,0.690835040807724,0.6641444249285592,0.060530781745910645,0.05813843011856079,0.06301617622375488,0.04699063301086426,0.061525583267211914,0.06507563591003418
848,10,0.23733976483345032,111,0.685091458261013,0.6136761357386907,0.33359581232070923,-0.013540387153625488,0.33639585971832275,0.3323940634727478,0.338828980922699,0.3344504237174988
849,6,0.12348981201648712,146,0.9155581593513489,0.33709967136383057,0.47926896810531616,0.48595452308654785,0.4814625382423401,0.47243428230285645,0.4878346920013428,0.48730915784835815
850,14,0.14414367079734802,48,0.5276798963546753,0.5603135410282347,0.2003759741783142,0.1134297251701355,0.18123114109039307,0.1777920126914978,0.1742141842842102,0.17972886562347412
851,7,0.13718368113040924,54,0.85562714189291,0.32721687853336334,-0.04078352451324463,-0.0452272891998291,-0.037423014640808105,-0.040131568908691406,-0.03745734691619873,-0.05553162097930908
852,11,0.19168393313884735,169,0.7236543893814087,0.4356272284473692,0.12790536880493164,0.04571986198425293,0.13209635019302368,0.12613660097122192,0.12695980072021484,0.1293560266494751
853,11,0.20183978974819183,187,1.398636281490326,0.592050735439573,0.1340937614440918,-0.011899471282958984,0.1361895203590393,0.1364620327949524,0.13105732202529907,0.14069557189941406
854,21,0.1112310141324997,163,0.9727169871330261,0.5710350615637643,0.11378329992294312,0.060510337352752686,0.1257164478302002,0.14812862873077393,0.12577593326568604,0.15441745519638062
855,5,0.17880278825759888,165,1.353373184800148,1.4331889152526855,0.05592769384384155,0.08289676904678345,0.07033288478851318,0.06308287382125854,0.07014447450637817,0.061890482902526855
856,5,0.10026350617408752,81,1.0418909639120102,1.2181026935577393,0.2648172974586487,0.22313469648361206,0.25803565979003906,0.2735249996185303,0.2699037194252014,0.26651519536972046
857,18,0.14942407608032227,51,0.8383697782244001,0.6182914457537911,-0.050618767738342285,0.01306164264678955,-0.022259950637817383,0.0038043856620788574,-0.03206062316894531,-0.004665970802307129
858,19,0.16050516068935394,75,0.9729962746302286,0.4678531220326057,-0.003809809684753418,0.07785201072692871,0.0029616355895996094,-0.002840280532836914,-0.023538947105407715,-0.012562155723571777
859,11,0.2799529433250427,36,1.5243648687998455,0.7261575143784285,0.850464940071106,0.4607449173927307,0.8489810824394226,0.8521996736526489,0.8497687578201294,0.8515790104866028
860,20,0.10031969845294952,197,0.8023698713098254,0.6732244101854471,0.6057368516921997,0.24219542741775513,0.5890908241271973,0.5963701605796814,0.6042961478233337,0.6086651682853699
861,19,0.14884907007217407,118,1.0186071991920471,0.6700893686367915,0.4929407238960266,0.22772538661956787,0.5095679759979248,0.5140634775161743,0.5023621320724487,0.5063817501068115
862,4,0.13030219078063965,98,1.0426528453826904,0.7204394340515137,-0.07257723808288574,-0.02290630340576172,-0.06872439384460449,-0.058246731758117676,-0.0716625452041626,-0.06526625156402588
863,12,0.12787072360515594,21,1.0778029064337413,0.9253530030449232,-0.07305192947387695,-0.058570146560668945,-0.06842505931854248,-0.03590857982635498,-0.08876752853393555,-0.043355464935302734
864,5,0.17033687233924866,43,1.1245009899139404,0.5487518012523651,0.31783199310302734,0.014840662479400635,0.31490612030029297,0.31807368993759155,0.31737834215164185,0.3182539939880371
865,8,0.3048522472381592,112,1.1965049505233765,0.37867482999960583,0.2681172490119934,0.22531646490097046,0.24616718292236328,0.2082107663154602,0.21149080991744995,0.21473097801208496
866,5,0.2550312280654907,39,0.6015045046806335,0.3619295358657837,0.6373879909515381,0.10231912136077881,0.6395965814590454,0.6424463987350464,0.6398565769195557,0.6427758932113647
867,8,0.13064000010490417,27,0.9169285595417023,0.32347547511259717,0.9333315491676331,0.8197996020317078,0.9339380264282227,0.9369485974311829,0.9335688352584839,0.9357467293739319
868,6,0.21832238137722015,160,1.7387005885442097,0.6925322612126669,0.6499269008636475,0.37678277492523193,0.6481543779373169,0.6436364650726318,0.6412673592567444,0.6418487429618835
869,8,0.14269475638866425,159,1.4986619472503662,0.6086133321126302,0.36350446939468384,0.057203471660614014,0.3622928261756897,0.35829704999923706,0.36261266469955444,0.3625972867012024
870,3,0.21979820728302002,70,0.4631938934326172,0.4535411596298218,0.4083808660507202,0.33787524700164795,0.40889406204223633,0.42379438877105713,0.41291356086730957,0.4196454882621765
871,17,0.10709156841039658,107,0.7670068219304085,0.6720243286002766,0.26660507917404175,0.09644156694412231,0.2677680253982544,0.27797025442123413,0.26919031143188477,0.28321588039398193
872,3,0.3470260798931122,119,0.5595698654651642,0.702828586101532,0.438965380191803,0.2986155152320862,0.4399506449699402,0.4385884404182434,0.44210517406463623,0.44203662872314453
873,3,0.26223066449165344,17,0.29480479657649994,0.3082142472267151,0.06925296783447266,0.0833626389503479,0.09647917747497559,0.10793459415435791,0.07566982507705688,0.1155552864074707
874,7,0.11033067852258682,63,1.3848767399787902,0.46415504813194275,0.9509854912757874,0.9488372802734375,0.9534468054771423,0.9529497623443604,0.9537477493286133,0.9546144008636475
875,11,0.10294422507286072,119,1.070497453212738,0.43423772156238555,0.18951010704040527,0.015871405601501465,0.18639200925827026,0.16629058122634888,0.18356108665466309,0.165019690990448
876,15,0.14662618935108185,27,1.4437573651472728,0.4145423902405633,-0.02165663242340088,0.02509784698486328,-0.09564507007598877,-0.19828510284423828,-0.09507179260253906,-0.023623228073120117
877,15,0.1505889892578125,72,0.6644704739252726,0.5205229086180528,0.13425475358963013,0.08808112144470215,0.13646048307418823,0.1326776146888733,0.13558530807495117,0.13398587703704834
878,9,0.1113881766796112,92,1.032353001832962,0.4686501994729042,0.4835825562477112,0.11097407341003418,0.4763018488883972,0.4829186201095581,0.4737989902496338,0.48645663261413574
879,14,0.1442209631204605,23,0.9652230313846043,0.5969944596290588,-0.35552024841308594,-0.19471633434295654,-0.3456772565841675,-0.15152490139007568,-0.3166543245315552,-0.15952491760253906
880,7,0.2606373131275177,122,0.859553650021553,0.5590432524681092,0.03334254026412964,0.04366689920425415,0.03719377517700195,0.03614288568496704,0.033925414085388184,0.03569847345352173
881,14,0.19107607007026672,117,1.839082419872284,0.5658570859167311,0.754730224609375,0.49463242292404175,0.7503834962844849,0.7462817430496216,0.748741090297699,0.7505500316619873
882,11,0.14415514469146729,190,0.6609334647655487,0.6068640798330307,0.6661546230316162,0.47753340005874634,0.6235060095787048,0.6195570230484009,0.6652424335479736,0.6141629219055176
883,5,0.16576197743415833,92,1.1952803134918213,1.528322736422221,0.1256275773048401,0.13498586416244507,0.14223122596740723,0.16369229555130005,0.13667577505111694,0.16177213191986084
884,25,0.11483070254325867,56,1.283101805618831,0.6088148438268237,-0.01517343521118164,-0.06383252143859863,-0.0123978853225708,-0.015234708786010742,-0.02315378189086914,-0.011833429336547852
885,8,0.25934746861457825,168,1.1339731097221375,0.946007619301478,0.9410814046859741,0.9285146594047546,0.9420409798622131,0.942077100276947,0.9414892792701721,0.9409338235855103
886,12,0.1610521674156189,54,0.9434026479721069,0.43583740293979645,0.017341017723083496,-0.004774928092956543,0.013565421104431152,0.050080955028533936,0.008911311626434326,0.05907142162322998
887,5,0.39242857694625854,115,0.4613649994134903,0.7693003416061401,-0.0073937177658081055,0.0017312169075012207,-0.003078460693359375,-0.0050792694091796875,-0.004160523414611816,-0.00995481014251709
888,8,0.11279696226119995,83,0.8452449291944504,0.24767521768808365,0.44392019510269165,-0.0135650634765625,0.4404866099357605,0.42616790533065796,0.44515377283096313,0.44671380519866943
889,9,0.11422836035490036,112,0.9568994045257568,0.518472705568586,0.24171394109725952,0.15738952159881592,0.24859696626663208,0.25171852111816406,0.2580740451812744,0.2545880079269409
890,21,0.1161859780550003,138,1.1062538102269173,0.6207647564319464,-0.028139472007751465,-0.0027937889099121094,-0.029074907302856445,0.02558690309524536,-0.04146921634674072,0.015912950038909912
891,6,0.2081797569990158,130,1.0595596522092818,0.7539070248603821,0.4948609471321106,0.4405127167701721,0.4969966411590576,0.49102526903152466,0.5049586296081543,0.4940624237060547
892,8,0.26041579246520996,122,1.3765907287597656,0.7779799004395803,0.8152958154678345,0.7147964239120483,0.8066812753677368,0.8051021695137024,0.80657958984375,0.8222744464874268
893,7,0.3853289484977722,52,1.322256604830424,0.5642290785908699,0.8229999542236328,0.7562920451164246,0.8012421727180481,0.8115019798278809,0.8026899695396423,0.8164200782775879
894,5,0.3693124055862427,83,0.27801914513111115,1.5723713636398315,-0.058753252029418945,-0.07188963890075684,-0.06523644924163818,-0.07410597801208496,-0.06510746479034424,-0.07478749752044678
895,12,0.3098420202732086,66,0.875764511525631,0.4135498907417059,0.26648062467575073,0.1929759383201599,0.2676793932914734,0.2852775454521179,0.2550913691520691,0.2910040616989136
896,10,0.23986589908599854,191,1.2217441924980708,0.6043368776639303,-0.014753460884094238,-0.01408839225769043,-0.022642135620117188,-0.007232308387756348,-0.014170646667480469,-0.008553624153137207
897,8,0.16844256222248077,164,1.2760745137929916,0.40490945279598234,-0.013679265975952148,-0.0024563074111938477,-0.03165280818939209,-0.004572868347167969,-0.021822094917297363,-0.005619406700134277
898,15,0.11500010639429092,172,1.1705431533711297,0.7171000763773918,-0.0007990598678588867,0.0016673803329467773,-0.004956603050231934,0.0006439089775085449,-0.0039261579513549805,0.0002880692481994629
899,21,0.21570979058742523,17,0.6276817123095194,0.7385295761956109,0.9299854040145874,0.18795239925384521,0.92841637134552,0.9359091520309448,0.9373509883880615,0.9387063980102539
900,4,0.12318969517946243,146,0.6391517221927643,0.47999313473701477,0.6482811570167542,0.6642569899559021,0.6480255126953125,0.6577405333518982,0.6505957841873169,0.652816891670227
901,15,0.15910720825195312,132,0.9420563280582428,0.4380868623654048,0.7908541560173035,0.607264518737793,0.7845393419265747,0.7793210744857788,0.7889665365219116,0.7653530836105347
902,6,0.1183665543794632,33,0.7709464728832245,0.7992466315627098,0.36624443531036377,0.37703073024749756,0.37731873989105225,0.3778762221336365,0.37701284885406494,0.37881720066070557
903,4,0.23267321288585663,99,0.41068795323371887,1.158717542886734,0.013440430164337158,-0.001827836036682129,0.010520398616790771,0.009205639362335205,0.011725068092346191,0.010063529014587402
904,17,0.18471471965312958,106,0.6071836054325104,0.6343115637699763,0.4781407117843628,0.2201305627822876,0.47036218643188477,0.5126793384552002,0.4598844051361084,0.4668058156967163
905,9,0.36134955286979675,84,0.6698929369449615,0.7374482367719922,0.7323799133300781,0.7383613586425781,0.7306373119354248,0.7294536828994751,0.7297865152359009,0.7280639410018921
906,9,0.10355915874242783,117,1.1692521329969168,0.22876615822315216,-0.023446321487426758,0.0034262537956237793,-0.01944708824157715,-0.0021958351135253906,-0.029056429862976074,0.0014854669570922852
907,4,0.1978365182876587,63,0.7446221709251404,0.34476401656866074,0.36399292945861816,0.06402015686035156,0.3638474941253662,0.362094521522522,0.3650795817375183,0.3651873469352722
908,12,0.1648198366165161,142,0.8483746707439422,0.6295142897537777,-0.016130447387695312,-0.009154319763183594,-0.01668226718902588,-0.014974713325500488,-0.016697168350219727,-0.015702366828918457
909,7,0.3208977282047272,137,2.4286296367645264,0.5734507739543915,-0.01576054096221924,-0.01860809326171875,-0.015368223190307617,-0.019348978996276855,-0.01357567310333252,-0.016563057899475098
910,9,0.3302638530731201,85,0.5719025731086731,0.5315472568784442,0.07608240842819214,0.06987601518630981,0.06354337930679321,0.008269846439361572,0.06791442632675171,0.0350722074508667
911,5,0.2605437636375427,63,0.8621043562889099,0.6038076877593994,0.009956777095794678,0.00020962953567504883,0.004071652889251709,-0.007971405982971191,0.005813121795654297,-0.01097118854522705
912,4,0.395989328622818,191,2.3683196306228638,0.616279661655426,0.26490020751953125,0.12839126586914062,0.2701260447502136,0.266468346118927,0.2658534646034241,0.2692148685455322
913,5,0.22539012134075165,73,1.2484358251094818,0.640577514966329,0.37681812047958374,0.20411384105682373,0.37549835443496704,0.3651173710823059,0.378922700881958,0.36487525701522827
914,9,0.3117077946662903,45,0.9370247423648834,0.5054032547133309,0.04727965593338013,-0.004294276237487793,0.04669409990310669,0.08895891904830933,0.049512386322021484,0.11952286958694458
915,6,0.1602421998977661,135,3.561215877532959,0.6282500863075257,0.17274606227874756,0.044738590717315674,0.1685640811920166,0.16687339544296265,0.1698564887046814,0.16920465230941772
916,16,0.15537193417549133,82,1.883030354976654,0.5405744947493076,0.21841555833816528,0.07782316207885742,0.265991747379303,0.27720439434051514,0.2513704299926758,0.2848493456840515
917,8,0.30583328008651733,57,1.3314256072044373,0.6854231382409731,0.8457916378974915,0.7351130247116089,0.837823748588562,0.8447847962379456,0.8369641900062561,0.836213231086731
918,20,0.13874812424182892,69,1.1533018563474928,0.4469786653151879,0.39264315366744995,0.36706215143203735,0.3893999457359314,0.39184999465942383,0.39172065258026123,0.3917906880378723
919,17,0.11943253874778748,131,0.8926987775734493,0.8348840907216072,0.12353086471557617,0.030435025691986084,0.12407124042510986,0.12734276056289673,0.1318591833114624,0.13596689701080322
920,6,0.3376934230327606,34,0.924008846282959,0.7300141056378683,0.6105786561965942,0.33559542894363403,0.6124926805496216,0.6147308349609375,0.6119576692581177,0.61562180519104
921,9,0.10265994071960449,156,0.6612798486437116,1.3513075113296509,0.12687534093856812,0.004544854164123535,0.12218588590621948,0.11851495504379272,0.12189978361129761,0.12105852365493774
922,9,0.13797882199287415,176,0.8843929469585419,0.694108926824161,0.5814027786254883,0.5645047426223755,0.5875173807144165,0.5828651189804077,0.5878276824951172,0.5853286981582642
923,7,0.11966688930988312,52,0.7240914702415466,0.5572460442781448,0.09697282314300537,0.011830925941467285,0.09486335515975952,0.09614646434783936,0.10297435522079468,0.08818244934082031
924,11,0.11529294401407242,113,0.712075200676918,0.5226214304566383,0.8237380385398865,0.7911418676376343,0.8240785002708435,0.8204426765441895,0.8207893371582031,0.8218271732330322
925,14,0.11477606743574142,192,0.9780952887875694,0.5976928493806294,-0.036951303482055664,-0.057680368423461914,-0.02993905544281006,-0.045273423194885254,-0.02197420597076416,-0.0381695032119751
926,14,0.29837894439697266,38,1.6874640981356304,0.48515765233473346,0.07141858339309692,-0.171228289604187,0.10119211673736572,0.004681050777435303,0.04551643133163452,-0.027675986289978027
927,12,0.13918960094451904,87,0.9872984290122986,0.7835388715778079,0.7019797563552856,0.506483793258667,0.6882099509239197,0.6805938482284546,0.67898029088974,0.6755876541137695
928,15,0.12125072628259659,86,0.9723733365535736,0.5061730891466141,0.5135635137557983,0.12894654273986816,0.5194964408874512,0.5141197443008423,0.5157417058944702,0.5104352235794067
929,6,0.32672417163848877,17,1.3932767311731975,0.43196238080660504,0.8382657766342163,0.70818030834198,0.7960326671600342,0.776835560798645,0.7862371802330017,0.824975311756134
930,11,0.18629799783229828,181,1.0519046717219882,0.8735478967428207,0.5686323642730713,0.018491923809051514,0.5682277679443359,0.5712482333183289,0.5685906410217285,0.5712653398513794
931,10,0.12733124196529388,165,1.2962706923484801,0.3175845146179199,0.2729538679122925,-0.037789106369018555,0.2664819359779358,0.2648066282272339,0.26602840423583984,0.26370370388031006
932,12,0.1092226654291153,187,1.1441197884934289,0.4706509232521057,-0.025266170501708984,-0.05820119380950928,-0.033708930015563965,-0.04586327075958252,-0.02906668186187744,-0.0460665225982666
933,6,0.21403464674949646,182,0.9970217943191528,1.0903650164604186,0.4604194164276123,0.4302946925163269,0.45851975679397583,0.4615023732185364,0.4599287509918213,0.4587298631668091
934,11,0.31075841188430786,83,0.908926765124003,0.4684115555137396,0.9354386925697327,0.8989197015762329,0.9339912533760071,0.9337116479873657,0.9326595664024353,0.9355221390724182
935,9,0.33274343609809875,197,1.0370566844940186,0.5476170607975551,0.7671983242034912,0.5746705532073975,0.7674394249916077,0.7656399011611938,0.7529653310775757,0.76802659034729
936,12,0.15830299258232117,51,1.1255185802777607,0.4319538821776708,0.7089762091636658,0.6125009059906006,0.7177828550338745,0.6863330602645874,0.6839280128479004,0.6600522398948669
937,13,0.2329472154378891,106,0.9094269076983134,0.4573932155966759,0.908376932144165,0.9057574272155762,0.9080352783203125,0.9082449674606323,0.9079655408859253,0.9082398414611816
938,15,0.14277487993240356,82,1.0882485270500184,0.5818925574421883,0.24398940801620483,0.21275025606155396,0.20700597763061523,0.2365301251411438,0.21580183506011963,0.187932550907135
939,11,0.13509102165699005,94,0.9586512446403503,0.49525516852736473,0.8873645067214966,0.5135524272918701,0.8871594071388245,0.8926693797111511,0.8896036148071289,0.8890312910079956
940,12,0.14011484384536743,87,1.1318958401679993,0.42369524016976357,-0.003390073776245117,-0.00861823558807373,0.00021570920944213867,-0.005068540573120117,-0.0012537240982055664,-0.0008215904235839844
941,13,0.10335204005241394,185,1.1227415303389232,0.9659184217453003,0.2104778289794922,-0.12350082397460938,0.20391380786895752,0.1836092472076416,0.19019478559494019,0.20430928468704224
942,21,0.15993721783161163,92,0.9392661526799202,0.5441499115789638,0.6257361173629761,0.6547136306762695,0.6250089406967163,0.642624020576477,0.624885618686676,0.6371570825576782
943,6,0.2759030759334564,65,0.7943909962972006,0.7544134855270386,-0.034476518630981445,0.004026353359222412,-0.1249995231628418,0.2341163158416748,-0.1390233039855957,0.11101317405700684
944,6,0.15484964847564697,122,0.55250084400177,0.6534305512905121,0.09180742502212524,0.04405403137207031,0.1016731858253479,0.10458338260650635,0.10193097591400146,0.11265945434570312
945,6,0.13629327714443207,53,0.6469994982083639,0.5584417780240377,0.008290588855743408,-8.213520050048828e-05,0.009292304515838623,0.010652720928192139,0.01011723279953003,0.012687921524047852
946,15,0.16842639446258545,6,1.2094547629356385,0.5746876150369644,0.07451540231704712,-0.3167273998260498,0.05859720706939697,-2.0942575931549072,0.14021700620651245,-0.4188007116317749
947,11,0.12354995310306549,11,0.7259687036275864,1.0216192245483398,-0.014604449272155762,-0.019805550575256348,-0.021036267280578613,-0.009546041488647461,-0.015894293785095215,-0.01207125186920166
948,8,0.11575180292129517,36,0.5855502992868423,0.5980636974175771,0.18670743703842163,0.060914814472198486,0.20617413520812988,0.1962410807609558,0.19626504182815552,0.19923502206802368
949,3,0.2043762058019638,103,0.4220758527517319,0.28527894616127014,0.2660386562347412,0.1827465295791626,0.2584858536720276,0.2546047568321228,0.267902135848999,0.26340335607528687
950,16,0.13507214188575745,183,1.1893970833884344,0.5837764058794294,0.7902467250823975,0.21244871616363525,0.7928544878959656,0.7944823503494263,0.7937487959861755,0.7918267250061035
951,17,0.15581771731376648,2,1.1808983027935027,0.7187214940786362,-0.0699533224105835,-0.23906517028808594,-0.06338906288146973,-0.13717210292816162,-0.08263206481933594,-0.16375207901000977
952,14,0.10164111852645874,182,1.5164608425564237,0.7250839740037918,0.7077457904815674,0.06437504291534424,0.7098652124404907,0.7083148956298828,0.7105717658996582,0.7094757556915283
953,7,0.10508803278207779,107,0.7337224185466766,0.5011137376228968,0.06741297245025635,0.01151728630065918,0.06777352094650269,0.07432883977890015,0.071552574634552,0.0750277042388916
954,18,0.12141535431146622,163,1.3685754324708665,0.4868690236048265,0.9549463987350464,0.5423711538314819,0.9550802707672119,0.952290952205658,0.9533323049545288,0.9546523094177246
955,21,0.10361509770154953,144,1.0780074511255537,0.6568022668361664,0.5493162870407104,0.3961392641067505,0.5367413759231567,0.522737979888916,0.5344423651695251,0.5225852727890015
956,9,0.20559640228748322,27,1.5903105735778809,0.7442834873994192,0.13542574644088745,-0.005824446678161621,0.12390947341918945,0.12589097023010254,0.11228734254837036,0.12297916412353516
957,7,0.2297111600637436,14,0.40984833240509033,0.6153021097183228,-0.3252127170562744,-0.42005276679992676,-0.28808116912841797,-0.29411888122558594,-0.3057962656021118,-0.33194661140441895
958,12,0.22676123678684235,171,0.7358842492103577,0.6477094337344169,0.6243200898170471,0.12033194303512573,0.6297281980514526,0.6312880516052246,0.6325457096099854,0.6208217144012451
959,7,0.23429790139198303,68,0.7873701006174088,0.5997706055641174,-0.008327841758728027,0.001508951187133789,-0.002368330955505371,-0.009650707244873047,-0.011653423309326172,-0.01063549518585205
960,14,0.10311027616262436,14,0.8023339245054457,0.4322644054889679,0.9147716760635376,0.45219433307647705,0.919326901435852,0.9380294680595398,0.920161247253418,0.9293884038925171
961,7,0.31799280643463135,196,0.9634905010461807,0.4172143042087555,0.794259786605835,0.788090169429779,0.7934819459915161,0.7920319437980652,0.7920094728469849,0.7941339612007141
962,11,0.17378513514995575,19,0.916706132888794,0.7229545066754023,0.2466212511062622,-0.04856765270233154,0.24301880598068237,0.13169991970062256,0.24149107933044434,0.13750934600830078
963,13,0.1066277027130127,98,1.3363968474524361,0.44365472594896954,0.8319187164306641,0.8055059909820557,0.8347424268722534,0.8280545473098755,0.8290122747421265,0.8304344415664673
964,10,0.11049234122037888,174,0.38895777861277264,0.5185046941041946,0.5797628164291382,0.33052390813827515,0.5808964967727661,0.5822202563285828,0.5800677537918091,0.5807285308837891
965,4,0.34429988265037537,113,0.28436920046806335,0.3617031971613566,0.17152363061904907,0.08220314979553223,0.16934466361999512,0.16484946012496948,0.17316412925720215,0.16959768533706665
966,19,0.11560800671577454,72,1.3969395927020483,0.4941757470369339,0.00912386178970337,-0.015043020248413086,0.015056014060974121,0.030694007873535156,0.01699686050415039,0.016987204551696777
967,9,0.15251952409744263,28,1.6597537845373154,0.5426422417163849,0.5387507677078247,0.006071865558624268,0.5456247925758362,0.4879607558250427,0.5102797150611877,0.5329415798187256
968,18,0.12076269835233688,123,1.6760846376419067,0.4830196400483449,0.645717442035675,0.5823882222175598,0.6449381113052368,0.659721851348877,0.6444504261016846,0.6526249647140503
969,7,0.1502366065979004,78,1.0085845291614532,0.4822966642677784,0.6568829417228699,0.24423670768737793,0.6635010242462158,0.6547219753265381,0.6580969095230103,0.6428475975990295
970,16,0.15541242063045502,158,1.8073171377182007,0.4732923358678818,-0.0008722543716430664,-0.011127352714538574,-0.0036622285842895508,0.005870819091796875,-0.007660508155822754,0.019264042377471924
971,8,0.2971445918083191,172,1.679884950319926,0.6657559514045716,0.6439450979232788,0.48545563220977783,0.6405429840087891,0.6385579109191895,0.6435588002204895,0.6430187225341797
972,9,0.26296916604042053,195,1.2473511695861816,0.5612128547259739,0.33602362871170044,0.3224872350692749,0.3404082655906677,0.3448544144630432,0.3433576226234436,0.3465263843536377
973,4,0.20372159779071808,59,0.4748280644416809,0.8855129480361938,-0.01790797710418701,-0.0328059196472168,-0.014909029006958008,-0.044153451919555664,-0.0164034366607666,-0.050447702407836914
974,21,0.103262759745121,53,0.8267440838473183,0.6840193867683411,0.897339940071106,0.8501210808753967,0.9025343060493469,0.8963331580162048,0.8927497267723083,0.9002004265785217
975,5,0.12571488320827484,142,0.2327873781323433,0.4216671586036682,0.7000604867935181,0.7133129835128784,0.7078001499176025,0.7136069536209106,0.7073851823806763,0.719566285610199
976,17,0.1257631480693817,155,0.9127013012766838,0.6671802832020653,0.31652629375457764,0.3064110279083252,0.3161228895187378,0.3136650323867798,0.3155093193054199,0.3140406012535095
977,19,0.12081127613782883,166,0.951369047164917,0.6245349475315639,0.9273653626441956,0.8925126791000366,0.926709771156311,0.9265412092208862,0.925446093082428,0.9268447160720825
978,16,0.21620935201644897,179,0.7689237097899119,0.6899889271992904,-0.006016135215759277,-0.011104464530944824,-0.009790539741516113,-0.018806815147399902,-0.0018988847732543945,-0.013305425643920898
979,3,0.334685355424881,127,0.7868763506412506,0.33109861612319946,0.17783838510513306,0.008143067359924316,0.1735442876815796,0.17842239141464233,0.1733074188232422,0.18023031949996948
980,11,0.18202392756938934,84,0.8788601160049438,0.3402042090892792,0.6898065209388733,0.6803634762763977,0.6903858184814453,0.6860421895980835,0.6949508190155029,0.6869570016860962
981,12,0.3268177807331085,145,1.182625949382782,0.5710630983114242,0.8426093459129333,0.785831093788147,0.8424685001373291,0.8393288850784302,0.8428080081939697,0.8436852097511292
982,18,0.13119813799858093,56,0.6755545824766159,0.5628420424002868,-0.0014268159866333008,0.002312898635864258,-0.0036696195602416992,-0.02651357650756836,0.0007863044738769531,-0.03150796890258789
983,7,0.3052212595939636,127,1.5891917496919632,0.8432673871517181,0.218317449092865,0.23181062936782837,0.21139705181121826,0.24086952209472656,0.2135724425315857,0.218825101852417
984,14,0.2702893912792206,150,1.3260940313339233,0.6245991858569059,0.666365385055542,0.11103993654251099,0.6769458055496216,0.6808683276176453,0.6724793910980225,0.6822995543479919
985,10,0.10568162798881531,192,1.1271475069224834,0.2687619552016258,0.12902480363845825,-0.09772288799285889,0.12244421243667603,0.12806099653244019,0.12546426057815552,0.12262380123138428
986,5,0.2724308371543884,194,0.8485704660415649,0.9305602610111237,0.005219399929046631,0.01699918508529663,0.007806003093719482,0.006163895130157471,0.008524477481842041,0.007501840591430664
987,4,0.18838250637054443,128,0.8874218265215555,0.21885861456394196,0.8321502208709717,0.2574862837791443,0.8330249786376953,0.8308281302452087,0.8339574337005615,0.8338619470596313
988,5,0.3409912586212158,8,0.6888934075832367,0.6954495509465536,0.009376585483551025,-0.021390557289123535,0.010028839111328125,0.01526784896850586,0.014728128910064697,0.01671016216278076
989,16,0.10573568940162659,28,0.9502598121762276,0.7625786140561104,-0.03721153736114502,-0.0561220645904541,-0.038374900817871094,-0.04489314556121826,-0.03592681884765625,-0.04665112495422363
990,9,0.24018989503383636,96,1.2178106506665547,0.6247760355472565,0.24486565589904785,0.24239444732666016,0.2501634359359741,0.24965894222259521,0.2510247230529785,0.25464892387390137
991,7,0.21571046113967896,59,0.5762800723314285,0.7326955199241638,0.13608163595199585,0.03899991512298584,0.13633620738983154,0.1611810326576233,0.13376569747924805,0.1650329828262329
992,10,0.10905394703149796,193,0.8378882527351379,0.4973192930221558,0.6371415257453918,0.6170914173126221,0.6326332092285156,0.6350799798965454,0.6339637041091919,0.6356716156005859
993,8,0.1301933377981186,120,1.367069923877716,0.31384625534216565,0.07936054468154907,-0.03258872032165527,0.06592977046966553,0.04768729209899902,0.0560687780380249,0.08223158121109009
994,4,0.16430896520614624,62,1.0700534880161285,0.27724573016166687,0.025933504104614258,-0.018968820571899414,0.022927284240722656,0.023660600185394287,0.028911709785461426,0.021136879920959473
995,13,0.1418946087360382,186,0.6770695149898529,0.5683080032467842,0.022437572479248047,-0.01597774028778076,0.023395299911499023,0.023583829402923584,0.016764819622039795,0.023627400398254395
996,7,0.32682403922080994,165,1.2526524662971497,0.5407509356737137,0.46356189250946045,0.11514550447463989,0.45837146043777466,0.45949333906173706,0.463314414024353,0.4633159041404724
997,13,0.17536012828350067,166,1.0978570342063905,0.6659698653966188,0.41635578870773315,0.12003326416015625,0.42093682289123535,0.4109017252922058,0.42215871810913086,0.42958003282546997
998,14,0.13804858922958374,54,2.2316081523895264,0.3384160209785808,0.8880183100700378,0.24307698011398315,0.8934143781661987,0.8934522271156311,0.8718932867050171,0.8993971347808838
999,4,0.3301478624343872,30,1.3087631464004517,0.4663996696472168,-0.005403041839599609,-0.016940712928771973,0.017907142639160156,0.048634350299835205,0.010241210460662842,0.04248160123825073
1000,21,0.1014740988612175,188,1.185016433397929,0.65789345651865,0.09329652786254883,0.042646706104278564,0.08383965492248535,0.09590357542037964,0.07197248935699463,0.09620559215545654
1001,20,0.16144269704818726,26,1.2262656688690186,0.5254743141787392,0.743340253829956,0.4637293219566345,0.7118353247642517,0.7975029349327087,0.6340206265449524,0.7229506969451904
1002,11,0.2988891899585724,58,0.6334714988867441,0.6021107211709023,0.5381338000297546,0.5195448994636536,0.5467115640640259,0.5320117473602295,0.546309232711792,0.4756149649620056
1003,9,0.2645863890647888,48,1.4686942100524902,0.8931499868631363,0.8449932336807251,0.8356942534446716,0.8492222428321838,0.8448191285133362,0.8476146459579468,0.8470421433448792
1004,3,0.33735373616218567,15,0.6954469829797745,0.758365273475647,-0.056682467460632324,-0.04859578609466553,-0.06608974933624268,-0.054242730140686035,-0.04954719543457031,-0.06171846389770508
1005,4,0.32830438017845154,38,0.7550982336203257,0.2782557010650635,0.09052759408950806,0.09492641687393188,0.10560375452041626,0.07420051097869873,0.08014506101608276,0.07312554121017456
1006,8,0.17839641869068146,112,1.0803613662719727,0.5346173917253813,0.8768972158432007,0.8775054812431335,0.878546953201294,0.8807504773139954,0.879063069820404,0.8803297877311707
1007,5,0.11034952104091644,105,0.8702444434165955,0.6729992032051086,0.0015134215354919434,-0.00027632713317871094,0.0015228986740112305,0.0015241503715515137,0.0006895065307617188,0.0014352798461914062
1008,6,0.14175470173358917,68,0.9245168715715408,0.39011140167713165,-0.025297999382019043,0.0309639573097229,-0.0330275297164917,-0.01799750328063965,-0.0472414493560791,-0.029494404792785645
1009,11,0.12560436129570007,193,0.7983566472927729,0.7552711486816406,0.6036134958267212,0.614668607711792,0.6050583124160767,0.5993341207504272,0.603674054145813,0.6044899225234985
1010,20,0.18586419522762299,104,0.855435025691986,0.7374684790770213,0.5330526828765869,0.5143328905105591,0.5291590690612793,0.5248212218284607,0.5274149179458618,0.5282629728317261
1011,17,0.16204005479812622,39,0.7253581523895264,0.408967820306619,0.4708796739578247,0.45729440450668335,0.465761661529541,0.4666588306427002,0.46530455350875854,0.47058045864105225
1012,7,0.2661712169647217,176,0.6082903742790222,0.6566156178712845,0.247667133808136,0.05682414770126343,0.24798613786697388,0.24640685319900513,0.24171018600463867,0.2505355477333069
1013,5,0.16517536342144012,100,1.6395633816719055,0.5255535493294398,0.005048155784606934,0.0022995471954345703,0.0025476813316345215,-0.025043368339538574,-0.010748982429504395,-0.024214982986450195
1014,6,0.32747507095336914,31,0.4340290427207947,0.722627991437912,0.6046252250671387,0.5787560939788818,0.6014636158943176,0.6175281405448914,0.5998347997665405,0.6126004457473755
1015,8,0.19731612503528595,59,1.3797574162483215,1.013585388660431,0.28696000576019287,0.028579354286193848,0.2869032621383667,0.27902066707611084,0.302773118019104,0.28495776653289795
1016,17,0.12907662987709045,81,0.5283263269811869,0.48159795502821606,0.19557267427444458,0.04180741310119629,0.1919134259223938,0.1957375407218933,0.19028598070144653,0.1848287582397461
1017,17,0.13779973983764648,162,1.1165374517440796,0.790853427215056,0.47542881965637207,0.03274953365325928,0.4703848958015442,0.4637616276741028,0.4718257784843445,0.46931594610214233
1018,6,0.12568172812461853,168,0.6569055765867233,0.2727670222520828,-0.013649582862854004,-0.012374639511108398,-0.014003276824951172,-0.013273954391479492,-0.01261591911315918,-0.008756160736083984
1019,7,0.15250977873802185,28,1.5310383836428325,0.606712594628334,0.44214165210723877,0.03276580572128296,0.4414110779762268,0.48183000087738037,0.4550144672393799,0.4795013666152954
1020,9,0.34596267342567444,137,1.1492769916852315,0.7457572817802429,0.9466893672943115,0.8106728196144104,0.9435149431228638,0.9276401996612549,0.9431289434432983,0.9152984023094177
1021,6,0.21848663687705994,171,0.6790880799293518,0.30061158537864685,0.24782270193099976,0.3402490019798279,0.2530699372291565,0.25006794929504395,0.2565792202949524,0.24832165241241455
1022,6,0.29094159603118896,80,1.1643527746200562,0.40194994807243345,0.24284809827804565,0.22097641229629517,0.26317936182022095,0.26115143299102783,0.2556453347206116,0.26345837116241455
1023,18,0.12716247141361237,199,1.3157815039157867,0.6145660259893962,0.8216538429260254,0.6972475051879883,0.8260740637779236,0.8082374930381775,0.8158581852912903,0.8194030523300171
1024,6,0.21383358538150787,161,0.6964106957117716,0.5854393243789673,0.0332370400428772,-0.009604334831237793,0.031318843364715576,0.0293007493019104,0.028798043727874756,0.02959728240966797
1025,11,0.20360906422138214,187,1.0251481384038925,0.3642598454441343,0.7235312461853027,0.689156711101532,0.7200673222541809,0.7214069366455078,0.7232170104980469,0.7210633754730225
1026,19,0.1415582299232483,2,1.1650716066360474,0.5939149531451139,-0.02307724952697754,-0.025812387466430664,-0.06405973434448242,0.05437427759170532,-0.023730874061584473,0.034453630447387695
1027,9,0.23364001512527466,4,1.2950278110802174,0.5726048350334167,0.012545764446258545,0.025017082691192627,0.007497131824493408,-0.0028989315032958984,0.016562581062316895,0.007113099098205566
1028,3,0.28552547097206116,7,2.1349912881851196,1.0348376035690308,-0.05395054817199707,0.005807638168334961,-0.08464968204498291,-0.011313915252685547,-0.0976104736328125,-0.0060977935791015625
1029,21,0.15992282330989838,138,0.8630579978227615,0.6528285220265388,-0.03986823558807373,-0.03540909290313721,-0.027585268020629883,-0.03503549098968506,-0.05136418342590332,-0.03937244415283203
1030,13,0.1315901279449463,113,1.3006691251482283,0.5277276635169983,0.7516927123069763,0.12425774335861206,0.7528471946716309,0.7529547810554504,0.7522148489952087,0.7535694241523743
1031,12,0.23794274032115936,148,1.1284705187593187,0.484671613574028,0.9325530529022217,0.5664172172546387,0.9247122406959534,0.914130687713623,0.9193817377090454,0.9153064489364624
1032,19,0.12311702221632004,15,0.9896781742572784,0.5849045194112338,0.7553974986076355,0.8028967380523682,0.7561194896697998,0.7910469174385071,0.7485297918319702,0.7939854264259338
1033,8,0.12467063963413239,44,0.874854177236557,0.6520962119102478,-0.044095635414123535,-0.023715853691101074,-0.05115926265716553,-0.023929953575134277,-0.06187236309051514,-0.06102705001831055
1034,18,0.16751915216445923,13,1.181554635365804,0.5808907474080721,-0.014036893844604492,0.010120987892150879,-0.017750859260559082,-0.026672840118408203,-0.018154382705688477,0.004258334636688232
1035,10,0.2537928521633148,176,1.0367735028266907,0.5666395649313927,0.13192760944366455,0.11271625757217407,0.13362371921539307,0.12188684940338135,0.12524771690368652,0.12896108627319336
1036,10,0.13805744051933289,43,1.229872574408849,0.6220820397138596,0.16036242246627808,-0.06761693954467773,0.18187719583511353,0.1961037516593933,0.1826843023300171,0.2034132480621338
1037,8,0.30464547872543335,140,0.992715577284495,0.8342622280120849,0.21815341711044312,0.12738734483718872,0.22038930654525757,0.22281968593597412,0.22374147176742554,0.22606557607650757
1038,7,0.15807102620601654,112,0.9865894615650177,0.5619166493415833,0.20545446872711182,0.0520477294921875,0.19686782360076904,0.2097741961479187,0.20427191257476807,0.2024979591369629
1039,12,0.19512809813022614,177,0.6422027498483658,0.761492945253849,-0.0022339820861816406,-0.003442525863647461,-0.0026928186416625977,0.000821232795715332,-0.002048969268798828,0.0028052926063537598
1040,15,0.16312167048454285,122,1.440545658270518,0.6417058971193101,0.5880202651023865,0.29388129711151123,0.5859857797622681,0.5923235416412354,0.5874161124229431,0.5876032114028931
1041,11,0.3255178928375244,89,0.5012977123260498,0.629209985335668,0.561741054058075,0.1355971097946167,0.5595463514328003,0.5438650846481323,0.5628218054771423,0.5464068651199341
1042,8,0.22614946961402893,87,0.7881691232323647,0.4368532598018646,0.2830275297164917,0.25966471433639526,0.2590790390968323,0.27418971061706543,0.2739982604980469,0.2740086317062378
1043,12,0.19756729900836945,87,0.49625788629055023,0.4455038122832775,0.03397548198699951,-0.052327632904052734,0.03690195083618164,0.0470576286315918,0.03785508871078491,0.03493529558181763
1044,4,0.29095402359962463,43,0.9772852261861166,0.3249858021736145,0.503903865814209,0.16229212284088135,0.49157172441482544,0.49961137771606445,0.5077488422393799,0.486342191696167
1045,18,0.12188082933425903,145,0.8038138747215271,0.5099019830425581,0.19588196277618408,0.011880993843078613,0.2038358449935913,0.206723153591156,0.20934301614761353,0.20548975467681885
1046,12,0.11586470901966095,122,1.0240945667028427,0.5034558922052383,0.8320307731628418,0.27570271492004395,0.8316648006439209,0.8327816724777222,0.8320707082748413,0.8308253288269043
1047,9,0.3266260027885437,23,2.43041330575943,0.9614213534763881,0.09429430961608887,-0.036376237869262695,0.08267927169799805,0.121224045753479,0.08831721544265747,0.1506689190864563
1048,19,0.15392141044139862,20,1.354378839333852,0.5173716934827658,-0.021410107612609863,-0.017215490341186523,-0.022626161575317383,-0.027837753295898438,-0.026611804962158203,-0.027545571327209473
1049,12,0.15959064662456512,61,0.9822259545326233,0.48648316306727274,0.2324739694595337,0.07386386394500732,0.26037734746932983,0.27975696325302124,0.24132102727890015,0.23656445741653442
1050,9,0.2855645418167114,190,1.8414322435855865,0.618869024515152,0.7841475009918213,0.16652321815490723,0.7887935638427734,0.79134202003479,0.7937314510345459,0.7886633276939392
1051,22,0.10764426738023758,103,0.7867617458105087,0.4879782199859619,0.7903581857681274,0.7503334879875183,0.7932113409042358,0.785406768321991,0.7936887741088867,0.7952084541320801
1052,12,0.18621477484703064,166,0.6635319938262304,0.8418267046411833,0.004078209400177002,-0.005554676055908203,-0.0010110139846801758,-0.007514834403991699,0.003704965114593506,-0.003103494644165039
1053,10,0.16635319590568542,23,0.7431615378175463,0.8489743868509928,0.09820616245269775,-0.3118131160736084,0.09257519245147705,0.10090631246566772,0.11675089597702026,0.11124992370605469
1054,5,0.21103398501873016,132,0.8791314760843912,0.38583149015903473,0.3276152014732361,0.05571544170379639,0.3209988474845886,0.3217698931694031,0.32408595085144043,0.3214492201805115
1055,19,0.10046625882387161,59,1.2751478012651205,0.6120691028508273,0.21867644786834717,0.08762907981872559,0.14958667755126953,0.23738157749176025,0.17410022020339966,0.25369495153427124
1056,19,0.13651882112026215,22,1.463599681854248,0.5381446200258592,0.6407301425933838,0.42171984910964966,0.5988152027130127,0.6380675435066223,0.49361974000930786,0.6348156929016113
1057,7,0.1238747239112854,20,1.5175182024637859,0.6031349450349808,-0.14204132556915283,-0.1299419403076172,-0.1506253480911255,-0.10721564292907715,-0.12552332878112793,-0.08025121688842773
1058,5,0.1916073113679886,72,0.7132810602585474,0.5616520047187805,0.09436476230621338,0.059740424156188965,0.08637851476669312,0.08694291114807129,0.0959618091583252,0.07769173383712769
1059,22,0.1889013946056366,8,1.9622237801551818,0.4414089208140093,0.7860798239707947,0.4451580047607422,0.8074431419372559,0.8341048955917358,0.7321295738220215,0.8446526527404785
1060,24,0.1297905296087265,2,0.957063402980566,0.7695481711998582,-0.22504174709320068,-0.29904794692993164,-0.22888720035552979,-0.2399541139602661,-0.21817457675933838,-0.19496679306030273
1061,17,0.1478845477104187,9,1.8123008847236632,0.5092746131122112,0.36106979846954346,0.5057251453399658,0.432140052318573,0.5559669733047485,0.44825178384780884,0.55808424949646
1062,7,0.3569350242614746,42,0.6862684289614359,0.6681380271911621,0.1912420392036438,-0.09955227375030518,0.1724817156791687,0.20146429538726807,0.1951737403869629,0.20337986946105957
1063,8,0.29120877385139465,19,1.15900269895792,0.3922465667128563,0.17738372087478638,0.13049250841140747,0.1756916046142578,0.14815491437911987,0.1853380799293518,0.16879034042358398
1064,6,0.14633119106292725,137,1.0646178483963014,1.098922610282898,0.19787251949310303,0.09914875030517578,0.19994395971298218,0.19779706001281738,0.19404232501983643,0.19855856895446777
1065,5,0.12584394216537476,8,0.7779178768396378,0.5854091644287109,-0.07809412479400635,-0.31242918968200684,-0.10669076442718506,-0.30825185775756836,-0.09780073165893555,-0.3211958408355713
1066,5,0.15050090849399567,168,0.4415639340877533,0.4588010460138321,-0.03408455848693848,-0.0007919073104858398,-0.031205177307128906,-0.047016024589538574,-0.043561458587646484,-0.055548667907714844
1067,9,0.23744839429855347,169,0.7198033213615418,0.4211943596601486,0.0830187201499939,0.059716999530792236,0.07448124885559082,0.08252948522567749,0.08136296272277832,0.08026987314224243
1068,20,0.10654069483280182,104,1.0636090442538262,0.532143023610115,0.12809020280838013,-0.06375777721405029,0.18571913242340088,0.1852523684501648,0.144697904586792,0.10990530252456665
1069,9,0.17774005234241486,83,0.6905980110168457,0.6640520117112568,-0.15469706058502197,-0.20026087760925293,-0.15231025218963623,-0.13055050373077393,-0.1553819179534912,-0.13120496273040771
1070,11,0.12156762927770615,125,1.0449317346016567,0.8362588047981262,0.6023914813995361,0.565216064453125,0.5811110734939575,0.5722447633743286,0.5893200635910034,0.5858842134475708
1071,6,0.3080834746360779,30,1.931555986404419,0.6385392149289449,0.739447295665741,0.06022721529006958,0.749703586101532,0.6890366077423096,0.7272945642471313,0.6482009887695312
1072,13,0.11496821790933609,157,0.6345168441534043,0.4139756690710783,0.5060874819755554,0.2995072603225708,0.49374914169311523,0.4689965844154358,0.4848611354827881,0.47159916162490845
1073,14,0.11719094216823578,63,0.6374355137348175,0.7728523876931932,0.9125922918319702,0.11822682619094849,0.918890118598938,0.8989987373352051,0.9223292469978333,0.9190477132797241
1074,14,0.1806531548500061,33,1.0216840505599976,0.35312173267205554,0.11298274993896484,-0.049295902252197266,0.12762987613677979,0.10428565740585327,0.14987748861312866,0.1173291802406311
1075,3,0.3378726840019226,134,1.6556252837181091,0.8787804245948792,0.3201656937599182,0.21076780557632446,0.3184581995010376,0.322116494178772,0.31967270374298096,0.3189219832420349
1076,9,0.18092049658298492,95,1.6206891685724258,0.7431576967239379,-0.009917378425598145,0.000493168830871582,-0.01423799991607666,-0.0086747407913208,-0.011372208595275879,-0.008841753005981445
1077,11,0.15490970015525818,38,1.1669817715883255,0.43974059394427706,0.9119977355003357,0.910546600818634,0.9119067192077637,0.9154473543167114,0.9142032265663147,0.9146595001220703
1078,10,0.13046233355998993,49,1.051188325881958,0.6023099422454834,0.5361719131469727,0.5170807838439941,0.5394690036773682,0.5426437854766846,0.533039391040802,0.5431502461433411
1079,24,0.10405603796243668,162,0.996326794847846,0.5378521289676428,0.04583626985549927,-0.0207059383392334,0.05472385883331299,0.05834299325942993,0.0706055760383606,0.09136843681335449
1080,9,0.3192303478717804,194,1.7187038660049438,0.43889399245381355,0.9483435153961182,0.9089847207069397,0.9453513622283936,0.9294747114181519,0.9476588368415833,0.9460325241088867
1081,6,0.16757580637931824,66,0.8009143024682999,0.5059787631034851,0.36962443590164185,0.1046019196510315,0.3705974817276001,0.37448251247406006,0.36966341733932495,0.3699636459350586
1082,11,0.17724822461605072,28,0.9764580249786377,0.7673912098010381,0.030944883823394775,-0.03319823741912842,0.016224563121795654,0.013803422451019287,0.044903695583343506,0.07315629720687866
1083,24,0.10439778864383698,130,1.1120968721807003,0.8811987917870283,0.7724413275718689,0.2027294635772705,0.777769923210144,0.7965970039367676,0.7841582298278809,0.7974820733070374
1084,9,0.10704302042722702,38,1.5603893569537572,0.3519175499677658,0.008976399898529053,-0.012378931045532227,0.01313626766204834,0.010186493396759033,0.013654947280883789,0.017253100872039795
1085,12,0.21910060942173004,72,1.0005379393696785,0.44464542530477047,0.5749856233596802,0.2705705165863037,0.5775956511497498,0.5760256052017212,0.5781049728393555,0.5727400779724121
1086,4,0.17387701570987701,149,1.3800350030263264,0.5745722055435181,0.019212305545806885,-0.0028799772262573242,0.024449825286865234,0.04223501682281494,0.022035062313079834,0.031086444854736328
1087,4,0.17927661538124084,35,1.3762956509987514,0.5516740679740906,0.6751977205276489,0.2347029447555542,0.6688860654830933,0.6748859882354736,0.6698305606842041,0.6763162612915039
1088,4,0.14907237887382507,157,0.7656570076942444,0.45054394006729126,0.18580782413482666,0.015914440155029297,0.1882115602493286,0.1854550838470459,0.1787891983985901,0.18336230516433716
1089,9,0.2046465128660202,67,1.3348903954029083,0.6422008077303568,0.2536603808403015,0.02977430820465088,0.24475806951522827,0.295432448387146,0.2568262219429016,0.3090096712112427
1090,14,0.20302502810955048,110,0.7843665033578873,0.647065569460392,-0.0068743228912353516,0.0021166205406188965,-0.005099177360534668,0.003025949001312256,-0.0050199031829833984,0.003569304943084717
1091,11,0.12860429286956787,92,1.2058326105276744,0.6170256614685059,0.6801437139511108,0.6116710901260376,0.6918315291404724,0.6811964511871338,0.680280327796936,0.6763198971748352
1092,5,0.31851881742477417,199,0.8627381324768066,0.39900943636894226,0.7505450248718262,0.6438145637512207,0.7504293918609619,0.7464959621429443,0.7503692507743835,0.7478675246238708
1093,22,0.10770269483327866,28,1.609348441873278,0.7664919515450795,-0.014339089393615723,-0.04789912700653076,-0.00935351848602295,-0.04752659797668457,-0.01494455337524414,-0.019350647926330566
1094,11,0.10385047644376755,175,1.1275565226872761,0.7905457556247711,-0.021368861198425293,-0.014164209365844727,-0.021994709968566895,-0.01896202564239502,-0.020342707633972168,-0.019489765167236328
1095,11,0.12225763499736786,166,0.9333338178694248,0.9652901689211527,0.06094956398010254,0.09196895360946655,0.05869781970977783,0.05212414264678955,0.05536794662475586,0.05865603685379028
1096,14,0.15508346259593964,30,1.5846459070841472,0.4917595684528351,0.030552923679351807,-0.0019272565841674805,0.0275610089302063,0.016076326370239258,0.029980778694152832,0.028442978858947754
1097,13,0.23508381843566895,69,1.3568710684776306,0.36343170888721943,0.8396239280700684,0.7268296480178833,0.8415036797523499,0.8374152779579163,0.8439963459968567,0.8386461734771729
1098,4,0.3226269483566284,94,1.459982804954052,0.5531681180000305,-0.03555190563201904,-0.02790212631225586,-0.034845709800720215,-0.029312849044799805,-0.026575207710266113,-0.036766886711120605
1099,10,0.21038919687271118,195,0.8631333240440914,0.3947288592656453,0.22904962301254272,0.2603473663330078,0.22634869813919067,0.24182862043380737,0.22129905223846436,0.24324554204940796
1100,13,0.267988920211792,164,0.8405091961224874,0.999627237021923,0.10611897706985474,0.086589515209198,0.11124789714813232,0.0829201340675354,0.1101413369178772,0.08187127113342285
1101,16,0.11376067250967026,163,0.9684041483061654,0.7729504406452179,0.03175783157348633,0.058741092681884766,0.05112260580062866,0.06971573829650879,0.024907588958740234,0.03559005260467529
1102,13,0.10742662101984024,43,0.6885659694671631,0.9190614202192852,-0.014980673789978027,0.00959545373916626,-0.011638045310974121,0.0020731091499328613,-0.01539623737335205,0.00506901741027832
1103,8,0.13667254149913788,15,0.4086911454796791,0.5398186892271042,-0.03870856761932373,-0.010599732398986816,-0.04630708694458008,-0.02507650852203369,-0.037607789039611816,-0.024374842643737793
1104,3,0.36612385511398315,54,1.2418246269226074,0.4313322603702545,-0.04578721523284912,-0.0231478214263916,-0.03856611251831055,-0.03505265712738037,-0.037392258644104004,-0.030652761459350586
1105,11,0.24715375900268555,165,0.6449690361817678,0.4963674657046795,0.014782547950744629,-0.03336656093597412,0.017410874366760254,0.01419764757156372,0.018727242946624756,0.009077131748199463
1106,3,0.35177871584892273,192,1.2245041131973267,0.4975905120372772,0.2806248068809509,0.14082187414169312,0.29174041748046875,0.28857386112213135,0.27338337898254395,0.2871999740600586
1107,6,0.31860193610191345,134,1.540490488211314,0.7077348132928213,0.6274526119232178,0.5786449909210205,0.6343057155609131,0.633341908454895,0.6239176988601685,0.6318849325180054
1108,6,0.11130495369434357,26,0.9556877851486206,0.3021942973136902,-0.09273171424865723,-0.00730443000793457,-0.0977853536605835,-0.03024876117706299,-0.07780921459197998,-0.062447428703308105
1109,11,0.196379616856575,92,1.476208120584488,0.5118146141370138,0.7892391085624695,0.47902214527130127,0.7902061343193054,0.7816287279129028,0.7902428507804871,0.7880793809890747
1110,13,0.21253950893878937,68,0.5799075692892075,0.4410590585321188,0.6343032121658325,0.2614706754684448,0.6347147226333618,0.6260760426521301,0.6377522349357605,0.6383503675460815
1111,16,0.12795642018318176,154,0.5502190192540487,0.7453094227955892,0.25711482763290405,0.23688435554504395,0.2568366527557373,0.26965147256851196,0.2624388337135315,0.26335448026657104
1112,21,0.1211395412683487,18,0.7105889558792114,0.5913113951683044,0.5379184484481812,0.5969691276550293,0.5136348009109497,0.5218012928962708,0.5162206888198853,0.5112864971160889
1113,8,0.12165029346942902,126,1.1614943385124206,0.3786568393309911,0.7580463290214539,0.7574684619903564,0.7603679895401001,0.7615365982055664,0.7621018886566162,0.7604982256889343
1114,9,0.15087184309959412,12,1.2563648968935013,0.428334578871727,-0.0018271207809448242,-0.055519819259643555,-0.011835694313049316,0.017749130725860596,-0.006224155426025391,0.028732359409332275
1115,6,0.14141665399074554,125,0.7306238412857056,0.4952318146824837,-0.04099869728088379,-0.09443509578704834,-0.04357469081878662,-0.043553709983825684,-0.05388844013214111,-0.05844402313232422
1116,11,0.21257391571998596,183,0.8492812861998876,0.549287611618638,0.21581614017486572,0.10956054925918579,0.22462552785873413,0.21883302927017212,0.20530331134796143,0.2010064721107483
1117,20,0.16395261883735657,121,1.1429910617215293,0.46893341495440555,0.8584644794464111,0.7134894132614136,0.8615105748176575,0.8593783378601074,0.8587546944618225,0.8564819097518921
1118,6,0.1884862631559372,6,1.4523649613062541,0.7625438471635183,0.5260851383209229,0.0115012526512146,0.5400060415267944,0.41293060779571533,0.5028773546218872,0.5504593849182129
1119,19,0.1296297162771225,161,1.2007835904757183,0.4854288525306262,0.5242040157318115,0.014545738697052002,0.5257781147956848,0.5220284461975098,0.525151789188385,0.5276862382888794
1120,6,0.15095333755016327,90,1.5442619264125823,0.22424016892910004,0.9659022688865662,0.2809814214706421,0.9653748273849487,0.9656025767326355,0.9653574824333191,0.9657857418060303
1121,8,0.354951411485672,177,1.447596251964569,0.3433646224439144,0.814439058303833,0.8055295348167419,0.8135937452316284,0.8190624713897705,0.8091993927955627,0.8098539113998413
1122,18,0.1099732518196106,27,1.1880310277144115,0.4837846669058005,0.39926713705062866,0.04087620973587036,0.4027218222618103,0.40748459100723267,0.4097655415534973,0.4198783040046692
1123,11,0.17873701453208923,143,0.9815786232550939,0.8700044095516205,0.0022382736206054688,-0.002620100975036621,0.0017411112785339355,0.003062009811401367,0.0013349652290344238,0.0008880496025085449
1124,13,0.1993645429611206,25,0.715521764010191,0.42739896178245546,0.004081368446350098,-0.01561582088470459,0.014948070049285889,0.032179296016693115,0.014192283153533936,0.01916557550430298
1125,12,0.2163608819246292,7,0.6944766044616699,0.7046481924397605,-0.045144081115722656,0.1974838376045227,0.045718371868133545,0.22401946783065796,-0.047377586364746094,0.20016241073608398
1126,17,0.10199403017759323,149,1.1020531058311462,0.4991109073162079,0.09864985942840576,0.05804485082626343,0.08988076448440552,0.0990365743637085,0.11312592029571533,0.0995294451713562
1127,20,0.1926763355731964,28,0.9601512253284454,0.5919802416773403,-0.4470841884613037,-0.5956175327301025,-0.3110826015472412,-0.3493947982788086,-0.23497223854064941,-0.3791472911834717
1128,7,0.2565322518348694,199,1.5982979536056519,0.5851943790912628,0.6707391738891602,0.4824545383453369,0.6700133681297302,0.6715224385261536,0.6706513166427612,0.6702050566673279
1129,11,0.3106437921524048,134,1.4432223081588744,0.37161292135715485,0.1887841820716858,0.17300283908843994,0.16833031177520752,0.159587562084198,0.16878318786621094,0.17364639043807983
1130,14,0.16241098940372467,15,1.0842508494853973,0.4733129706647661,0.5600243806838989,-0.10027110576629639,0.5093070864677429,0.5689427852630615,0.5353820323944092,0.5384690761566162
1131,4,0.21882788836956024,69,1.4708918333053589,0.44692499935626984,0.9709941148757935,0.969173789024353,0.9713008403778076,0.9706835746765137,0.9709432721138,0.971791684627533
1132,3,0.14402830600738525,198,0.9364249557256699,1.0720701217651367,0.0069089531898498535,0.004280030727386475,0.006851792335510254,0.007912158966064453,0.005540430545806885,0.009180784225463867
1133,6,0.11527172476053238,184,1.9455538839101791,0.8968178927898407,0.09559547901153564,-0.00047338008880615234,0.09874457120895386,0.05792117118835449,0.08997315168380737,0.08624285459518433
1134,4,0.17722955346107483,157,0.9953923225402832,0.46962273120880127,0.3252912759780884,0.3441982865333557,0.3230556845664978,0.3212648630142212,0.32225191593170166,0.32474249601364136
1135,3,0.3174809217453003,91,0.7422272562980652,0.2587939202785492,0.06319922208786011,0.057306885719299316,0.05032593011856079,0.06864559650421143,0.05750143527984619,0.05868804454803467
1136,20,0.11764271557331085,29,1.2791697599671104,0.4283829612864388,0.49599355459213257,0.20681911706924438,0.5213737487792969,0.5109540820121765,0.516306459903717,0.5159672498703003
1137,20,0.13563695549964905,192,1.2697546519339085,0.48234733069936436,0.058930158615112305,-0.013497233390808105,0.0671350359916687,0.06387805938720703,0.05729895830154419,0.03735834360122681
1138,7,0.18950200080871582,86,0.6998395264148712,0.5865823775529861,0.44933760166168213,0.34126049280166626,0.45289188623428345,0.4487767815589905,0.45039963722229004,0.45130735635757446
1139,13,0.1276957243680954,141,0.7247578725218773,0.44686955875820583,0.24774718284606934,0.22399276494979858,0.24269962310791016,0.22721266746520996,0.24370712041854858,0.2289944887161255
1140,17,0.11945124715566635,185,1.1292891303698223,0.704354003071785,0.8914661407470703,0.8477338552474976,0.8923416137695312,0.8910983800888062,0.8900660872459412,0.8875181674957275
1141,13,0.10545293986797333,95,0.9819406494498253,0.8370441595713297,0.2534031271934509,0.02711498737335205,0.2526125907897949,0.2428998351097107,0.2563766837120056,0.24056345224380493
1142,4,0.190684512257576,147,1.0464308857917786,0.4344196766614914,0.787952184677124,0.12352907657623291,0.7856014966964722,0.7815971374511719,0.7865520119667053,0.7834769487380981
1143,12,0.11587744206190109,36,1.3043710844857352,0.5909444868564606,0.03940117359161377,0.07371866703033447,0.03624916076660156,0.10357367992401123,0.01157146692276001,0.10662931203842163
1144,8,0.11546451598405838,86,0.5934423804283142,0.9693877547979355,-0.017003893852233887,-0.024280428886413574,-0.0194244384765625,-0.020203709602355957,-0.018366098403930664,-0.02051723003387451
1145,8,0.1082189604640007,176,0.6824897428353628,0.5265409737825394,0.9474944472312927,0.9476532340049744,0.9450312256813049,0.9444551467895508,0.9474725127220154,0.9452286958694458
1146,5,0.18850471079349518,124,0.8008427023887634,0.4205169081687927,0.772841215133667,0.7786780595779419,0.7770509719848633,0.7776556015014648,0.7747253179550171,0.7744172215461731
1147,3,0.23546287417411804,145,1.7904665619134903,0.37684959173202515,0.6392097473144531,0.645992636680603,0.6421300172805786,0.6422278881072998,0.6362557411193848,0.6386338472366333
1148,19,0.1267554759979248,153,0.728229284286499,0.5153305968269706,0.09252423048019409,0.0797082781791687,0.08718007802963257,0.1085464358329773,0.09228748083114624,0.11969047784805298
1149,4,0.14892348647117615,123,0.7644053896268209,0.2556581199169159,-0.11342430114746094,-0.16427314281463623,-0.11916089057922363,-0.11699116230010986,-0.10665023326873779,-0.10192787647247314
1150,13,0.12628011405467987,36,1.0147039857175615,0.4106002151966095,-0.012959599494934082,-0.05905282497406006,-0.0053234100341796875,-0.019493460655212402,-0.009169459342956543,-0.023377418518066406
1151,9,0.26245829463005066,50,2.087013453245163,0.5645419597625733,0.2686386704444885,0.19738274812698364,0.24764412641525269,0.2665623426437378,0.20824414491653442,0.2608303427696228
1152,9,0.11021986603736877,198,1.1160888075828552,0.7187917232513428,0.3922756314277649,0.3750375509262085,0.3898574709892273,0.3937455415725708,0.38820087909698486,0.3915034532546997
1153,7,0.10837635397911072,169,1.4032314916451771,0.20812509953975677,-0.024706125259399414,-0.0367814302444458,-0.028275609016418457,-0.021416664123535156,-0.024787545204162598,-0.02557504177093506
1154,13,0.20184975862503052,68,0.9643218219280243,0.6181315146386623,-0.02379155158996582,0.014340698719024658,-0.01298666000366211,-0.005661368370056152,-0.02544403076171875,-0.01846134662628174
1155,10,0.10840139538049698,103,1.1205133646726608,0.43534334003925323,-0.006909966468811035,-0.010762453079223633,0.0015524625778198242,0.0009448528289794922,-0.0007187128067016602,-0.00354766845703125
1156,24,0.1689912974834442,55,0.6676179269949595,0.4663165319297049,0.3853245973587036,-0.004301548004150391,0.3952638506889343,0.345401406288147,0.40469831228256226,0.37011075019836426
1157,3,0.13242673873901367,75,0.5561961531639099,0.2910439074039459,0.8754321336746216,0.8653737306594849,0.8768565058708191,0.8754403591156006,0.8723429441452026,0.8759516477584839
1158,17,0.106659434735775,88,0.9904441416263581,0.3708862449441637,0.14360904693603516,0.004044651985168457,0.13621395826339722,0.1316506266593933,0.14250874519348145,0.13986927270889282
1159,5,0.30565837025642395,57,0.9370541349053383,0.24402526021003723,0.6845575571060181,0.6813416481018066,0.6875947713851929,0.6721774935722351,0.6878784894943237,0.6859181523323059
1160,16,0.11072363704442978,50,1.0304273143410683,0.5607644431293011,0.041459739208221436,-0.003673553466796875,-0.006971597671508789,-0.0062770843505859375,0.001977264881134033,-0.06658434867858887
1161,3,0.3456617295742035,121,0.872340589761734,0.44672244787216187,0.07033318281173706,0.07569336891174316,0.06379026174545288,0.0721358060836792,0.06618088483810425,0.07153046131134033
1162,9,0.16291770339012146,132,1.0555309414863587,0.4094938859343529,0.3781401515007019,0.014732956886291504,0.37848329544067383,0.371785044670105,0.3738585114479065,0.3717266917228699
1163,4,0.2436540424823761,27,0.3167392909526825,0.31415247917175293,-0.16190755367279053,-0.08774709701538086,-0.18612265586853027,-0.18308746814727783,-0.1930001974105835,-0.1822047233581543
1164,6,0.21887125074863434,182,1.0491019785404205,0.511123776435852,0.6194969415664673,0.5799024105072021,0.6198170781135559,0.6229343414306641,0.6328650712966919,0.628170907497406
1165,5,0.15726150572299957,114,1.2879072725772858,0.2899247109889984,-0.09876275062561035,-0.07971203327178955,-0.0791863203048706,-0.028858661651611328,-0.09430146217346191,-0.016614556312561035
1166,13,0.17220692336559296,88,0.5478518724441528,0.5100033804774284,0.04095810651779175,0.02102363109588623,0.049170732498168945,0.04563546180725098,0.04902338981628418,0.03988468647003174
1167,7,0.10262220352888107,31,0.8901799768209457,0.8573099176088969,-0.0032227039337158203,0.00045484304428100586,-0.009709596633911133,-0.005662798881530762,-0.005666375160217285,-0.003245830535888672
1168,6,0.27001428604125977,75,1.8523073196411133,0.7473482862114906,-0.006260514259338379,-0.016815900802612305,-0.018097281455993652,-0.013261795043945312,-0.009366154670715332,-0.012345433235168457
1169,13,0.1737661063671112,91,1.3789095997810363,0.38470254465937614,0.0032099485397338867,-0.0023554563522338867,0.002668619155883789,-0.012860894203186035,-0.0005066394805908203,-0.011676549911499023
1170,9,0.14838676154613495,65,0.827327586710453,0.6665595769882202,0.027597427368164062,0.021914780139923096,0.032848060131073,0.02454078197479248,0.03167986869812012,0.03146117925643921
1171,16,0.15596851706504822,84,1.0954304337501526,0.6015599037592227,0.038503944873809814,-0.020081281661987305,0.03669726848602295,0.018131136894226074,0.027554571628570557,0.019084393978118896
1172,24,0.11093952506780624,89,0.8122396295269331,0.5857330660025278,0.20545333623886108,-0.15790247917175293,0.20273470878601074,0.2079559564590454,0.20291006565093994,0.22650504112243652
1173,6,0.2695815861225128,185,0.8086976483464241,0.37488964200019836,-0.01665174961090088,-0.017530441284179688,-0.019266247749328613,-0.013465046882629395,-0.01973581314086914,-0.015360355377197266
1174,11,0.1446055918931961,83,1.130914068222046,1.0221144556999207,0.4024466276168823,-0.02826392650604248,0.3943948745727539,0.3480095863342285,0.38206052780151367,0.38005757331848145
1175,6,0.2983151972293854,196,2.01269660393397,0.5783372322718302,0.3901687264442444,0.33348357677459717,0.39072972536087036,0.39399397373199463,0.39025557041168213,0.38846534490585327
1176,7,0.14452266693115234,53,1.2614649057388305,0.3924293518066406,0.7280545234680176,0.12815219163894653,0.7206710577011108,0.7522957921028137,0.7245054244995117,0.7508642673492432
1177,19,0.11041320115327835,139,0.8655111789703369,0.6023619621992111,0.12638092041015625,0.16231173276901245,0.10507559776306152,0.17719781398773193,0.10275375843048096,0.17887216806411743
1178,9,0.17891821265220642,120,0.8120607932408651,0.5693454742431641,0.2529808282852173,0.018255770206451416,0.25630056858062744,0.26165157556533813,0.25620365142822266,0.2595338821411133
1179,14,0.10420961678028107,89,0.9573347742358843,0.4472579285502434,0.5208457708358765,0.5124225616455078,0.5153443813323975,0.5188848972320557,0.5207226872444153,0.5229001045227051
1180,13,0.12268081307411194,101,1.2136314272880555,0.731808390468359,-0.01585686206817627,-0.07617425918579102,-0.016765117645263672,-0.008131861686706543,-0.018043994903564453,-0.006192564964294434
1181,9,0.31568801403045654,10,0.8300266265869141,0.8583255186676979,-0.2984461784362793,-0.2406473159790039,-0.25583183765411377,-0.3810305595397949,-0.3086400032043457,-0.41944801807403564
1182,10,0.12394890189170837,124,1.0914299190044403,0.4676228165626526,0.1973450779914856,-0.02983105182647705,0.19566631317138672,0.19385194778442383,0.2008954882621765,0.19767826795578003
1183,10,0.3485068082809448,106,0.7507468163967133,0.6271355077624321,0.6918871402740479,0.5514293909072876,0.6980200409889221,0.6827125549316406,0.6968269348144531,0.6939026713371277
1184,15,0.10110827535390854,84,1.276385748386383,0.5202917829155922,0.40539777278900146,0.4114077091217041,0.4028633236885071,0.4366433024406433,0.39641648530960083,0.4359079599380493
1185,14,0.294130802154541,155,1.8181774020195007,0.5560034662485123,0.03741168975830078,0.016071200370788574,0.027263104915618896,0.017713427543640137,0.01906794309616089,0.013300180435180664
1186,7,0.2719225585460663,178,1.1527773936589558,0.3261421509087086,0.7084654569625854,0.6891111135482788,0.707308828830719,0.710311770439148,0.7096588015556335,0.7068711519241333
1187,9,0.18013261258602142,193,1.2031533002853394,0.412019070237875,0.44651275873184204,0.15173321962356567,0.46395742893218994,0.45753806829452515,0.464091956615448,0.4615800380706787
1188,10,0.13014303147792816,10,0.4560973383486271,0.3772843728462855,0.20018404722213745,-0.06000792980194092,0.1728772521018982,0.2252293825149536,0.21631616353988647,0.16067904233932495
1189,10,0.14830739796161652,184,0.5469709560275078,0.5316224147876104,-0.04674530029296875,-0.0470353364944458,-0.04728853702545166,-0.05538749694824219,-0.0473860502243042,-0.053522586822509766
1190,5,0.19323620200157166,139,1.10603666305542,0.8238094076514244,0.018702030181884766,-0.0004826784133911133,0.019335806369781494,0.008966803550720215,0.020862996578216553,0.017848074436187744
1191,12,0.11991376429796219,134,0.9885973284641901,0.5743377804756165,0.4973548650741577,0.3329089879989624,0.49871110916137695,0.4562578797340393,0.48644083738327026,0.47615599632263184
1192,7,0.1951647698879242,173,2.262871503829956,0.47626997232437135,0.8390271067619324,0.28892678022384644,0.8357506990432739,0.8279575109481812,0.8246020078659058,0.8265327215194702
1193,15,0.17107436060905457,75,0.6723988652229309,0.4589725817952837,0.24014544486999512,0.2206912636756897,0.2469857931137085,0.24967682361602783,0.24536097049713135,0.26020556688308716
1194,9,0.1157984584569931,33,0.9413465887308121,0.7805678397417068,0.1323181390762329,-0.015569567680358887,0.1506187915802002,0.1697453260421753,0.14694511890411377,0.15001839399337769
1195,9,0.2510322034358978,38,0.5361314117908478,0.7278984069824219,-0.0027652978897094727,-0.005401611328125,-0.003940105438232422,-0.007997632026672363,-0.002996683120727539,-0.008553504943847656
1196,6,0.24950933456420898,38,1.349270408352216,0.48159174124399823,0.9048175811767578,0.7460862398147583,0.901475191116333,0.9107769727706909,0.9006291627883911,0.9038954973220825
1197,8,0.14523936808109283,71,0.877854511141777,0.5825231075286865,0.0950922966003418,0.004593312740325928,0.10379832983016968,0.08996886014938354,0.09686034917831421,0.10400110483169556
1198,14,0.1541646271944046,194,0.6353329658508301,0.4813809957769182,0.14992064237594604,0.004613399505615234,0.14898455142974854,0.16314125061035156,0.16024863719940186,0.1514071822166443
1199,11,0.16176441311836243,154,1.5997430831193924,0.5348092828478131,0.13285726308822632,-0.04267406463623047,0.13048070669174194,0.16696232557296753,0.16928702592849731,0.1699884533882141
1200,13,0.16677306592464447,30,0.8360528846581777,0.6554262510367802,-0.028208374977111816,0.06940233707427979,-0.029148221015930176,0.00033152103424072266,-0.03198683261871338,0.02313774824142456
1201,16,0.1096818670630455,188,1.3327681554688349,0.5940458902290889,0.7119830846786499,0.6764505505561829,0.7139225006103516,0.7281879782676697,0.7132832407951355,0.7252633571624756
1202,5,0.2297535538673401,120,0.44516586512327194,0.3212266266345978,0.05631071329116821,-0.0024094581604003906,0.05455422401428223,0.046514928340911865,0.04811394214630127,0.04885900020599365
1203,15,0.1544603705406189,63,1.3800865809122722,0.7084914346536001,0.5680603981018066,0.6090592741966248,0.5610849261283875,0.532174289226532,0.5625758767127991,0.5306653380393982
1204,11,0.1771424412727356,32,0.4063856601715088,0.553817657487733,0.9116129875183105,0.5025520324707031,0.9031344652175903,0.9147442579269409,0.9052225947380066,0.9141557812690735
1205,15,0.1403811275959015,124,1.1629763096570969,0.48104954578659753,0.062234461307525635,0.04403656721115112,0.07416713237762451,0.06203353404998779,0.07834357023239136,0.08049565553665161
1206,17,0.10621511936187744,128,0.942507803440094,0.4617072269320488,0.8468752503395081,0.2037203311920166,0.8449685573577881,0.8411954641342163,0.8329792022705078,0.8546647429466248
1207,11,0.2020506113767624,176,0.8897163271903992,0.47642503891672405,0.8518768548965454,0.6223011016845703,0.8479254245758057,0.8466858267784119,0.8433477878570557,0.8436596393585205
1208,11,0.2282937914133072,21,0.8580225288867951,0.3683265099922816,-0.16571271419525146,-0.04044544696807861,-0.1241457462310791,-0.11280167102813721,-0.16593801975250244,-0.08637917041778564
1209,17,0.11056330054998398,153,0.8842870543400446,0.6329100355505943,0.0005984306335449219,-0.015591025352478027,-0.0038900375366210938,-0.0028439760208129883,-0.004910111427307129,-0.0036468505859375
1210,7,0.14345063269138336,190,0.5156213939189911,0.8535676697889963,0.018799245357513428,0.005652070045471191,0.0072446465492248535,0.002646803855895996,0.00796055793762207,0.01010829210281372
1211,15,0.1357186883687973,149,0.9845455586910248,0.45220270454883577,0.8429660797119141,0.16202884912490845,0.8685610890388489,0.8637418150901794,0.8626489639282227,0.8668750524520874
1212,25,0.10308490693569183,164,1.2078917541287162,0.6327525483710426,0.10910439491271973,-0.0020933151245117188,0.10110431909561157,0.08560484647750854,0.08415615558624268,0.08753108978271484
1213,14,0.1896599978208542,185,1.0774179100990295,0.5117956059319633,0.31704968214035034,0.11304247379302979,0.3053041100502014,0.2991514205932617,0.3167802095413208,0.30165737867355347
1214,3,0.1866447627544403,33,1.0385761559009552,0.21125659346580505,0.25720709562301636,0.26810556650161743,0.25967633724212646,0.25171512365341187,0.27078646421432495,0.2617245316505432
1215,5,0.25206461548805237,174,1.0762765010197957,0.40489043295383453,0.8728581666946411,0.6247261166572571,0.872522234916687,0.8700465559959412,0.8729814291000366,0.8715627193450928
1216,6,0.21886461973190308,184,0.3628457933664322,0.6735193096101284,0.02312535047531128,5.543231964111328e-06,0.02156597375869751,0.0062271952629089355,0.021542727947235107,0.005407750606536865
1217,20,0.10560206323862076,131,0.9350033849477768,0.5799507945775986,0.7749661207199097,0.28026169538497925,0.7672334909439087,0.754138171672821,0.7557525634765625,0.7547762393951416
1218,7,0.3842974007129669,130,0.7110205292701721,0.3347547799348831,0.5900324583053589,0.581601619720459,0.5971802473068237,0.5973670482635498,0.6000246405601501,0.6099612712860107
1219,13,0.10118192434310913,170,0.9032883364707232,0.6266728281974793,-0.001187443733215332,0.0013960599899291992,-0.020901083946228027,0.003528594970703125,-0.023370027542114258,0.003632485866546631
1220,6,0.29042887687683105,161,0.4652526080608368,0.762668788433075,0.41254013776779175,0.3322851061820984,0.4114464521408081,0.4095608592033386,0.41302090883255005,0.4115939736366272
1221,16,0.15407094359397888,138,0.8916107167800268,0.5341272071003914,0.8223296403884888,0.3309513330459595,0.8258634209632874,0.827656090259552,0.8270774483680725,0.8276427984237671
1222,6,0.1787736862897873,187,0.8178986608982086,0.3703597237666448,0.7276031970977783,0.6978892087936401,0.7273999452590942,0.7326343655586243,0.7307025194168091,0.7363973259925842
1223,9,0.13908322155475616,51,1.7054396748542786,0.7219066023826599,0.045179665088653564,-0.005285501480102539,0.043138742446899414,0.006396591663360596,0.048812806606292725,0.003280162811279297
1224,19,0.19314846396446228,142,0.7541355465849241,0.5833082726368537,0.9190083146095276,0.513787031173706,0.9176357984542847,0.9148959517478943,0.9141678214073181,0.9164782762527466
1225,6,0.13553306460380554,2,1.5139257550239562,0.5115983486175537,-0.29408180713653564,-0.12274134159088135,-0.16027569770812988,-0.025712013244628906,-0.23936355113983154,-0.0385969877243042
1226,17,0.1215614601969719,82,0.7435748428106308,0.597139407808964,0.9248486757278442,0.8497822284698486,0.9212575554847717,0.9236576557159424,0.9151096940040588,0.9241346120834351
1227,6,0.11353976279497147,25,1.7458711981773376,0.2903333008289337,0.18259835243225098,0.09784972667694092,0.11212730407714844,0.25699108839035034,0.11606138944625854,0.2816738486289978
1228,14,0.20855535566806793,83,1.0417092740535736,0.7384128955503305,0.17048943042755127,0.006646573543548584,0.16044831275939941,0.19960373640060425,0.17030000686645508,0.2173817753791809
1229,17,0.1380699872970581,7,1.0581397712230682,0.6437751079599062,-0.005451679229736328,-0.011922955513000488,-0.016501784324645996,-0.004162430763244629,-0.0102769136428833,-0.005542278289794922
1230,8,0.23368245363235474,51,1.6244134902954102,0.287641038497289,0.6157444715499878,0.49794018268585205,0.5866919755935669,0.5914816856384277,0.6113454103469849,0.6036375761032104
1231,11,0.269912987947464,160,0.954464465379715,0.5268393440379037,0.6420160531997681,0.6285138130187988,0.6345469951629639,0.6543880701065063,0.6323399543762207,0.6384131908416748
1232,15,0.15503649413585663,189,0.4989732325077057,0.6305308014154434,0.2784382700920105,0.2661740779876709,0.2765522599220276,0.26015377044677734,0.28154808282852173,0.25759631395339966
1233,8,0.2347172349691391,166,1.270649368564288,0.9395244419574738,0.16615808010101318,0.14268159866333008,0.16396170854568481,0.16140609979629517,0.15834403038024902,0.16071105003356934
1234,8,0.23941564559936523,44,0.9975543841719627,0.462580569088459,0.7441561222076416,0.3056747317314148,0.7520830631256104,0.7430616617202759,0.7393640279769897,0.7549868822097778
1235,6,0.19438984990119934,3,1.6588299572467804,1.0355961322784424,-0.068328857421875,0.05615437030792236,-0.05252671241760254,-0.023049354553222656,-0.09624230861663818,-0.051625728607177734
1236,7,0.31418582797050476,159,0.7000953257083893,0.4272456467151642,0.20651113986968994,-0.02825748920440674,0.2158273458480835,0.20595985651016235,0.21323949098587036,0.20446348190307617
1237,20,0.13266770541667938,101,1.3274496018886566,0.7314692884683609,0.5093781352043152,0.13140040636062622,0.5096630454063416,0.5106180906295776,0.5121103525161743,0.5114340782165527
1238,8,0.14201673865318298,175,1.3491165161132812,0.44857455293337506,0.0347137451171875,-0.021566152572631836,0.01627713441848755,0.017280995845794678,0.016175508499145508,0.010367929935455322
1239,10,0.35123059153556824,19,2.283281683921814,0.597502913326025,0.8818002343177795,0.6547918319702148,0.8838661909103394,0.8426433205604553,0.8852459788322449,0.8529026508331299
1240,8,0.11280018836259842,122,1.3233635187149049,0.7081034481525421,-0.03122889995574951,-0.03085613250732422,-0.02901136875152588,-0.023222684860229492,-0.02646017074584961,-0.027473092079162598
1241,13,0.10172633826732635,57,1.0539645701646805,0.5317288206683265,-0.004400968551635742,-0.049996137619018555,-0.016660451889038086,0.122494637966156,-0.0010344982147216797,0.11204028129577637
1242,20,0.16421058773994446,18,1.0826951882668905,0.4726761235640599,0.44351232051849365,-0.15786874294281006,0.45737314224243164,0.36059314012527466,0.45580583810806274,0.44600093364715576
1243,10,0.16794046759605408,23,0.6456867456436157,0.4723584055900574,0.3814219832420349,0.1293734908103943,0.3389899730682373,0.3397065997123718,0.3540545105934143,0.3149831295013428
1244,15,0.10436110943555832,7,1.1941964495927095,0.4225823389632361,0.03695046901702881,0.1003119945526123,0.028932690620422363,0.16571742296218872,0.030516982078552246,0.179033100605011
1245,9,0.2502535283565521,183,0.9187337756156921,0.5774069428443909,0.6607476472854614,0.6681790351867676,0.6645795106887817,0.6831942796707153,0.6469401717185974,0.6701558828353882
1246,14,0.126519113779068,36,0.9037918090820313,0.5762001044220395,0.42215627431869507,-0.15716052055358887,0.4288732409477234,0.4506021738052368,0.430705189704895,0.44831061363220215
1247,17,0.1610342562198639,70,1.4229312419891358,0.6008283396561941,0.7106822729110718,0.2818537950515747,0.7344903945922852,0.7249124050140381,0.6739122271537781,0.7184484004974365
1248,10,0.19762426614761353,162,1.3771367073059082,0.7559633925557137,0.1841762661933899,0.030187606811523438,0.19107234477996826,0.204268217086792,0.18616604804992676,0.21011942625045776
1249,10,0.1774321049451828,200,0.8848366260528564,0.5551878124475479,0.3076052665710449,0.07359027862548828,0.3104180693626404,0.3099523186683655,0.318625807762146,0.3105013370513916
1250,16,0.1730293482542038,97,0.9045339201887449,0.6413014590740204,0.19585084915161133,-0.012471914291381836,0.04293501377105713,0.10230362415313721,0.07896864414215088,0.11545014381408691
1251,18,0.1251177191734314,41,1.4013179668358393,0.7013191147284075,0.09438204765319824,0.012602448463439941,0.09440022706985474,0.09271401166915894,0.09632927179336548,0.0860784649848938
1252,17,0.11690225452184677,71,1.3073400855064392,0.6548848375678062,0.5007680058479309,0.46168428659439087,0.5093912482261658,0.513801097869873,0.503288745880127,0.509554386138916
1253,7,0.31780746579170227,13,0.4205398013194402,0.4294312745332718,0.5698118805885315,0.562744140625,0.582621693611145,0.6083923578262329,0.5865517854690552,0.5856331586837769
1254,23,0.11857166886329651,177,1.396187995161329,0.5559689812362194,0.2598615288734436,0.13815832138061523,0.26058900356292725,0.2522895932197571,0.2608721852302551,0.2663397789001465
1255,8,0.21405786275863647,92,1.2880718111991882,0.7502772510051727,0.286271333694458,0.23999547958374023,0.2858976125717163,0.2804332375526428,0.28277599811553955,0.26979881525039673
1256,12,0.16570819914340973,150,0.4914262294769287,0.5413757589730349,0.6657034158706665,0.6433390378952026,0.6641495227813721,0.6564832925796509,0.6622703075408936,0.6656262874603271
1257,9,0.21548572182655334,24,0.8374609549840292,0.4025917053222656,0.5936809182167053,0.10350114107131958,0.625089168548584,0.6166527271270752,0.6137208342552185,0.6138557195663452
1258,10,0.10691051930189133,165,1.379474902153015,0.3399065792560577,0.7648305892944336,0.7066822648048401,0.7662505507469177,0.7595651149749756,0.7632507085800171,0.7618058323860168
1259,6,0.10846962779760361,195,0.9768048822879791,0.48097245395183563,-0.016980528831481934,-0.005329012870788574,-0.019903898239135742,-0.005176663398742676,-0.01099085807800293,-0.0021915435791015625
1260,15,0.11867937445640564,153,0.7721897438168526,0.5363719931670597,0.1603514552116394,0.13344979286193848,0.15701138973236084,0.17607110738754272,0.157509446144104,0.17365002632141113
1261,6,0.25967979431152344,94,1.1995174884796143,0.5048676058650017,0.8411833047866821,0.8117063641548157,0.8415718674659729,0.8362991213798523,0.8387535810470581,0.8396909236907959
1262,11,0.10283259302377701,144,1.2765973918139935,0.367496778567632,0.782728910446167,0.23717421293258667,0.7812220454216003,0.7837868928909302,0.7825887203216553,0.7826864123344421
1263,4,0.1604139804840088,135,1.2565739552179973,0.25586625933647156,0.8898429274559021,0.10074740648269653,0.8920412063598633,0.8903239965438843,0.8895582556724548,0.8915475010871887
1264,14,0.11137537658214569,84,0.5878762205441793,0.7285972498357296,0.7682242393493652,0.2002602219581604,0.7647606134414673,0.7367459535598755,0.7749223113059998,0.7583204507827759
1265,24,0.12815040349960327,96,1.0661728978157043,0.5644470917827943,0.4614635705947876,0.043440282344818115,0.46087366342544556,0.44698697328567505,0.4678710699081421,0.4760119318962097
1266,16,0.11602739244699478,167,1.3810799221197765,0.6551468908786774,0.3250179886817932,0.001260221004486084,0.319732666015625,0.32269322872161865,0.3137013912200928,0.3038055896759033
1267,16,0.12617704272270203,28,1.1242377132177352,0.6429556806882223,0.06509923934936523,-0.01933467388153076,0.073311448097229,0.10514891147613525,0.08596092462539673,0.10709410905838013
1268,8,0.20420922338962555,58,0.9053567051887512,0.5813966815670332,0.750579833984375,0.7535395622253418,0.753510057926178,0.7551887631416321,0.7584574222564697,0.7607001066207886
1269,13,0.10180259495973587,54,1.4449251549584525,0.40579163283109665,0.9147538542747498,0.0958791971206665,0.9158996343612671,0.9160562753677368,0.9151480793952942,0.9159256815910339
1270,6,0.18694676458835602,196,0.6002480238676071,0.323021724820137,0.15822166204452515,0.11895430088043213,0.16092973947525024,0.15776509046554565,0.163000226020813,0.16196715831756592
1271,14,0.11712904274463654,115,1.549795721968015,0.4607480801641941,0.8019073009490967,0.7826424837112427,0.8057747483253479,0.8010520339012146,0.7998931407928467,0.8029657006263733
1272,20,0.1786164939403534,194,1.008783186475436,0.484814247914723,0.8010445237159729,0.7562844753265381,0.8029347658157349,0.8022729158401489,0.8011019229888916,0.8032217621803284
1273,14,0.1769958883523941,62,1.1483833253383637,0.5122298763857948,0.1795445680618286,0.22324448823928833,0.1511710286140442,0.26044219732284546,0.1626918911933899,0.25907158851623535
1274,12,0.19288192689418793,63,0.9320265576243401,0.6591553464531898,-0.017621755599975586,0.01133042573928833,-0.016098499298095703,-0.016156792640686035,-0.018326282501220703,-0.016645431518554688
1275,13,0.15813244879245758,111,0.8774199843406677,0.7557797133922577,0.2165588140487671,0.004247844219207764,0.2151550054550171,0.2182844877243042,0.2174714207649231,0.21796679496765137
1276,10,0.11756448447704315,60,0.5635567426681518,0.5143320918083191,0.6524478197097778,0.056017279624938965,0.6567103862762451,0.6624482274055481,0.6554356813430786,0.6553478837013245
1277,8,0.17620949447155,118,1.1548649271329243,0.39153654873371124,-0.029621005058288574,-0.0024613142013549805,-0.022717952728271484,-0.026344895362854004,-0.04236042499542236,-0.00021338462829589844
1278,5,0.14624576270580292,141,1.3645468801259995,0.41666465997695923,0.6782152652740479,0.25788700580596924,0.6844194531440735,0.7012135982513428,0.6815193891525269,0.7002609968185425
1279,4,0.12676465511322021,152,0.8080886900424957,0.6687072217464447,0.13539361953735352,0.10353738069534302,0.13190901279449463,0.12456989288330078,0.13126260042190552,0.11418253183364868
1280,16,0.14417190849781036,85,0.9740394234657288,0.600502222776413,0.8555518388748169,0.840893030166626,0.850483238697052,0.8470622301101685,0.8504616022109985,0.8554271459579468
1281,4,0.25776907801628113,23,1.04395392537117,0.6770018488168716,0.18965864181518555,0.05198734998703003,0.22847729921340942,0.21840643882751465,0.2073899507522583,0.2133241891860962
1282,25,0.1516444981098175,89,0.8303048121077674,0.7208924376302295,0.7018574476242065,0.4149909019470215,0.6900308132171631,0.7082741260528564,0.7066105604171753,0.7096774578094482
1283,7,0.24830536544322968,80,0.7637723535299301,0.43134669462839764,0.10988593101501465,0.07579338550567627,0.10333454608917236,0.10360431671142578,0.11266618967056274,0.11564022302627563
1284,10,0.2772611379623413,111,0.9841433167457581,0.6303934667791639,0.18783390522003174,0.07522034645080566,0.12561136484146118,0.16534751653671265,0.15971475839614868,0.15762078762054443
1285,15,0.11046425998210907,190,0.8647122003815391,0.7704867348074913,0.006196558475494385,0.0032843351364135742,0.007029116153717041,0.00031238794326782227,0.0052651166915893555,0.002063155174255371
1286,7,0.29490774869918823,111,1.4239638447761536,0.38916573524475095,0.8512600064277649,0.622569739818573,0.8529232740402222,0.8574658632278442,0.8567661046981812,0.8524603247642517
1287,11,0.14825092256069183,192,0.9297492653131485,0.5926556310483387,-0.0564577579498291,-0.05094873905181885,-0.0568850040435791,-0.047334909439086914,-0.05278003215789795,-0.050492167472839355
1288,8,0.1299881786108017,76,0.47249895334243774,1.1037746667861938,0.5455583333969116,0.30383193492889404,0.5446164011955261,0.5512039661407471,0.5549358129501343,0.5438842177391052
1289,3,0.2561657428741455,74,0.763922393321991,0.2532150447368622,0.15122079849243164,0.11899614334106445,0.15554171800613403,0.15434926748275757,0.15037590265274048,0.1557597517967224
1290,9,0.23933440446853638,110,1.063465341925621,0.628701651096344,0.8137961626052856,0.6797897815704346,0.8170168399810791,0.8190734386444092,0.8122726678848267,0.8222051858901978
1291,7,0.33020806312561035,178,0.40619122982025146,0.4229780435562134,0.6286563873291016,0.6359981298446655,0.6285334825515747,0.6332800388336182,0.634740948677063,0.6402491331100464
1292,13,0.10143837332725525,179,1.184112744671958,0.5714411661028862,0.7422068119049072,0.5599626302719116,0.7420462965965271,0.7443047165870667,0.7438416481018066,0.7434571385383606
1293,9,0.38476675748825073,144,0.6569327712059021,0.5584764161280223,0.4032915234565735,0.3963688611984253,0.40780138969421387,0.4126438498497009,0.40890926122665405,0.40772926807403564
1294,8,0.11090929806232452,188,0.5117630630731582,0.38620132207870483,0.8599693179130554,0.8007020950317383,0.8570681810379028,0.8588294386863708,0.858944296836853,0.8586002588272095
1295,10,0.17102572321891785,58,0.78792804479599,0.4434451535344124,0.6826658248901367,0.1651340126991272,0.6797312498092651,0.6787407398223877,0.6779558658599854,0.6751330494880676
1296,7,0.11700737476348877,187,1.9040188670158387,0.7448406666517258,0.1915997862815857,0.2781354784965515,0.1950964331626892,0.232985258102417,0.2016962766647339,0.24262487888336182
1297,7,0.15692225098609924,174,0.9535656332969665,0.4839993268251419,0.0021366477012634277,-0.017087340354919434,-0.011100411415100098,-0.014601349830627441,-0.0024487972259521484,-0.015037775039672852
1298,11,0.20783650875091553,61,0.54862230271101,0.49682713150978086,0.31190139055252075,0.018848121166229248,0.3404197692871094,0.33646851778030396,0.320939302444458,0.3486984372138977
1299,12,0.2529674172401428,66,1.533282533288002,0.7541729528456926,0.01157468557357788,-0.06807029247283936,0.007619798183441162,-0.09424328804016113,0.0067244768142700195,0.056880831718444824
1300,14,0.12917323410511017,87,0.9491555094718933,0.630160003900528,-0.008764266967773438,-0.002245783805847168,-0.005906462669372559,0.0005856156349182129,-0.00805807113647461,-0.0010145902633666992
1301,5,0.10084163397550583,196,1.3009169101715088,0.34438079595565796,0.9074756503105164,0.7535098791122437,0.9070852398872375,0.9070920944213867,0.9073131680488586,0.9074869751930237
1302,10,0.12191878259181976,4,0.6898567155003548,0.532094419002533,-0.07259547710418701,-0.028058171272277832,-0.059743642807006836,-0.023679137229919434,-0.06509816646575928,-0.02538466453552246
1303,5,0.12088838219642639,33,1.9608062108357747,0.5365293323993683,0.33661651611328125,0.33541542291641235,0.3424355387687683,0.34604597091674805,0.3466198444366455,0.34526878595352173
1304,10,0.18679563701152802,181,1.9045108954111736,0.43996197410992216,0.5409116744995117,0.5234359502792358,0.5461986660957336,0.5417895913124084,0.5488372445106506,0.5441838502883911
1305,20,0.10286429524421692,150,0.656442753970623,0.5953024278084437,-0.09447896480560303,-0.06013178825378418,-0.08516275882720947,-0.09084749221801758,-0.09871876239776611,-0.1044301986694336
1306,7,0.39568430185317993,7,0.4667939394712448,0.5836676210165024,0.12932604551315308,-0.007221341133117676,0.13330960273742676,0.025239884853363037,0.11313092708587646,0.05460703372955322
1307,8,0.3954950273036957,192,0.667152613401413,0.4711462954680125,0.2987971901893616,0.16985315084457397,0.313495934009552,0.31601542234420776,0.31700098514556885,0.3110763430595398
1308,14,0.15129666030406952,171,1.0268586363111223,0.40996617504528593,0.3528705835342407,0.12640756368637085,0.33788031339645386,0.3325374722480774,0.3422955274581909,0.3333905339241028
1309,20,0.18475405871868134,175,1.0635933876037598,0.5846818147434129,0.5397610664367676,0.16646045446395874,0.5354205369949341,0.5336591005325317,0.531499981880188,0.5398435592651367
1310,21,0.14888374507427216,59,1.2779171168804169,0.44951866765817006,0.9585896134376526,0.8946912288665771,0.9578671455383301,0.9581907391548157,0.9589216709136963,0.9553287625312805
1311,14,0.22135381400585175,70,1.8173618117968242,0.48442780700596894,0.4963340759277344,0.29453492164611816,0.5089119672775269,0.46978235244750977,0.48512697219848633,0.5047848224639893
1312,12,0.19325008988380432,82,1.7108758091926575,0.6717261169105768,0.6529014110565186,-0.06030380725860596,0.6675073504447937,0.6358466148376465,0.6447675228118896,0.6400790810585022
1313,7,0.176588773727417,136,1.048960104584694,0.5622797012329102,0.04835289716720581,0.01800549030303955,0.049427926540374756,0.051144182682037354,0.04805290699005127,0.04948180913925171
1314,14,0.12131708860397339,111,1.215909520785014,0.49856723845005035,0.34493404626846313,0.2821328639984131,0.3448981046676636,0.324140727519989,0.3452680706977844,0.32808881998062134
1315,12,0.14733564853668213,67,0.9411171153187752,0.5401028729975224,0.7244332432746887,0.2977643609046936,0.7248032093048096,0.7055002450942993,0.7107052206993103,0.7188826203346252
1316,7,0.2542918920516968,195,1.2488840401172638,0.802180677652359,0.14609521627426147,0.04131972789764404,0.15220749378204346,0.15995675325393677,0.15056639909744263,0.1485576629638672
1317,18,0.13496926426887512,197,0.9741169363260269,0.45699661863701685,-0.04464888572692871,-0.019201159477233887,-0.03191328048706055,-0.031958699226379395,-0.04557442665100098,-0.03601086139678955
1318,25,0.10258917510509491,122,1.2475421002932958,0.6836849873264631,0.8534232378005981,0.5616783499717712,0.8546121120452881,0.8536525964736938,0.8567222952842712,0.8557471036911011
1319,6,0.12553930282592773,76,0.4573497772216797,0.49329911669095355,0.06866300106048584,0.0036776065826416016,0.06332892179489136,0.07853168249130249,0.06968498229980469,0.0749737024307251
1320,4,0.20432710647583008,150,0.5340971450010935,0.20771919190883636,0.8101757168769836,0.7779329419136047,0.8113651275634766,0.8124470114707947,0.8123204708099365,0.8136967420578003
1321,6,0.3151906132698059,38,0.7256565739711126,0.27777088185151416,0.6294875144958496,0.10710364580154419,0.6283210515975952,0.6287530660629272,0.6301618218421936,0.6341992616653442
1322,14,0.118994802236557,122,0.854536737714495,0.5936215562479836,0.6745436191558838,0.6082638502120972,0.6868019700050354,0.6702371835708618,0.6790815591812134,0.6715742349624634
1323,7,0.3694925308227539,146,0.9005481600761414,0.5674356460571289,0.8716884851455688,0.8411599397659302,0.8720196485519409,0.8720970749855042,0.8724515438079834,0.8711084127426147
1324,5,0.24278973042964935,34,1.2298508683840434,0.4773416519165039,0.2118760347366333,-0.013860940933227539,0.22512656450271606,0.19246840476989746,0.20408892631530762,0.1817917823791504
1325,10,0.24739432334899902,89,1.6004190842310588,0.41797736499990734,0.011350929737091064,-0.04994773864746094,0.016622722148895264,0.025614917278289795,0.028462111949920654,0.029439091682434082
1326,6,0.29406917095184326,130,1.5563990473747253,0.6403060505787531,0.9332060217857361,0.9321468472480774,0.9340162873268127,0.9352960586547852,0.9340160489082336,0.9360772371292114
1327,6,0.38051119446754456,58,0.9157500565052032,0.8428103923797607,-0.0345538854598999,0.07740169763565063,0.01968824863433838,0.011489272117614746,0.005845844745635986,0.018721580505371094
1328,22,0.1070888340473175,7,1.127894265577197,0.5154812995876584,-0.04489469528198242,-0.026850461959838867,-0.03426182270050049,-0.0322878360748291,-0.03857386112213135,-0.023795723915100098
1329,8,0.17961697280406952,81,0.9619417414069176,0.2552945055067539,0.3856760263442993,0.042453765869140625,0.3849271535873413,0.3781375288963318,0.37674790620803833,0.3828310966491699
1330,8,0.1518462896347046,182,0.9240744471549988,0.6426674127578735,0.18987828493118286,0.0014486312866210938,0.19303393363952637,0.18879300355911255,0.18957871198654175,0.1953759789466858
1331,3,0.32907143235206604,21,0.611638605594635,0.47801780700683594,-0.01594984531402588,-0.017590641975402832,-0.011175155639648438,-0.013070225715637207,-0.016064882278442383,-0.010863423347473145
1332,12,0.11668989807367325,189,1.4545696278413136,0.9397589613993963,0.5429937839508057,0.5282622575759888,0.5529597401618958,0.548470139503479,0.5475581884384155,0.5509001016616821
1333,3,0.38248538970947266,152,2.090994119644165,0.37432436645030975,-0.05933499336242676,-0.040831685066223145,-0.054377198219299316,-0.05820155143737793,-0.0734182596206665,-0.05220150947570801
1334,10,0.2582778334617615,19,1.0421127527952194,0.45413730045159656,0.38429105281829834,0.3320496082305908,0.42625153064727783,0.3304019570350647,0.34594452381134033,0.3861503005027771
1335,10,0.3473264276981354,132,1.739035189151764,0.6068751588463783,0.8371188044548035,0.3377903699874878,0.8409658670425415,0.824137806892395,0.84267258644104,0.8351499438285828
1336,3,0.39110928773880005,52,0.6673640608787537,0.2648071274161339,0.7473931312561035,0.577932596206665,0.73476243019104,0.7292845249176025,0.7329195141792297,0.7274069786071777
1337,3,0.14483219385147095,188,1.0949708819389343,0.25137972831726074,0.8172813057899475,0.7183822989463806,0.8151385188102722,0.8157042860984802,0.8186747431755066,0.8159228563308716
1338,14,0.1362234205007553,62,0.8741403613239527,0.7612732003132502,0.14144450426101685,0.08834344148635864,0.15372544527053833,0.21838414669036865,0.12728434801101685,0.20690226554870605
1339,14,0.17546804249286652,57,1.0030021369457245,0.40838622450828554,0.6546645164489746,0.038456857204437256,0.6559696197509766,0.6554540395736694,0.6530413627624512,0.6565502882003784
1340,7,0.27589648962020874,103,0.8854697346687317,0.3520682334899902,-0.009208917617797852,0.0015559196472167969,-0.0023795366287231445,0.0019469857215881348,-0.0005985498428344727,0.0016930699348449707
1341,10,0.143218532204628,120,1.145123291015625,0.7007445216178894,0.3916388750076294,0.3607935905456543,0.39764147996902466,0.40123605728149414,0.3943299651145935,0.39881473779678345
1342,11,0.13233622908592224,157,0.8332035392522812,0.43614944389888216,0.09129106998443604,-0.015459775924682617,0.08404839038848877,0.07453060150146484,0.08878934383392334,0.07842308282852173
1343,20,0.1816512644290924,119,1.206017553806305,0.4740595796278545,0.46376705169677734,0.380715548992157,0.5413708686828613,0.59812992811203,0.4690311551094055,0.5093410015106201
1344,9,0.2095564752817154,44,0.7136163830757141,0.3453335240483284,0.8345968127250671,0.588133692741394,0.8253738284111023,0.8401718139648438,0.8234738111495972,0.8421711921691895
1345,9,0.15312965214252472,18,1.4336692541837692,0.39971362948417666,0.03778374195098877,-0.04113423824310303,0.04810446500778198,0.058734238147735596,0.06546109914779663,0.0630534291267395
1346,12,0.19374392926692963,77,0.8486943777118411,0.3315276324748993,0.11951106786727905,0.023472189903259277,-0.00016319751739501953,0.009390652179718018,0.09097355604171753,0.04717367887496948
1347,7,0.14702880382537842,5,1.1377453804016113,0.3657272085547447,-0.047013163566589355,-0.190179705619812,-0.08511972427368164,-0.1577051877975464,-0.06809139251708984,-0.12709307670593262
1348,10,0.2721876800060272,60,0.3967549055814743,0.5349745228886604,0.7940055727958679,0.577079176902771,0.8132973313331604,0.789246678352356,0.8086045980453491,0.8060449957847595
1349,7,0.19387413561344147,135,0.9665771722793579,0.687815378109614,0.0012291669845581055,-0.0001367330551147461,0.0038649439811706543,0.0008960962295532227,0.002252638339996338,0.0012772083282470703
1350,3,0.1939951479434967,97,1.1971202194690704,0.49108821153640747,0.18706673383712769,0.0034480690956115723,0.18505167961120605,0.18529832363128662,0.18810492753982544,0.18903577327728271
1351,9,0.15752530097961426,142,0.7302829623222351,0.49096759855747224,0.2683926224708557,0.23778516054153442,0.267869234085083,0.2657337784767151,0.26387155055999756,0.2645869255065918
1352,7,0.1613750010728836,71,0.5076849073171615,0.2526252195239067,0.04396367073059082,0.04558497667312622,0.043144285678863525,0.04342174530029297,0.03823047876358032,0.04495120048522949
1353,16,0.15965472161769867,79,0.9722328186035156,0.8893084600567818,0.5584671497344971,0.4020432233810425,0.5667706727981567,0.5346800088882446,0.5606971979141235,0.545415461063385
1354,5,0.20578454434871674,99,0.8256615201632181,0.46931537985801697,-0.0438227653503418,-0.05559647083282471,-0.05256295204162598,-0.05495190620422363,-0.049975037574768066,-0.06170368194580078
1355,12,0.24058963358402252,182,0.44171227514743805,0.6480482757091522,0.3879944086074829,0.1647077202796936,0.38519370555877686,0.3781210780143738,0.38764458894729614,0.3834344148635864
1356,13,0.1769769787788391,141,1.2853659050805228,0.38726842403411865,0.2543323040008545,0.2661811113357544,0.22271716594696045,0.2820557951927185,0.22505325078964233,0.2823447585105896
1357,12,0.11404620110988617,61,1.0819585099816322,0.44962386786937714,0.5306339263916016,0.005880177021026611,0.5308486223220825,0.5392932891845703,0.5366408824920654,0.5454909205436707
1358,5,0.26160481572151184,19,0.6936338941256205,0.4832488149404526,0.5184586048126221,-0.018372058868408203,0.5100150108337402,0.5013843178749084,0.5152763724327087,0.5067406892776489
1359,4,0.12499338388442993,6,1.6454456647237141,0.24768993258476257,0.33148193359375,0.0488055944442749,0.26501721143722534,0.30695217847824097,0.24796324968338013,0.310061514377594
1360,16,0.1399093121290207,27,1.0136441162654333,0.5257881995704439,0.6655269861221313,0.6105294227600098,0.6694079637527466,0.6593804359436035,0.6621677279472351,0.6644842028617859
1361,9,0.27310416102409363,112,1.413767397403717,0.43722483089991976,0.17299532890319824,0.022812724113464355,0.1754317283630371,0.1784343123435974,0.17593109607696533,0.17838191986083984
1362,7,0.10695373266935349,20,1.6540967524051666,0.538156270980835,-0.1014561653137207,-0.0033125877380371094,-0.0996478796005249,-0.14184296131134033,-0.11104631423950195,-0.1265096664428711
1363,9,0.10108046233654022,139,0.9850311832768577,1.6131160855293274,0.03889816999435425,3.9458274841308594e-05,0.054137468338012695,0.05083358287811279,0.05138283967971802,0.05512130260467529
1364,14,0.1495257467031479,111,0.9917424768209457,0.5746701031923294,0.6768795251846313,0.39699292182922363,0.673639178276062,0.6824944019317627,0.6730822324752808,0.6701188683509827
1365,5,0.16622276604175568,87,0.797579288482666,0.6370628476142883,0.0036302804946899414,0.012956798076629639,0.005263149738311768,0.005011379718780518,0.003030061721801758,0.0031720399856567383
1366,19,0.1569683998823166,17,1.2864609410365422,0.4967492762953043,0.5871893167495728,0.1185293197631836,0.5586296319961548,0.6134819984436035,0.5757882595062256,0.6325401067733765
1367,6,0.2049044966697693,174,0.9072234556078911,0.796216607093811,0.03046959638595581,0.043079376220703125,0.026842713356018066,0.02772456407546997,0.029235541820526123,0.028541266918182373
1368,10,0.2387179732322693,178,1.5996121168136597,0.7918446883559227,-0.014658212661743164,-0.004933476448059082,-0.011669397354125977,-0.014218926429748535,-0.010442495346069336,-0.012946248054504395
1369,9,0.11311984062194824,69,0.5561934808890024,0.5179754793643951,0.23708468675613403,0.219072163105011,0.23516547679901123,0.22893953323364258,0.23933124542236328,0.24213415384292603
1370,13,0.13872866332530975,28,1.0511711239814758,0.5212359023945672,0.49478626251220703,-0.026586532592773438,0.49153679609298706,0.4750940203666687,0.4777257442474365,0.48268377780914307
1371,11,0.17434991896152496,195,0.902252733707428,1.0008481807178922,0.06357115507125854,0.06075096130371094,0.05038130283355713,0.09646725654602051,0.05324751138687134,0.06746244430541992
1372,8,0.23711569607257843,95,1.1335647106170654,0.9779328306516012,0.6491231918334961,0.6533035039901733,0.643602192401886,0.6387290954589844,0.650383472442627,0.6438874006271362
1373,13,0.15375573933124542,187,0.9913123100996017,0.5906558516952727,0.48950886726379395,0.512070894241333,0.5116083025932312,0.5159137845039368,0.49596601724624634,0.5148105621337891
1374,18,0.15163439512252808,179,1.4221661264697711,0.49303431312243146,0.8167948722839355,0.6359400153160095,0.8183414340019226,0.8210760951042175,0.8214417695999146,0.8266236782073975
1375,12,0.11715062707662582,128,1.395304833849271,0.49300524095694226,0.7327356934547424,0.49870455265045166,0.7423810958862305,0.7323833703994751,0.7384524345397949,0.7357613444328308
1376,19,0.10519115626811981,99,0.892148170620203,0.5391310019926592,0.5099155902862549,0.33491867780685425,0.5098429322242737,0.5211164355278015,0.5130425095558167,0.48921287059783936
1377,13,0.11246095597743988,187,0.9916204959154129,0.6543199916680654,0.05237889289855957,-0.013070464134216309,0.03478342294692993,0.05531507730484009,0.036700427532196045,0.06403738260269165
1378,7,0.2729301452636719,149,0.4741061106324196,0.4325133264064789,-0.03210854530334473,-0.0016825199127197266,-0.03128206729888916,-0.029447436332702637,-0.030834197998046875,-0.030716896057128906
1379,9,0.14082448184490204,160,1.1845464706420898,0.6125662475824356,0.9190571308135986,0.3554673194885254,0.9194269776344299,0.9207749366760254,0.9199358224868774,0.9197509288787842
1380,6,0.26510384678840637,80,2.193850517272949,0.5313064306974411,0.1821337342262268,0.13812077045440674,0.1880267858505249,0.173872172832489,0.1786007285118103,0.1664886474609375
1381,12,0.1197366714477539,47,1.0411922087272008,0.7341666867335638,0.04239898920059204,-0.04844319820404053,0.03750342130661011,0.043248653411865234,0.02613610029220581,0.03137040138244629
1382,3,0.37745916843414307,14,0.4713963121175766,0.9148508906364441,0.04626142978668213,0.06839591264724731,0.05249428749084473,0.05464637279510498,0.0477679967880249,0.04746907949447632
1383,10,0.16200850903987885,153,1.8842340111732483,0.4976748712360859,0.575890064239502,0.5112131237983704,0.582922101020813,0.5764387845993042,0.5834288597106934,0.5868974328041077
1384,7,0.1948440968990326,46,0.2722489883502324,0.5113424956798553,0.37186193466186523,0.34965020418167114,0.3792371153831482,0.37274712324142456,0.3787899613380432,0.37834930419921875
1385,20,0.159321591258049,121,0.898609439531962,0.4664640461697298,0.5569344758987427,0.5601241588592529,0.5525952577590942,0.5531255006790161,0.5569255948066711,0.5504170060157776
1386,11,0.23347139358520508,200,1.2575796842575073,0.6944170679364886,0.29696518182754517,0.1261419653892517,0.2976963520050049,0.2971511483192444,0.2944886088371277,0.29241663217544556
1387,12,0.3653637170791626,145,0.805226743221283,0.7218717738986016,0.193281888961792,0.0675172209739685,0.17862838506698608,0.20029562711715698,0.2038063406944275,0.2031233310699463
1388,5,0.10488153249025345,76,0.6761902347207069,0.7487236857414246,-0.006988167762756348,-0.0018247365951538086,-0.00712895393371582,-0.008085250854492188,-0.008033037185668945,-0.0063430070877075195
1389,4,0.28356799483299255,105,0.4935798645019531,0.47221195697784424,-0.05114912986755371,-0.05363178253173828,-0.0484393835067749,-0.04861283302307129,-0.052155256271362305,-0.05720102787017822
1390,15,0.14694543182849884,154,1.6771111289660137,0.5982789173722267,0.5280604362487793,0.5215715765953064,0.528089165687561,0.5295776128768921,0.5272301435470581,0.5305923223495483
1391,17,0.18585820496082306,147,0.8644949793815613,0.5777806609869003,-0.08640098571777344,-0.049451231956481934,-0.08399748802185059,-0.10577917098999023,-0.07831120491027832,-0.09330785274505615
1392,20,0.10287033021450043,47,1.5192395432127848,0.4303860528902574,-0.006534457206726074,0.0024482011795043945,-0.008594751358032227,-0.02892756462097168,-0.01401519775390625,-0.02832186222076416
1393,12,0.10216987878084183,13,1.2971640080213547,0.81023308634758,0.04547750949859619,0.019476115703582764,0.03937500715255737,-0.005623221397399902,0.04200625419616699,-0.020891547203063965
1394,15,0.1557924896478653,132,0.9071303129196167,0.565596054494381,0.23423969745635986,0.006643950939178467,0.23023265600204468,0.22844350337982178,0.22486650943756104,0.2242984175682068
1395,12,0.10210322588682175,186,1.1505033544131689,0.42029762268066406,-0.008188009262084961,-0.006147265434265137,-0.009353041648864746,-0.008989334106445312,-0.010576367378234863,-0.006404876708984375
1396,9,0.14044611155986786,66,1.1122922062873841,0.4340685158967972,-0.16700947284698486,-0.10981583595275879,-0.15195441246032715,-0.14673376083374023,-0.15150249004364014,-0.14924097061157227
1397,6,0.16450609266757965,98,0.8362129330635071,0.6590329557657242,-0.011237025260925293,0.018849849700927734,0.004872918128967285,0.007535338401794434,0.0009391307830810547,0.0005481243133544922
1398,6,0.11015245318412781,136,1.1989100217819213,0.48898428678512573,0.03852111101150513,0.047229766845703125,0.040584027767181396,0.038237810134887695,0.03879106044769287,0.045966267585754395
1399,8,0.1372135430574417,76,0.9646369695663453,0.9179810881614685,0.8934532999992371,0.8935289978981018,0.8939867615699768,0.8932759165763855,0.8941751718521118,0.8940529227256775
1400,16,0.17649175226688385,154,0.9270652309060097,0.7712793548901876,0.3767295479774475,0.3139580488204956,0.3743988275527954,0.3787933588027954,0.3742121458053589,0.35635924339294434
1401,9,0.12688645720481873,126,1.0459822565317154,0.6051921010017395,0.0025711655616760254,-0.003934264183044434,0.0032501816749572754,-0.005434751510620117,-0.0023314952850341797,-0.007685303688049316
1402,3,0.18479396402835846,51,2.072499692440033,0.3434160351753235,0.31535351276397705,-0.011067390441894531,0.3019788861274719,0.3172595500946045,0.31343716382980347,0.3243597149848938
1403,9,0.1675725281238556,181,0.9413728833198547,0.7923013269901276,0.8527472019195557,0.5008330345153809,0.8483588099479675,0.8440107703208923,0.8491216897964478,0.8416264057159424
1404,10,0.34165146946907043,4,0.7214184800783793,0.6107772908040455,-0.2660320997238159,-0.18649756908416748,-0.2498607635498047,-0.18532752990722656,-0.3373311758041382,-0.1827322244644165
1405,20,0.1819179803133011,8,1.1677322040001552,0.6003703049251011,0.6127617359161377,0.40523844957351685,0.575363278388977,0.6256088614463806,0.5716549158096313,0.583203911781311
1406,9,0.16001181304454803,94,0.48830438032746315,0.745598703622818,0.04453849792480469,-0.010614156723022461,0.03481578826904297,0.03661835193634033,0.03511613607406616,0.04144251346588135
1407,14,0.11729271709918976,25,1.0739346854388714,0.6707402914762497,0.5924255847930908,0.5985584855079651,0.5796027183532715,0.5814435482025146,0.5971951484680176,0.5861320495605469
1408,11,0.10036900639533997,109,1.5267901625484228,0.4657442470391591,0.8331015110015869,0.8250088691711426,0.8331603407859802,0.833684504032135,0.8310525417327881,0.8318711519241333
1409,23,0.12046679109334946,135,1.2261881232261658,0.7364409406979878,0.2069387435913086,-0.00802624225616455,0.20308250188827515,0.18182605504989624,0.2079259157180786,0.1708446741104126
1410,10,0.3188870847225189,132,1.3351869881153107,0.47713279351592064,0.046503663063049316,0.009076952934265137,0.050013720989227295,0.04619932174682617,0.055290043354034424,0.06891512870788574
1411,22,0.13594423234462738,58,0.8485596776008606,0.6050115665968727,0.6932177543640137,0.47872060537338257,0.6541061997413635,0.6718339920043945,0.6394242644309998,0.6501237154006958
1412,12,0.24762478470802307,46,1.2489123344421387,0.5357275179454258,0.055271685123443604,-0.0028710365295410156,0.08149969577789307,-0.07524621486663818,0.04222095012664795,0.003381669521331787
1413,8,0.1667356640100479,96,0.8477575778961182,0.530538484454155,0.1219780445098877,-0.02934253215789795,0.1419614553451538,0.12426692247390747,0.1414998173713684,0.12148690223693848
1414,3,0.22390912473201752,45,1.1483461558818817,0.37782803177833557,-0.018485307693481445,-0.05945742130279541,-0.026158690452575684,-0.024132490158081055,-0.021637797355651855,-0.017480015754699707
1415,11,0.3611404299736023,3,0.8425001502037048,0.529733521597726,-0.04403090476989746,-0.18333780765533447,-0.04476916790008545,-0.0531458854675293,-0.06126129627227783,-0.06863749027252197
1416,10,0.2511374056339264,158,1.480868637561798,0.7681980367217746,0.20410561561584473,0.03421509265899658,0.21137404441833496,0.19560259580612183,0.21674096584320068,0.20378220081329346
1417,5,0.17483209073543549,108,0.5108215014139811,0.5233305990695953,0.02277350425720215,0.02349710464477539,0.02304285764694214,0.05621325969696045,0.0264090895652771,0.056099891662597656
1418,11,0.10621782392263412,44,1.3582663834095001,0.6300162779433387,-0.023038864135742188,-0.021008729934692383,-0.022352933883666992,0.006475687026977539,-0.021272778511047363,0.0017544031143188477
1419,10,0.2011614739894867,152,1.1283774599432945,0.7602171997229258,0.5462539792060852,0.5489886403083801,0.5931002497673035,0.5544118881225586,0.5593938231468201,0.5444028973579407
1420,5,0.36828818917274475,109,0.7449963390827179,0.20854264497756958,0.6931915879249573,0.6292693614959717,0.6880983710289001,0.6659826040267944,0.6884973049163818,0.674789547920227
1421,16,0.10219557583332062,132,1.0138648649056752,0.6475400239229202,0.05207866430282593,0.007219374179840088,0.036904990673065186,0.04521453380584717,0.04728728532791138,0.049719154834747314
1422,3,0.35606470704078674,3,0.20286361873149872,0.5138097107410431,-0.12466347217559814,-0.07273292541503906,-0.10758674144744873,-0.06048440933227539,-0.11211585998535156,-0.07828652858734131
1423,13,0.15504410862922668,103,0.44540517032146454,0.6748634040355682,0.05234992504119873,0.036871373653411865,0.05315881967544556,0.051048338413238525,0.04760771989822388,0.05330532789230347
1424,12,0.20199860632419586,54,2.0051457583904266,0.7719026245176792,0.924734354019165,0.2687675356864929,0.9296323657035828,0.9253190755844116,0.9289069175720215,0.9303644299507141
1425,6,0.1764213740825653,82,1.1095246970653534,0.6214715341726939,0.5517482757568359,0.04586857557296753,0.5411053895950317,0.5355856418609619,0.5432421565055847,0.5427025556564331
1426,4,0.1622556895017624,21,1.1964640021324158,0.6894903630018234,-0.11362385749816895,-0.12600219249725342,-0.11633336544036865,-0.11747419834136963,-0.12233233451843262,-0.08185529708862305
1427,10,0.1457696259021759,153,0.7205910623073578,0.3738328218460083,0.0014516115188598633,0.021015524864196777,0.007100582122802734,0.0248873233795166,0.002773463726043701,0.02850109338760376
1428,24,0.10784126818180084,144,0.7906702794134617,0.43790910858660936,0.6888518333435059,0.10410302877426147,0.6803311705589294,0.6723788976669312,0.685550332069397,0.6898821592330933
1429,12,0.279227614402771,54,1.0689306482672691,0.37816762924194336,0.9183444976806641,0.7789531946182251,0.9221534132957458,0.9270015954971313,0.9069498777389526,0.9206947088241577
1430,8,0.21309323608875275,56,0.4398256341616313,0.5851744681596756,0.5054508447647095,0.507400393486023,0.5070596933364868,0.5070462822914124,0.5078788995742798,0.5087016820907593
1431,5,0.19056972861289978,3,0.7134597897529602,1.125048041343689,-0.8212575912475586,-1.0771665573120117,-0.792192816734314,-1.2625408172607422,-0.8290667533874512,-1.190857172012329
1432,7,0.3590652644634247,60,1.5112949013710022,0.6029466271400452,0.14194035530090332,-0.032911062240600586,0.14244186878204346,0.11749279499053955,0.14247649908065796,0.14059078693389893
1433,12,0.2876567542552948,86,0.9686825722455978,0.7176460884511471,0.5818498730659485,0.2684023380279541,0.572096586227417,0.5790191888809204,0.511244535446167,0.4914027452468872
1434,11,0.1824316382408142,87,0.3522685207426548,0.49899393745831083,0.689268946647644,0.5491390228271484,0.6974585056304932,0.7016659379005432,0.6996981501579285,0.7017767429351807
1435,5,0.20184756815433502,39,0.5975970129172007,0.8891384899616241,0.8590234518051147,0.2900390625,0.8601937294006348,0.8647143840789795,0.8605138659477234,0.8622305989265442
1436,5,0.37149396538734436,139,1.4777093529701233,0.48776741325855255,0.5189192891120911,0.46073025465011597,0.5211948156356812,0.5240995287895203,0.522050142288208,0.5251174569129944
1437,6,0.14710357785224915,4,1.1910341866314411,0.6075087487697601,-0.21292006969451904,-0.1772066354751587,-0.19918370246887207,-0.19975602626800537,-0.20871388912200928,-0.22856152057647705
1438,9,0.12866461277008057,122,2.1385375261306763,0.6417146225770315,0.814113974571228,0.14143210649490356,0.8169565200805664,0.8103521466255188,0.8143455386161804,0.8186168074607849
1439,6,0.11754876375198364,185,1.4001675486564635,0.6698935031890869,-0.0073958635330200195,-0.10635519027709961,-0.002463221549987793,0.009430408477783203,-0.00020170211791992188,0.0034835338592529297
1440,10,0.15677410364151,99,1.4759509762128193,0.867508053779602,0.22619587182998657,0.12237530946731567,0.22022324800491333,0.2155359983444214,0.22522807121276855,0.2218419909477234
1441,6,0.3362830579280853,57,0.985015481710434,0.6744037171204885,0.29195523262023926,-0.011936545372009277,0.29979515075683594,0.3055388927459717,0.29812121391296387,0.30829471349716187
1442,19,0.10610871016979218,111,1.0651236712932586,0.647614320119222,0.40952831506729126,0.030577898025512695,0.41116398572921753,0.41426461935043335,0.41739922761917114,0.4136210083961487
1443,10,0.25847259163856506,7,1.1535488367080688,0.7660330720245838,-0.11214566230773926,-0.14124321937561035,-0.10668659210205078,-0.1124272346496582,-0.10767662525177002,-0.11346805095672607
1444,7,0.3476186692714691,114,0.7316799461841583,0.5618638783693314,0.4026225805282593,0.23554617166519165,0.36950570344924927,0.4117089509963989,0.35967540740966797,0.3481530547142029
1445,17,0.11125711351633072,121,0.7254887904439654,0.5857842266559601,-0.026839017868041992,-0.06032252311706543,-0.010347366333007812,-0.03137612342834473,-0.01953279972076416,-0.03239095211029053
1446,6,0.3112044036388397,48,0.795091986656189,1.1427889466285706,-0.011565327644348145,-0.011578559875488281,-0.011975526809692383,-0.009479045867919922,-0.012454390525817871,-0.009976506233215332
1447,5,0.1504414826631546,163,0.487939715385437,0.41129636764526367,0.23521852493286133,0.23681622743606567,0.23731708526611328,0.25060147047042847,0.23891222476959229,0.24959474802017212
1448,13,0.102084681391716,119,0.8721527987056308,0.6163578890264034,0.03581279516220093,-0.05472707748413086,0.02225404977798462,0.04339045286178589,-0.04755270481109619,0.06398230791091919
1449,9,0.28398463129997253,148,0.4993939995765686,0.8140671849250793,0.11231482028961182,0.06366723775863647,0.10860568284988403,0.11818110942840576,0.11255687475204468,0.11982458829879761
1450,8,0.2200581431388855,150,0.5337050497531891,0.5636411309242249,0.2780280113220215,0.2521101236343384,0.27816009521484375,0.2767273187637329,0.27494001388549805,0.27768850326538086
1451,9,0.22526833415031433,17,1.3713515202204387,0.5018782690167427,-0.18781757354736328,-0.11039471626281738,-0.2215327024459839,-0.16153371334075928,-0.17621243000030518,-0.1038886308670044
1452,7,0.23224161565303802,142,0.8673816521962484,0.46956973522901535,0.5034382939338684,0.5003474950790405,0.5011913776397705,0.5005196928977966,0.5026671886444092,0.5029572248458862
1453,11,0.16878677904605865,183,0.7813747227191925,0.5921615585684776,-0.0007579326629638672,0.003398597240447998,-0.002921581268310547,-0.0004000663757324219,0.003972113132476807,0.0016650557518005371
1454,13,0.11258573085069656,27,0.7823896259069443,0.8922088046868643,0.2723262310028076,0.023567676544189453,0.30527758598327637,0.27494698762893677,0.2837001085281372,0.28676581382751465
1455,10,0.27605003118515015,198,0.7277179062366486,0.5894901268184185,0.4905579090118408,0.03615093231201172,0.4890211820602417,0.49497324228286743,0.4909980893135071,0.4889984726905823
1456,9,0.1360386461019516,32,1.9537595808506012,0.6346891224384308,-0.07851183414459229,-0.07908284664154053,-0.07485198974609375,-0.08291494846343994,-0.08257114887237549,-0.06875193119049072
1457,9,0.10377611964941025,119,0.6484326379639762,0.46108174324035645,0.21521878242492676,-0.031147480010986328,0.2159825563430786,0.21309810876846313,0.21538543701171875,0.2031162977218628
1458,3,0.11451748758554459,127,0.9938696920871735,0.44326186180114746,0.0047026872634887695,-0.004880547523498535,0.003282010555267334,0.0005233287811279297,0.012212157249450684,0.0006391406059265137
1459,10,0.16282832622528076,129,0.9766615509986878,0.4985934257507324,0.4118626117706299,0.28308212757110596,0.4158598780632019,0.4117680788040161,0.4148229956626892,0.4129104018211365
1460,9,0.35500016808509827,177,1.2431654930114746,0.5605575460940599,0.8035629987716675,0.6639859676361084,0.8036649823188782,0.8007177114486694,0.8061996698379517,0.8011349439620972
1461,16,0.1659374237060547,39,1.4525010287761688,0.6310532440741857,-0.1565462350845337,-0.12230408191680908,-0.12570834159851074,-0.058542490005493164,-0.13409626483917236,-0.06640899181365967
1462,13,0.11371975392103195,98,1.656756967306137,0.7642390664134707,0.07836651802062988,0.17707395553588867,0.10084259510040283,0.09337884187698364,0.11156827211380005,0.12444829940795898
1463,10,0.14107637107372284,62,0.7766164660453796,0.7030045747756958,-0.10993325710296631,-0.19927024841308594,-0.10955643653869629,0.010570943355560303,-0.0778723955154419,-0.09982097148895264
1464,4,0.1033850908279419,35,0.6469402313232422,1.4432612657546997,0.011575520038604736,0.009859979152679443,0.008966147899627686,0.0032719969749450684,0.008197307586669922,0.006437540054321289
1465,14,0.21349282562732697,120,0.6172178785006205,0.5232311822474003,0.8595434427261353,0.8047112822532654,0.8593973517417908,0.8507155776023865,0.859305739402771,0.8626607656478882
1466,18,0.14865247905254364,113,1.157959806919098,0.522274354329476,0.9243041276931763,0.6734191179275513,0.9224551916122437,0.9240091443061829,0.9243459105491638,0.9252216219902039
1467,3,0.3476113975048065,17,2.616296887397766,0.23055106401443481,0.7256565093994141,0.16176652908325195,0.7602037787437439,0.7587586641311646,0.7532628774642944,0.7359552383422852
1468,13,0.11152306199073792,164,1.2824854850769043,0.3731887400150299,0.6889644861221313,0.5846171975135803,0.6933384537696838,0.6915426254272461,0.6941303014755249,0.690270721912384
1469,7,0.1669025868177414,53,0.8098766605059305,0.8574545308947563,-0.04107403755187988,-0.016858577728271484,-0.03864264488220215,-0.02462458610534668,-0.04291665554046631,-0.025775432586669922
1470,21,0.1576295793056488,68,1.1942714154720306,0.8849011143048604,0.1325090527534485,-0.0366741418838501,0.16879504919052124,0.1846293807029724,0.1434018611907959,0.17991572618484497
1471,4,0.14128145575523376,127,0.9310415585835775,0.23857815563678741,0.8018614053726196,0.15137511491775513,0.8038616180419922,0.8031080365180969,0.8019962310791016,0.8033840656280518
1472,6,0.2900806665420532,124,0.36618343740701675,0.631165511906147,-0.0039588212966918945,-0.013596534729003906,-0.010796427726745605,-0.007984280586242676,-0.009076476097106934,-0.007720232009887695
1473,15,0.14685851335525513,82,1.2026948432127635,0.4529174003336165,0.3364112377166748,0.004897475242614746,0.33615821599960327,0.319197416305542,0.343288779258728,0.3324073553085327
1474,13,0.12349461019039154,98,0.770250437160333,0.5958780710186277,0.4422815442085266,0.46947842836380005,0.4434278607368469,0.44250452518463135,0.44162285327911377,0.44353926181793213
1475,3,0.21182724833488464,185,1.0716448426246643,0.2499159872531891,0.21292835474014282,0.1703236699104309,0.21019607782363892,0.2130395770072937,0.2150757908821106,0.20692825317382812
1476,9,0.32150620222091675,49,1.1820425540208817,0.4766702502965927,0.021371126174926758,0.05548781156539917,0.04244142770767212,0.06268668174743652,0.03229433298110962,0.07113897800445557
1477,15,0.10740810632705688,50,0.5167745266641889,0.42583330906927586,0.02479654550552368,0.08980047702789307,0.02288717031478882,0.12871462106704712,0.030732333660125732,0.13508152961730957
1478,14,0.2037324607372284,192,0.9133481502532959,0.5392734722958671,0.30559098720550537,0.11936545372009277,0.31376808881759644,0.29176652431488037,0.28916680812835693,0.29632991552352905
1479,13,0.14701658487319946,90,1.1052546799182892,0.7840467459625668,0.2028612494468689,0.14776194095611572,0.1928064227104187,0.15890461206436157,0.19916516542434692,0.1721339225769043
1480,6,0.2612634301185608,28,0.8783994714419047,0.5216350754102071,0.8319815397262573,0.7212305068969727,0.8281668424606323,0.8397216200828552,0.8197690844535828,0.8166340589523315
1481,14,0.16843336820602417,13,1.3099649906158448,0.7408113247818418,0.9737414717674255,0.9455647468566895,0.9741218090057373,0.9714914560317993,0.970883309841156,0.9738773703575134
1482,9,0.3596806824207306,183,0.4456758350133896,0.4921143800020218,0.2548089027404785,0.1887134313583374,0.255531907081604,0.24682050943374634,0.25511807203292847,0.2549733519554138
1483,10,0.16637204587459564,113,0.7640682876110076,0.7424091875553132,-0.17614340782165527,-0.17616283893585205,-0.17224431037902832,-0.17298567295074463,-0.172906756401062,-0.16947472095489502
1484,5,0.2097007930278778,121,0.44444406032562256,0.22563429176807404,0.4051027297973633,0.38746410608291626,0.4051361680030823,0.41052043437957764,0.4102236032485962,0.41178613901138306
1485,8,0.24798572063446045,19,0.9122044841448466,0.5259870827198029,-0.08047425746917725,-0.10471463203430176,-0.06647217273712158,-0.04550909996032715,-0.06805658340454102,-0.037198662757873535
1486,7,0.15191538631916046,155,0.44007225036621095,0.3426443710923195,0.41421663761138916,0.39629435539245605,0.412791907787323,0.4098672866821289,0.41089123487472534,0.41118788719177246
1487,9,0.24014122784137726,95,1.3124099969863892,0.5020636444290479,0.8931124210357666,0.1351940631866455,0.8943825960159302,0.8960412740707397,0.8954105973243713,0.8947202563285828
1488,11,0.20351070165634155,59,0.5710396766662598,0.8382702304257287,0.40676504373550415,0.2571903467178345,0.40078818798065186,0.4254950284957886,0.4004896879196167,0.40060967206954956
1489,19,0.18130944669246674,184,1.5686257630586624,0.40306814610958097,-0.08260250091552734,-0.11295068264007568,-0.0916212797164917,-0.09144914150238037,-0.10324501991271973,-0.08642399311065674
1490,8,0.15355807542800903,40,1.406743550300598,0.8363316555817922,0.23573774099349976,0.0943295955657959,0.23184901475906372,0.2464112639427185,0.218774676322937,0.25474071502685547
1491,11,0.13137361407279968,67,1.6533653140068054,0.5649627844492594,-0.021617412567138672,-0.008544683456420898,-0.009497284889221191,-0.01706528663635254,-0.005075931549072266,-0.011369109153747559
1492,23,0.114671990275383,122,1.4030162245035172,0.6479345957438151,-0.029368162155151367,0.005216121673583984,-0.008777260780334473,-0.007077336311340332,-0.010876297950744629,-0.007763981819152832
1493,4,0.17302779853343964,62,2.1084814270337424,0.47396862506866455,0.49153459072113037,0.5012819766998291,0.49444252252578735,0.5007195472717285,0.49822330474853516,0.5179972648620605
1494,7,0.3214477300643921,197,0.3087382912635803,0.6224600791931152,0.510374903678894,0.46775227785110474,0.5095363855361938,0.512336015701294,0.5110352039337158,0.512002170085907
1495,25,0.1390232890844345,2,1.0069050242503483,0.45006019112310913,-0.37227296829223633,0.09467357397079468,-0.32667505741119385,0.1114051342010498,-0.298206090927124,0.01640927791595459
1496,7,0.3622223138809204,63,1.2123559936881065,0.37817966639995576,-0.030367732048034668,-0.08115959167480469,-0.038385987281799316,-0.06340718269348145,-0.04729819297790527,-0.06336069107055664
1497,20,0.13011285662651062,102,0.61055060227712,0.6059809383004904,0.14069116115570068,0.11848586797714233,0.17801982164382935,0.16065627336502075,0.1640731692314148,0.16069096326828003
1498,17,0.11392325907945633,184,0.8538463364044825,0.5083193806084719,0.8314493298530579,0.6208804845809937,0.8333399891853333,0.830649733543396,0.8347644805908203,0.832661509513855
1499,9,0.32854384183883667,49,1.0433076620101929,0.4743843248912266,0.8368922472000122,0.34287071228027344,0.837297797203064,0.8371950387954712,0.8375322818756104,0.8403211832046509
1500,11,0.16562509536743164,67,1.0886140704154967,0.8191875964403152,-0.01190483570098877,-0.005602836608886719,-0.0154571533203125,-0.005277872085571289,-0.014732718467712402,-0.00511014461517334
1501,7,0.2796212434768677,67,0.8845048149426779,0.3761541433632374,-0.0370631217956543,-0.03087162971496582,-0.02966892719268799,-0.06385946273803711,-0.022903084754943848,-0.056723594665527344
1502,10,0.27032271027565,37,1.3855999906857808,0.4184545363698687,0.6115487813949585,0.3166118860244751,0.6122407913208008,0.6115174889564514,0.616269588470459,0.6263632774353027
1503,7,0.14112134277820587,191,0.7360518872737885,0.38020412623882294,-0.09345352649688721,-0.02073681354522705,-0.10548090934753418,-0.117942214012146,-0.10703122615814209,-0.12501978874206543
1504,5,0.22590965032577515,54,0.8213573321700096,0.21084098517894745,0.9301827549934387,0.9290190935134888,0.9307669401168823,0.9300623536109924,0.9302955865859985,0.930420458316803
1505,10,0.10182943940162659,32,1.006257099409898,0.7336313314735889,0.4799501299858093,0.20000052452087402,0.46283435821533203,0.4411330819129944,0.4576742649078369,0.4562426805496216
1506,10,0.1816507875919342,188,1.290324367582798,0.5361047089099884,0.8354794979095459,0.6013655662536621,0.8359799385070801,0.8357530832290649,0.8357298374176025,0.8353217840194702
1507,15,0.10449386388063431,175,1.1059402823448181,0.7300657331943512,0.5825510025024414,0.0049460530281066895,0.5952790975570679,0.5911644101142883,0.5874654054641724,0.5842125415802002
1508,8,0.16257469356060028,135,0.9162417829036713,0.25661805272102356,0.073680579662323,-0.14194047451019287,0.06846469640731812,0.08844459056854248,0.08839350938796997,0.09063410758972168
1509,12,0.20246876776218414,199,1.1259558846553166,0.5657203197479248,0.7558616399765015,0.2538221478462219,0.7579082250595093,0.7602616548538208,0.7534920573234558,0.7557017803192139
1510,6,0.24052992463111877,126,2.030214269955953,0.712710440158844,0.08302420377731323,-0.02669501304626465,0.08889716863632202,0.04889494180679321,0.09022343158721924,0.07479691505432129
1511,10,0.2523413300514221,121,1.9275486707687377,0.6201308339834213,0.748431384563446,0.4634367823600769,0.7479658126831055,0.7468675374984741,0.752533495426178,0.7489885091781616
1512,4,0.25935396552085876,177,1.1231291890144348,0.453096866607666,-0.01350545883178711,-0.012302279472351074,-0.012421250343322754,-0.0025293827056884766,-0.011143684387207031,-0.00010848045349121094
1513,4,0.29442715644836426,106,0.3284287452697754,0.49598997831344604,0.023127436637878418,-0.023273706436157227,0.00840771198272705,-0.009330987930297852,-0.0013452768325805664,-0.0020946264266967773
1514,8,0.2965574264526367,68,1.3460355798403423,0.664705953001976,0.04916656017303467,-0.006514787673950195,0.0409584641456604,0.06505393981933594,0.05261683464050293,0.06844055652618408
1515,7,0.1107020452618599,47,0.5556802079081535,0.5871250033378601,0.3157042860984802,0.2216789722442627,0.29026520252227783,0.33901238441467285,0.32006025314331055,0.33288800716400146
1516,5,0.2639589309692383,169,1.7430004477500916,0.5582572221755981,-0.028560757637023926,0.04752880334854126,-0.08810269832611084,0.0054242610931396484,-0.0399627685546875,0.03542906045913696
1517,6,0.1343289166688919,164,0.5006812214851379,0.32825032994151115,0.017828166484832764,0.015191972255706787,0.016154587268829346,0.02495342493057251,0.01987290382385254,0.017719388008117676
1518,8,0.23245108127593994,63,0.9735843181610108,0.9273643096288046,0.3182303309440613,0.44024378061294556,0.37196701765060425,0.3920215964317322,0.33792412281036377,0.37999582290649414
1519,8,0.13496723771095276,50,0.6864751130342484,0.38238292932510376,0.5817453265190125,0.11094248294830322,0.5812865495681763,0.5850708484649658,0.581025242805481,0.5870941877365112
1520,18,0.21126516163349152,51,0.8070677071809769,0.6455781725900513,0.8512321710586548,0.842580258846283,0.8519930839538574,0.8542603254318237,0.8515545129776001,0.8557426929473877
1521,9,0.12362523376941681,199,1.1165284940174647,0.6405565589666367,-0.0032268762588500977,-0.00875699520111084,-0.0060577392578125,-0.0035970211029052734,-0.005411028861999512,-0.003572225570678711
1522,13,0.20187069475650787,29,0.9212731570005417,0.5122101008892059,0.13084137439727783,-0.03214371204376221,0.14296233654022217,0.12860989570617676,0.09736782312393188,0.06766855716705322
1523,3,0.34284165501594543,36,2.685832977294922,0.24952629208564758,0.8073711395263672,0.3916945457458496,0.8084530830383301,0.8112426996231079,0.8090214729309082,0.8110756874084473
1524,11,0.2878783941268921,146,0.9557852894067764,0.7619902448994773,0.221205472946167,-0.03400719165802002,0.21872520446777344,0.2082037329673767,0.20728272199630737,0.20743632316589355
1525,8,0.15846355259418488,40,1.0287029072642326,0.4548034444451332,0.22951245307922363,0.10892444849014282,0.2427082061767578,0.261638343334198,0.25942713022232056,0.284699022769928
1526,12,0.1190037652850151,119,1.3134529143571854,0.2823864221572876,0.9468702077865601,0.9286854267120361,0.9482637047767639,0.9461864233016968,0.9449328780174255,0.9466935992240906
1527,3,0.2544725835323334,143,1.0420324802398682,0.3181336522102356,0.5013357400894165,-0.00926971435546875,0.49910736083984375,0.5004465579986572,0.49774742126464844,0.49714308977127075
1528,9,0.1083141565322876,86,1.2695258877107076,0.38820602744817734,0.9100376963615417,0.21494406461715698,0.91029292345047,0.9104700684547424,0.9092904925346375,0.9098171591758728
1529,21,0.12189832329750061,90,1.1957319676876068,0.5975526591142019,-0.007461071014404297,-0.05320727825164795,0.0031714439392089844,-0.0063838958740234375,0.0005693435668945312,0.005841255187988281
1530,11,0.25236719846725464,120,1.31902277469635,0.4324139207601547,0.3257966637611389,0.28870803117752075,0.3014069199562073,0.32232558727264404,0.30777955055236816,0.32422590255737305
1531,11,0.13884420692920685,81,0.4706811010837555,0.43078736322266714,0.0034830570220947266,-0.0008269548416137695,0.004172861576080322,0.0026445388793945312,0.006009876728057861,0.0074465274810791016
1532,17,0.1050548180937767,31,1.659775547683239,0.7385504643122355,0.13010168075561523,0.12161087989807129,0.10640430450439453,0.13501828908920288,0.12071889638900757,0.12242776155471802
1533,10,0.14642564952373505,144,1.4222492575645447,0.3786603629589081,0.6514662504196167,0.08742815256118774,0.6547982096672058,0.6566735506057739,0.6560274362564087,0.6556696891784668
1534,10,0.3022037148475647,133,0.5673097521066666,0.6172610130161047,0.09089308977127075,0.13492822647094727,0.09329074621200562,0.10172432661056519,0.0813024640083313,0.09673506021499634
1535,6,0.20773066580295563,152,1.3083167672157288,0.591871403157711,0.6254216432571411,0.3372042775154114,0.6237543225288391,0.6286346912384033,0.6258156299591064,0.6272556781768799
1536,12,0.1667107343673706,18,0.9560503611962,0.7233841220537821,0.5996114015579224,0.5477005243301392,0.6219483017921448,0.6206517219543457,0.6070476770401001,0.5387698411941528
1537,13,0.1027287170290947,128,1.3423694868882496,0.5563302210399083,0.8390212059020996,0.4044814109802246,0.8490446209907532,0.8485054969787598,0.8437543511390686,0.8478788137435913
1538,3,0.34452754259109497,32,1.3874274492263794,0.6398820281028748,0.21439296007156372,0.20523828268051147,0.22272491455078125,0.1912418007850647,0.20505034923553467,0.20067274570465088
1539,7,0.3716948330402374,93,1.0354514122009277,0.5058788061141968,0.8778208494186401,0.8074647188186646,0.8810254335403442,0.8841625452041626,0.8784992098808289,0.8820325136184692
1540,3,0.39602819085121155,160,1.460880309343338,0.2786065936088562,0.20092493295669556,0.19709789752960205,0.22545909881591797,0.22523421049118042,0.21871858835220337,0.22165775299072266
1541,9,0.38420072197914124,44,0.6997987329959869,0.7526790052652359,0.016331613063812256,-0.01775813102722168,-0.027817606925964355,-0.036966800689697266,-0.016620278358459473,0.003815770149230957
1542,7,0.1642921268939972,93,0.5580340847373009,0.7942110896110535,0.49402105808258057,0.03561103343963623,0.49499446153640747,0.4965970516204834,0.4951663613319397,0.4951885938644409
1543,8,0.10965593159198761,15,0.6146562049786249,0.30212974548339844,0.7649627923965454,0.5983567237854004,0.7591736316680908,0.7686671018600464,0.7735167741775513,0.7557668089866638
1544,19,0.1476822942495346,64,1.3789858937263488,0.6514559973563466,0.5778614282608032,0.3911246657371521,0.567349910736084,0.5668470859527588,0.5609933733940125,0.5625512003898621
1545,6,0.16702888906002045,195,1.6384793917338054,0.5611955225467682,0.07078129053115845,0.056827008724212646,0.07132220268249512,0.08700764179229736,0.07537537813186646,0.09446978569030762
1546,10,0.2421356588602066,190,0.6689475551247597,0.4081762184699376,0.19932711124420166,0.19653558731079102,0.20425117015838623,0.18898731470108032,0.2136061191558838,0.19981324672698975
1547,6,0.12344421446323395,87,0.8503757119178772,0.4096498489379883,-0.00588536262512207,-0.001437067985534668,-0.011492609977722168,-0.003017425537109375,-0.009622931480407715,0.0005496740341186523
1548,5,0.2285715639591217,104,0.5975167751312256,0.35111743211746216,0.5567895174026489,0.5268718004226685,0.5537731647491455,0.5566143989562988,0.5554526448249817,0.5562052726745605
1549,11,0.17458873987197876,108,0.9592980593442917,0.4629983951648076,0.15117967128753662,0.17406469583511353,0.15237760543823242,0.15228867530822754,0.15480464696884155,0.14894753694534302
1550,7,0.3432772159576416,102,1.0617668628692627,0.7042444229125977,0.46655768156051636,0.07952964305877686,0.4609834551811218,0.4613204002380371,0.46779561042785645,0.4618326425552368
1551,11,0.1577451527118683,116,0.8604360967874527,0.6986410021781921,0.16006213426589966,0.0013874173164367676,0.15452760457992554,0.17324846982955933,0.15780717134475708,0.15735971927642822
1552,12,0.1658911257982254,72,0.8499837934970855,0.6230549833604268,-0.07327830791473389,-0.056714773178100586,-0.03729546070098877,0.004866600036621094,-0.04644620418548584,-0.017671823501586914
1553,9,0.29443904757499695,40,2.2658865451812744,0.5408085882663727,0.9314542412757874,0.8126797676086426,0.916786789894104,0.9219324588775635,0.917049765586853,0.9028058052062988
1554,17,0.1694747507572174,22,1.2142562985420227,0.6424478168288866,0.3522101044654846,0.00948399305343628,0.32596611976623535,0.24659299850463867,0.3230435252189636,0.31459563970565796
1555,16,0.16366703808307648,81,0.8882717415690422,0.636792816221714,0.7405662536621094,-0.0057250261306762695,0.7401738166809082,0.744314432144165,0.7368329763412476,0.7416619062423706
1556,19,0.14862512052059174,93,0.6667535781860352,0.6553315999252456,0.15110325813293457,0.1535944938659668,0.17965912818908691,0.1654854416847229,0.16498202085494995,0.1776747703552246
1557,25,0.12327325344085693,30,1.078401717874739,0.47209358494728804,0.6101946830749512,0.5066258907318115,0.43242865800857544,0.6325933933258057,0.43056023120880127,0.627587080001831
1558,12,0.10802306979894638,33,1.1467733979225159,0.5981090627610683,0.7130393981933594,0.5005528926849365,0.71390700340271,0.7126332521438599,0.7152476906776428,0.7071373462677002
1559,4,0.22528766095638275,120,2.2988367080688477,0.6366653442382812,0.021521389484405518,0.010435044765472412,0.015198945999145508,0.017533421516418457,0.019057154655456543,0.01681917905807495
1560,16,0.1023879274725914,15,0.5854137122631073,0.48037125170230865,0.46481853723526,0.4863366484642029,0.47514456510543823,0.5625271797180176,0.4750909209251404,0.5517073273658752
1561,19,0.1459968537092209,170,1.1532811790704727,0.707548303263528,0.7865549921989441,0.7858374118804932,0.7894055247306824,0.7967163324356079,0.7889993190765381,0.7970885038375854
1562,22,0.10484900325536728,79,1.322478656967481,0.5980045748874545,0.6857087016105652,0.5561540126800537,0.6782102584838867,0.6997100114822388,0.6809285879135132,0.7010290622711182
1563,11,0.11464656889438629,33,1.4780860741933186,0.4695396959781647,0.7872955799102783,0.17427915334701538,0.789215624332428,0.7715399265289307,0.7857747077941895,0.7889124155044556
1564,6,0.3014993965625763,112,0.3868110030889511,0.37076831981539726,0.7023542523384094,0.6099883913993835,0.7047046422958374,0.7145312428474426,0.7017407417297363,0.7165838479995728
1565,14,0.13188782334327698,144,0.8296967993179957,0.5187242273241282,0.5529991388320923,0.4744751453399658,0.5512536764144897,0.5502757430076599,0.551374077796936,0.5518925189971924
1566,10,0.14072337746620178,6,1.4322980880737304,0.6980764716863632,-0.02021467685699463,-0.004716753959655762,-0.018790245056152344,-0.020351290702819824,-0.026597023010253906,-0.025388479232788086
1567,11,0.1907443255186081,95,0.8227331459522247,0.49065431704123813,0.08297282457351685,0.08292639255523682,0.10630977153778076,0.09761106967926025,0.10779976844787598,0.09252578020095825
1568,8,0.14432229101657867,132,1.2538871094584465,0.5512185990810394,0.18410253524780273,0.029472529888153076,0.19077587127685547,0.20241385698318481,0.17773157358169556,0.19749289751052856
1569,3,0.19420035183429718,146,0.3936818987131119,0.6954478621482849,0.28448623418807983,0.17408359050750732,0.282617449760437,0.28333038091659546,0.2830910086631775,0.28411805629730225
1570,16,0.11313948035240173,31,0.7552504222840071,0.6591691169887781,0.07627308368682861,0.11851996183395386,0.09479063749313354,0.16117632389068604,0.08765417337417603,0.15778124332427979
1571,14,0.11198744922876358,173,1.5181087425776891,0.7006236357348306,-0.07233536243438721,-0.015520095825195312,-0.05605804920196533,-0.054312944412231445,-0.066275954246521,-0.07595431804656982
1572,22,0.12242225557565689,133,1.6506676971912384,0.5534038820437023,0.434325635433197,0.027163207530975342,0.4306694269180298,0.43352431058883667,0.43125253915786743,0.43665599822998047
1573,10,0.20948244631290436,17,1.115136722723643,0.5605405909674508,0.5616735219955444,-0.010619521141052246,0.5713497400283813,0.545751690864563,0.5809646844863892,0.5659627318382263
1574,10,0.23562274873256683,73,1.424526110291481,0.44732943673928577,0.2017722725868225,0.04770982265472412,0.160647451877594,0.11072361469268799,0.0873144268989563,0.1219208836555481
1575,12,0.12898492813110352,150,1.0880590336663383,0.7594350576400757,0.022313416004180908,0.000835418701171875,0.023567795753479004,0.023368537425994873,0.026589393615722656,0.019470572471618652
1576,9,0.18499192595481873,135,1.074898166315896,0.2778465673327446,0.908107340335846,0.27148324251174927,0.906533420085907,0.9065030217170715,0.9062128663063049,0.9066250324249268
1577,11,0.10051616281270981,4,0.8108457624912262,0.47935344917433603,-0.052901625633239746,-0.04799914360046387,-0.04789173603057861,-0.05231308937072754,-0.04762554168701172,-0.054190993309020996
1578,5,0.13512063026428223,67,1.099732021490733,0.8932391107082367,0.34419775009155273,0.2934430241584778,0.34261685609817505,0.344585120677948,0.34694069623947144,0.34378355741500854
1579,13,0.11398990452289581,169,1.3722131167139326,0.6419393668572108,-0.028455495834350586,-0.03175318241119385,-0.026430606842041016,-0.02960193157196045,-0.028415203094482422,-0.028243422508239746
1580,13,0.16730357706546783,23,0.759284496307373,0.5747372550623757,-0.19201624393463135,-0.0843973159790039,-0.17228162288665771,-0.1726090908050537,-0.16313505172729492,-0.16708016395568848
1581,4,0.3896872401237488,126,0.6537644863128662,0.6334461271762848,0.15620410442352295,0.089419424533844,0.15166330337524414,0.14071279764175415,0.15618348121643066,0.1462867259979248
1582,18,0.10485095530748367,12,0.9281131558948092,0.533807075685925,-0.9447017908096313,-0.5767525434494019,-0.8046283721923828,-0.7406295537948608,-0.8175770044326782,-0.6801986694335938
1583,13,0.12829962372779846,155,0.8240158408880234,0.7834420874714851,0.1680658459663391,0.19024640321731567,0.15308058261871338,0.1985573172569275,0.17517989873886108,0.2063806653022766
1584,22,0.12167946994304657,147,1.3776987195014954,0.4256129860877991,-0.015172958374023438,0.034339308738708496,-0.02523350715637207,0.029128968715667725,-0.011316061019897461,0.033500075340270996
1585,9,0.10790610313415527,186,0.9755132317543029,0.7602243199944496,0.14788705110549927,-0.013026237487792969,0.19372451305389404,0.13138234615325928,0.16976231336593628,0.21202152967453003
1586,13,0.11339567601680756,97,0.9881655077139536,0.572446175983974,0.66655433177948,0.06439834833145142,0.66031813621521,0.6675123572349548,0.6624903678894043,0.6669391393661499
1587,7,0.24306796491146088,145,0.9206709153950214,0.31851008037726086,0.721034586429596,0.27344250679016113,0.7180384397506714,0.7188979983329773,0.7199435234069824,0.7176600694656372
1588,8,0.3240663707256317,136,2.102873921394348,0.8671349485715231,0.7271444201469421,0.6255161762237549,0.7206363677978516,0.7324588894844055,0.7206461429595947,0.7251131534576416
1589,13,0.12565404176712036,193,1.0615462101995945,0.5472167134284973,0.36656999588012695,-0.012288212776184082,0.3684818744659424,0.36022382974624634,0.3657118082046509,0.36034095287323
1590,7,0.19743405282497406,153,1.0620102286338806,0.5560585657755533,0.16044867038726807,0.10062146186828613,0.16184383630752563,0.1475798487663269,0.17470210790634155,0.15123987197875977
1591,16,0.10990457981824875,140,1.16086138933897,0.37881266822417575,0.8757956624031067,0.8119474649429321,0.878566563129425,0.8779153823852539,0.8767474293708801,0.8777179718017578
1592,5,0.37983179092407227,195,1.1267362833023071,0.4596234957377116,0.6690446138381958,0.19321691989898682,0.6608331203460693,0.6698060631752014,0.67356276512146,0.6763087511062622
1593,4,0.2853532135486603,69,1.0587856769561768,0.4099574685096741,0.8459532856941223,0.851343035697937,0.8455997705459595,0.8416264653205872,0.849551796913147,0.8447246551513672
1594,21,0.12805600464344025,12,0.49110789895057677,0.6535130394622684,-0.18485665321350098,-0.18812048435211182,-0.1224524974822998,-0.15356171131134033,-0.13180482387542725,-0.15707945823669434
1595,6,0.3041691780090332,123,0.6968971788883209,0.8975964039564133,-0.00892484188079834,-0.007081866264343262,-0.024898886680603027,0.011697113513946533,-0.03029799461364746,0.011413872241973877
1596,7,0.199967622756958,183,1.8402817100286484,0.39624114632606505,0.0009751319885253906,0.004660248756408691,-0.009052634239196777,-0.00015294551849365234,-0.023144960403442383,0.004839122295379639
1597,6,0.2610652446746826,190,0.95005535085996,0.620380163192749,0.06088894605636597,0.02760171890258789,0.06460446119308472,0.06414002180099487,0.060539841651916504,0.06468969583511353
1598,17,0.19191983342170715,119,0.8428975875888552,0.6884709879755974,0.4674738645553589,0.047145962715148926,0.395751953125,0.440224289894104,0.37385451793670654,0.4215443730354309
1599,16,0.14251340925693512,46,0.4243549406528473,0.7587315142154694,0.372323215007782,0.24627435207366943,0.37560248374938965,0.35341566801071167,0.37427133321762085,0.36905837059020996
1600,8,0.1278090924024582,23,1.5997129082679749,0.5611652930577596,-0.06755578517913818,-0.005658268928527832,-0.06698846817016602,0.030618786811828613,-0.09355902671813965,0.02224421501159668
1601,8,0.10546362400054932,193,0.744285320242246,0.5870422720909119,0.7238282561302185,0.6959705948829651,0.7250254154205322,0.7234164476394653,0.7242555618286133,0.7251729369163513
1602,20,0.15632694959640503,122,1.154839277267456,0.5800218979517618,0.45177721977233887,0.023779451847076416,0.4692566990852356,0.46869444847106934,0.4643441438674927,0.4683486223220825
1603,11,0.2400563657283783,106,0.4115816503763199,0.6268678866326809,-0.0320361852645874,-0.004088997840881348,-0.0019375085830688477,-0.0002105236053466797,-0.004050016403198242,0.0024632811546325684
1604,18,0.10539960116147995,66,0.7451398462057114,0.5636783116138898,0.11099874973297119,-0.01224374771118164,0.11876773834228516,0.07829469442367554,0.11755865812301636,0.133294939994812
1605,19,0.10609525442123413,3,0.7413874231278896,0.7451115819540891,-0.6861312389373779,-0.7001320123672485,-0.5174506902694702,-0.617428183555603,-0.6010632514953613,-0.6507754325866699
1606,4,0.2548367977142334,100,0.3269902393221855,0.2626899629831314,0.036704838275909424,0.04094308614730835,0.03231370449066162,0.02958899736404419,0.03233349323272705,0.03196638822555542
1607,7,0.21224844455718994,157,0.7338590621948242,0.8811875383059183,0.36255091428756714,0.04879021644592285,0.3617931008338928,0.3605021834373474,0.3584606647491455,0.3618354797363281
1608,5,0.304953008890152,58,0.7945457696914673,0.3481907645861308,0.6001801490783691,0.46811848878860474,0.6027369499206543,0.6032247543334961,0.5983622074127197,0.599722146987915
1609,5,0.1425919532775879,157,0.7850558906793594,0.7798433303833008,0.0290718674659729,0.029286980628967285,0.025698304176330566,0.030792415142059326,0.028672993183135986,0.024654626846313477
1610,13,0.143802210688591,122,0.598189252614975,0.5311275012791157,-0.0403599739074707,-0.01886880397796631,-0.032675743103027344,-0.025580286979675293,-0.03240048885345459,-0.03170609474182129
1611,9,0.10392093658447266,76,0.9749420881271362,0.6577444722255071,0.2692325711250305,-0.004374504089355469,0.26853805780410767,0.2612466812133789,0.260689914226532,0.26444923877716064
1612,5,0.35447439551353455,35,0.5300474986433983,0.5907375812530518,0.601091742515564,0.37000250816345215,0.5903772115707397,0.5963698625564575,0.5993711352348328,0.5956896543502808
1613,5,0.16106285154819489,136,0.8444086213906606,0.6134770214557648,0.5197845697402954,0.19777661561965942,0.5248355865478516,0.5222804546356201,0.5243892669677734,0.5170936584472656
1614,13,0.126599982380867,94,1.0447736740112306,0.48387496173381805,0.11465924978256226,-0.036484479904174805,0.04631739854812622,0.09325158596038818,0.11281740665435791,0.0917922854423523
1615,7,0.25757554173469543,173,1.0222967863082886,0.6569892764091492,0.5362942814826965,0.44796979427337646,0.5288722515106201,0.5289415121078491,0.5298745036125183,0.5305474996566772
1616,8,0.3405970633029938,167,0.6072452366352081,0.5153378397226334,0.09266901016235352,0.05622798204421997,0.1012304425239563,0.09598618745803833,0.11798524856567383,0.10040038824081421
1617,10,0.13927079737186432,80,1.2258867859840392,0.9556321382522583,0.024023711681365967,-0.020729422569274902,0.021504700183868408,0.006087899208068848,0.02418053150177002,-0.0040531158447265625
1618,16,0.10404286533594131,77,0.9344032009442648,0.39026685804128647,-0.09940338134765625,-0.003941655158996582,-0.023970603942871094,-0.03820645809173584,-0.03419768810272217,-0.062126994132995605
1619,5,0.29845738410949707,20,1.1534866020083427,0.5734364986419678,0.6497257947921753,0.23212236166000366,0.6547428369522095,0.6585098505020142,0.658653736114502,0.6617349982261658
1620,11,0.1213497519493103,88,0.81216413634164,0.2625121995806694,0.7757623195648193,0.7007250189781189,0.7775993943214417,0.7764993906021118,0.7780672311782837,0.77663254737854
1621,3,0.23388202488422394,27,2.323607325553894,0.3083557188510895,-0.1242607831954956,-0.08681905269622803,-0.11297869682312012,-0.14391791820526123,-0.11594140529632568,-0.15802597999572754
1622,7,0.318656861782074,169,1.2475462555885315,0.5382369458675385,0.020336151123046875,0.01649409532546997,0.01611727476119995,0.021426260471343994,0.017512738704681396,0.02441340684890747
1623,5,0.12673787772655487,62,0.5732209533452988,0.6247854828834534,0.00027167797088623047,0.006608366966247559,-0.0015451908111572266,0.009027659893035889,-0.004126548767089844,0.012266576290130615
1624,13,0.20125235617160797,140,0.8710931986570358,0.6843746261937278,0.2744738459587097,0.21426087617874146,0.2862829566001892,0.2756585478782654,0.2846783399581909,0.2798638343811035
1625,10,0.14112623035907745,41,0.6870785802602768,0.6452196538448334,0.22740834951400757,0.24932479858398438,0.23793530464172363,0.22409522533416748,0.22702258825302124,0.21464377641677856
1626,3,0.2538130283355713,151,1.736935555934906,0.4178975224494934,0.26677829027175903,0.29893726110458374,0.27359145879745483,0.26454949378967285,0.26859980821609497,0.26840656995773315
1627,9,0.12206496298313141,140,0.6099878966808319,0.6533738225698471,0.18230420351028442,0.026991665363311768,0.17414963245391846,0.17136138677597046,0.17674660682678223,0.1744176149368286
1628,10,0.15323683619499207,186,0.7447369496027628,0.6305922056947436,0.4656935930252075,0.2105368971824646,0.4601736068725586,0.46844643354415894,0.46420222520828247,0.4688977599143982
1629,13,0.169367253780365,158,0.7964968055486679,0.5252002831548452,-0.041425466537475586,-0.04293322563171387,-0.042632102966308594,-0.04144394397735596,-0.04104745388031006,-0.04205775260925293
1630,8,0.12152273952960968,175,1.0788903832435608,0.741807833313942,-0.013295292854309082,-0.04233574867248535,-0.009566426277160645,-0.007886528968811035,-0.010398387908935547,-0.005269527435302734
1631,14,0.12423677742481232,167,1.5360349416732788,0.5605452309052149,0.7638275623321533,0.4782440662384033,0.7547959089279175,0.765288233757019,0.762010931968689,0.7604438662528992
1632,3,0.2870192527770996,123,0.42581766843795776,0.43940719962120056,0.03579533100128174,-0.07289624214172363,0.05553549528121948,0.06864863634109497,0.0502893328666687,0.05993086099624634
1633,8,0.16026780009269714,26,0.6939711570739746,0.476155686378479,0.09693145751953125,0.08999085426330566,0.09318041801452637,0.07906746864318848,0.10287195444107056,0.08566886186599731
1634,14,0.21111413836479187,45,0.9098510503768921,0.5084929681486554,0.04917949438095093,0.05157679319381714,0.05072849988937378,0.06248021125793457,0.0515328049659729,0.06150144338607788
1635,6,0.19538679718971252,191,0.703282356262207,0.8719077905019125,0.4092438220977783,0.32115912437438965,0.4178231954574585,0.4212138056755066,0.41340523958206177,0.4212271571159363
1636,3,0.2962685823440552,105,1.1085557341575623,0.4450785219669342,0.3113604187965393,0.20960938930511475,0.3323047161102295,0.3678392171859741,0.33948391675949097,0.33405470848083496
1637,9,0.25108569860458374,143,1.231028024639402,0.6610607802867889,0.15304601192474365,0.0858955979347229,0.16100043058395386,0.16790515184402466,0.15557760000228882,0.16909968852996826
1638,13,0.123623788356781,148,1.1764719486236572,0.3997795358300209,0.47668927907943726,0.432384729385376,0.47807615995407104,0.4644792675971985,0.46762216091156006,0.4790666103363037
1639,20,0.16466058790683746,100,0.8642352521419525,0.541048846074513,-0.0656973123550415,-0.047554612159729004,-0.035737037658691406,-0.0013930797576904297,-0.012777924537658691,-0.00639653205871582
1640,6,0.25459039211273193,67,1.2170466184616089,0.52741289883852,0.9234339594841003,0.9019860029220581,0.922484278678894,0.9256589412689209,0.922325849533081,0.9254291653633118
1641,15,0.22992806136608124,2,0.7984483689069748,0.7149584076621316,-0.19901490211486816,-0.45688295364379883,-0.166093111038208,-0.25979650020599365,-0.14197969436645508,-0.4094499349594116
1642,5,0.32164186239242554,142,0.29648056626319885,0.5362650975584984,0.05811589956283569,-0.07164597511291504,0.08266079425811768,0.14801812171936035,0.07631784677505493,0.19123607873916626
1643,19,0.21562543511390686,101,1.1491204977035523,0.5900171282035964,0.698688805103302,0.45146840810775757,0.7030379176139832,0.7015392184257507,0.699638843536377,0.7068008184432983
1644,7,0.37737327814102173,167,0.562465767065684,0.7095141038298607,0.7643499970436096,0.6068616509437561,0.7738973498344421,0.7615039944648743,0.7720159292221069,0.7647528648376465
1645,11,0.13663993775844574,131,1.8647962808609009,0.42661817868550617,-0.01645684242248535,0.024909675121307373,-0.015018582344055176,0.022125959396362305,-0.010193586349487305,0.007431685924530029
1646,17,0.10579472035169601,62,0.6921467142445701,0.5929311469197274,0.849988579750061,0.8215370178222656,0.8488966226577759,0.8472254872322083,0.8483534455299377,0.8466382026672363
1647,18,0.1317906230688095,185,1.2689201533794403,0.5765006405611833,0.8880655765533447,0.557663083076477,0.8886995315551758,0.8909496665000916,0.8896893858909607,0.8893792033195496
1648,5,0.13383591175079346,23,1.3855051795641582,0.5380487740039825,0.003209412097930908,0.16661328077316284,-0.0001951456069946289,0.00023090839385986328,-0.0035562515258789062,0.0015219449996948242
1649,17,0.12416858226060867,83,0.9552341811358929,0.680096040169398,0.20954275131225586,0.21029597520828247,0.20240038633346558,0.1973164677619934,0.19711971282958984,0.20979541540145874
1650,20,0.1077321246266365,148,0.41766901314258575,0.4468209647706577,-0.017914652824401855,0.02060788869857788,-0.014356613159179688,0.030602335929870605,-0.013666272163391113,0.017042219638824463
1651,5,0.1143377348780632,123,0.618858814239502,0.7156524260838827,0.4257465600967407,0.407814085483551,0.41448360681533813,0.4264625310897827,0.42327308654785156,0.4283432960510254
1652,11,0.3305709660053253,10,0.515421986579895,0.5995751354429457,0.17336112260818481,-0.21642839908599854,0.1648925542831421,0.1333802342414856,0.17301452159881592,0.17358684539794922
1653,13,0.1534002721309662,187,1.0350715696811676,0.6638421416282654,0.07068514823913574,-0.01312863826751709,0.0727643370628357,0.07628506422042847,0.06930583715438843,0.07803130149841309
1654,5,0.10072638839483261,193,1.0967987775802612,1.1600804328918457,0.7223829030990601,0.2057657241821289,0.7229289412498474,0.7196915149688721,0.7217457890510559,0.7197745442390442
1655,11,0.11895287781953812,195,0.6379777193069458,0.5702418734629949,0.39384371042251587,0.028829455375671387,0.3994828462600708,0.3959130048751831,0.39883553981781006,0.40042686462402344
1656,5,0.23970068991184235,150,1.1523810426394145,0.807957798242569,0.7385377883911133,0.18534600734710693,0.736153781414032,0.7449231743812561,0.7392967939376831,0.7429362535476685
1657,11,0.10504602640867233,54,0.9375445147355398,0.6826441526412964,-0.33926117420196533,-0.04176151752471924,-0.3674527406692505,-0.048908233642578125,-0.3483158349990845,-0.05295264720916748
1658,23,0.13591496646404266,113,1.0206512749195098,0.45548004599717945,0.7540175914764404,0.6375654935836792,0.7524118423461914,0.7247179746627808,0.7397312521934509,0.7454751133918762
1659,11,0.1967160701751709,172,1.46550752222538,0.639196229832513,0.47361117601394653,0.21969884634017944,0.48751378059387207,0.4870920181274414,0.47593778371810913,0.4792248606681824
1660,12,0.15660075843334198,65,1.7073038592934608,0.6407129541039467,0.43680787086486816,0.33627742528915405,0.4328575134277344,0.4289196729660034,0.4372621178627014,0.3998534083366394
1661,13,0.11764837801456451,58,0.8872186435120446,0.4805143028497696,0.10695672035217285,-0.0159304141998291,0.11891072988510132,0.11688071489334106,0.12064683437347412,0.11494028568267822
1662,6,0.24243751168251038,52,1.3720594346523285,0.8225304745137691,0.08199185132980347,0.025592267513275146,0.0560147762298584,0.09890621900558472,0.06455230712890625,0.11803603172302246
1663,9,0.18398717045783997,167,0.6886619428793589,0.716431717077891,0.0750969648361206,-0.01032721996307373,0.068156898021698,0.07543361186981201,0.0718693733215332,0.07198083400726318
1664,21,0.11381379514932632,11,1.2189256250858307,0.33560586273670195,0.21786707639694214,-0.28910863399505615,0.18546688556671143,0.06843012571334839,0.20471256971359253,0.04971349239349365
1665,17,0.10578294098377228,195,1.2510055482387543,0.5768251294891039,0.1922004222869873,0.1218189001083374,0.15188461542129517,0.13489776849746704,0.11068081855773926,0.14577966928482056
1666,5,0.13220147788524628,17,0.9553189016878605,0.21251197159290314,0.011725962162017822,0.015172123908996582,0.014524519443511963,0.02899312973022461,0.02007240056991577,0.039651691913604736
1667,21,0.10444065928459167,112,1.3765156865119934,0.5295106534446988,0.00857686996459961,0.004303157329559326,0.002654433250427246,-0.01261591911315918,0.004238545894622803,-0.01556098461151123
1668,10,0.17830327153205872,140,1.0311876634756725,0.776087190423693,0.5832494497299194,0.46136075258255005,0.5784434080123901,0.569707989692688,0.5790854096412659,0.5801315903663635
1669,19,0.20184095203876495,175,0.5980257987976074,0.6192765980958939,0.4810461401939392,0.39082664251327515,0.4680982232093811,0.4648868441581726,0.4695531725883484,0.4644736051559448
1670,4,0.30112412571907043,179,1.8395335674285889,0.6049138605594635,0.4977150559425354,0.4129634499549866,0.4966807961463928,0.4947551488876343,0.49986594915390015,0.49528878927230835
1671,23,0.11782331019639969,126,0.3619443982839584,0.5765750052200423,0.3711857199668884,-0.07044744491577148,0.46041184663772583,0.4525863528251648,0.47881901264190674,0.42160147428512573
1672,25,0.10295309126377106,157,1.57264793664217,0.6452492940075257,0.7033143639564514,0.6654782295227051,0.7016434669494629,0.7075574398040771,0.6978181600570679,0.7083426713943481
1673,16,0.15194103121757507,105,1.1000295877456665,0.5653419060011705,0.2522510290145874,0.13584083318710327,0.26524150371551514,0.2507859468460083,0.2591056823730469,0.2537347078323364
1674,12,0.18393656611442566,65,1.1821307731526238,0.4425723284482956,0.9514695405960083,0.9243253469467163,0.950798511505127,0.9515253901481628,0.9516688585281372,0.9521004557609558
1675,6,0.3924183249473572,124,1.2891145646572113,0.46152160689234734,0.5105642080307007,0.3789255619049072,0.5139048099517822,0.5177932977676392,0.5082154273986816,0.5152062177658081
1676,16,0.1530838906764984,176,0.9950706124305725,0.499193400144577,0.9233313798904419,0.7168368101119995,0.9126298427581787,0.912806510925293,0.910732626914978,0.9109811782836914
1677,17,0.1373656988143921,96,1.4054620563983917,0.6112587506120856,0.7695088386535645,0.11398494243621826,0.7690505981445312,0.7687979340553284,0.7686262130737305,0.7601221799850464
1678,5,0.33684349060058594,187,1.132918268442154,0.7375384271144867,0.375133752822876,0.054418742656707764,0.3787410855293274,0.37931376695632935,0.3767520785331726,0.38231950998306274
1679,19,0.21426312625408173,12,1.4720186293125153,0.47735973734122056,-0.08334946632385254,0.020588040351867676,-0.11869323253631592,-0.04261040687561035,-0.08891105651855469,-0.01623976230621338
1680,8,0.2063695192337036,163,1.2867724498112996,0.7620372712612152,-0.005257964134216309,-0.013580799102783203,-0.005953311920166016,-0.013541817665100098,-0.006757259368896484,-0.01397252082824707
1681,13,0.11491889506578445,3,0.7745131765093122,0.6729978024959564,-0.048264384269714355,-0.4252406358718872,-0.10700774192810059,-0.22429203987121582,-0.10346579551696777,-0.16441082954406738
1682,7,0.38407453894615173,139,0.5616815288861593,0.37214431911706924,0.3676331639289856,0.37049198150634766,0.3796647787094116,0.37371402978897095,0.381142795085907,0.3773851990699768
1683,6,0.10775735229253769,94,0.9483833909034729,0.5772509574890137,0.07153791189193726,0.016328811645507812,0.0812983512878418,0.08850371837615967,0.08133113384246826,0.09042966365814209
1684,7,0.30308568477630615,133,1.0632637441158295,0.7122898280620575,0.9101660847663879,0.8987810015678406,0.9086393713951111,0.906857967376709,0.9083338379859924,0.9082145094871521
1685,5,0.373619019985199,117,1.1754052639007568,1.0405116478602092,-0.022597193717956543,-0.035866618156433105,-0.036332130432128906,0.009881734848022461,-0.04126393795013428,0.0015507340431213379
1686,12,0.22898545861244202,141,1.2126589119434357,0.5378742441534996,0.9204383492469788,0.9132660627365112,0.9232763051986694,0.9224053025245667,0.9236535429954529,0.9223507642745972
1687,7,0.29289373755455017,66,1.942704677581787,0.4293666273355484,0.9642333388328552,0.9392679929733276,0.9629650712013245,0.9657091498374939,0.9651986360549927,0.9638378620147705
1688,11,0.1979159414768219,39,1.1313690155744554,0.24844029545783997,0.011225342750549316,0.0225067138671875,0.01659858226776123,0.01139003038406372,0.0035964250564575195,-6.151199340820312e-05
1689,9,0.2921505570411682,82,1.4747975667317708,0.5042789354920387,-0.06785798072814941,-0.12512683868408203,-0.06457042694091797,-0.07671928405761719,-0.06710696220397949,-0.060495853424072266
1690,16,0.16349974274635315,2,1.160971075296402,0.6361723108725115,-0.0633547306060791,-0.1989825963973999,-0.06147420406341553,-0.0069005489349365234,-0.08170115947723389,-0.030793190002441406
1691,12,0.10799026489257812,30,1.0644157060555048,1.0169308722019195,-0.10976767539978027,-0.11350858211517334,-0.08926331996917725,-0.11744725704193115,-0.08812499046325684,-0.12233901023864746
1692,11,0.3035888671875,196,1.3045402318239212,0.5287719137138791,0.7364454865455627,0.7403186559677124,0.7442305088043213,0.7140325307846069,0.7493394017219543,0.7242488861083984
1693,11,0.16785117983818054,168,2.1702978387475014,0.5297499235187259,0.44576555490493774,0.43021273612976074,0.4570423364639282,0.46004557609558105,0.448258638381958,0.4565426707267761
1694,16,0.14578762650489807,132,0.9547296106815338,0.5254812741821463,-0.003351926803588867,0.00707852840423584,-0.0022382736206054688,0.01070404052734375,-0.00790262222290039,0.010228157043457031
1695,16,0.1094726026058197,130,0.836519468575716,0.7543822638690472,-0.12766742706298828,0.025328874588012695,-0.0645592212677002,0.007291436195373535,-0.08911514282226562,0.012932062149047852
1696,13,0.2031473070383072,199,1.2531105637550355,0.4791710805147886,0.5507229566574097,0.2622146010398865,0.5511176586151123,0.5616331100463867,0.5632583498954773,0.5635148286819458
1697,5,0.3754061758518219,96,1.1564754247665405,0.5017287507653236,0.3839273452758789,0.2893778085708618,0.3826795816421509,0.3730873465538025,0.38158828020095825,0.38424843549728394
1698,16,0.20239579677581787,96,0.9294944331049919,0.5268141503135363,-0.0550917387008667,-0.034397006034851074,-0.033879876136779785,-0.17100727558135986,-0.044584035873413086,-0.041835904121398926
1699,10,0.12472575902938843,112,0.9111739173531532,0.3885330744087696,0.10026121139526367,0.10315555334091187,0.11942946910858154,0.13468486070632935,0.10911673307418823,0.1303592324256897
1700,21,0.1015213131904602,142,1.1333946188290913,0.6806786432862282,0.6698720455169678,0.5265710949897766,0.6700053215026855,0.672451376914978,0.6681733131408691,0.6772294640541077
1701,15,0.1496201604604721,149,0.6585791359345118,0.6548772520489163,0.8428828716278076,0.7713988423347473,0.8351224660873413,0.8393911123275757,0.8318012356758118,0.8321030139923096
1702,15,0.2392994910478592,126,0.878777128458023,0.5750370532274246,0.4309617877006531,0.3865877389907837,0.4383589029312134,0.4163333773612976,0.4197600483894348,0.4254909157752991
1703,3,0.3162733018398285,182,1.2650960683822632,0.794734537601471,0.15854352712631226,0.09303957223892212,0.15830153226852417,0.15923869609832764,0.1574975848197937,0.1625823974609375
1704,18,0.20350554585456848,18,1.6923737078905106,0.5784113055893353,0.5816996097564697,0.4026309847831726,0.5691478848457336,0.5664184093475342,0.5811930298805237,0.5738785862922668
1705,6,0.30925190448760986,3,0.623936802148819,0.5319941975176334,-0.08316898345947266,-0.39657115936279297,-0.08774697780609131,-0.15286767482757568,-0.10741150379180908,-0.15009558200836182
1706,5,0.13514459133148193,96,0.7136083245277405,1.2568811178207397,-0.06972873210906982,-0.05958199501037598,-0.0775301456451416,-0.08693826198577881,-0.07760405540466309,-0.07343935966491699
1707,5,0.2661537528038025,66,0.9906806945800781,0.7620054483413696,0.3287888765335083,0.2255479097366333,0.3377981185913086,0.30523329973220825,0.32051610946655273,0.3316113352775574
1708,7,0.22105692327022552,120,0.47168251872062683,0.3299161195755005,0.4447762370109558,0.37753093242645264,0.4441567063331604,0.44269508123397827,0.44320517778396606,0.4440925717353821
1709,13,0.14662562310695648,106,0.8495168387889862,0.706200395311628,0.30541616678237915,0.29204511642456055,0.31034791469573975,0.30324292182922363,0.30581921339035034,0.30643850564956665
1710,11,0.12591621279716492,156,0.8557241136829058,0.6091970324516296,-0.06227767467498779,-0.065940260887146,-0.03159034252166748,0.00834953784942627,-0.0910569429397583,-0.04812514781951904
1711,4,0.30684444308280945,144,1.5471048057079315,0.3356783539056778,0.0035039782524108887,2.9802322387695312e-06,0.004675626754760742,0.0014140605926513672,0.00369948148727417,0.003911256790161133
1712,10,0.1365913301706314,171,1.0534592509269713,0.34166895747184756,0.27468276023864746,0.27960842847824097,0.2654280662536621,0.2810520529747009,0.28232938051223755,0.27622300386428833
1713,12,0.12265241146087646,136,0.8886517643928528,0.4698908371584756,0.24587482213974,0.14952492713928223,0.24715185165405273,0.2125871777534485,0.24335205554962158,0.2071685791015625
1714,17,0.12424495071172714,165,1.4765784859657287,0.5010018820563952,0.9660391807556152,0.9570342898368835,0.9645253419876099,0.9650015830993652,0.9624656438827515,0.9648330807685852
1715,4,0.3178888261318207,146,0.3146402835845947,0.4534561336040497,0.3775133490562439,0.16119307279586792,0.37601572275161743,0.3775656819343567,0.37453192472457886,0.3780502676963806
1716,6,0.20667915046215057,14,1.2530300319194794,0.4554469585418701,-0.00678861141204834,-0.12815725803375244,-0.0038918256759643555,0.00015866756439208984,-0.011367559432983398,-0.0016436576843261719
1717,11,0.15008895099163055,32,0.8240679651498795,0.8345880082675389,0.40608352422714233,0.07489323616027832,0.4034157991409302,0.37926530838012695,0.3985890746116638,0.35274261236190796
1718,11,0.11610191315412521,97,0.8257969804108143,0.4511037234749113,0.25996482372283936,0.27882105112075806,0.2947985529899597,0.34647589921951294,0.2911425232887268,0.35054928064346313
1719,14,0.15601693093776703,23,1.0551202774047852,0.48752258055739933,0.3438568115234375,-0.20961499214172363,0.35002386569976807,0.38757455348968506,0.35693246126174927,0.38940536975860596
1720,23,0.13592973351478577,17,1.1717214352554746,0.6363089212349483,-0.02439093589782715,-0.0048677921295166016,-0.01153266429901123,-0.02472507953643799,-0.016204237937927246,-0.011915445327758789
1721,7,0.2985455095767975,154,1.3087001244227092,0.45978598296642303,0.05767357349395752,0.021653711795806885,0.05922365188598633,0.05757772922515869,0.06133240461349487,0.05743664503097534
1722,19,0.11766692250967026,109,1.0791204472382863,0.5244113688285534,0.910663902759552,0.5865679979324341,0.8961917757987976,0.8731938600540161,0.8234702348709106,0.8691652417182922
1723,6,0.11992717534303665,37,1.723069190979004,0.38525066276391345,0.45851898193359375,0.04599010944366455,0.45476776361465454,0.45372384786605835,0.44961631298065186,0.448883593082428
1724,10,0.2375403344631195,93,1.2276221066713333,0.625944529970487,0.10270076990127563,0.077392578125,0.10183590650558472,0.14187783002853394,0.09297335147857666,0.11427950859069824
1725,19,0.11253436654806137,178,1.3013740678628285,0.6298925991241748,0.30319005250930786,0.03254204988479614,0.3021656274795532,0.2879592776298523,0.3081052303314209,0.2733508348464966
1726,17,0.17870409786701202,20,0.5617357492446899,0.6238956143458684,-0.03628861904144287,0.019859492778778076,-0.06142997741699219,0.03365814685821533,-0.05134880542755127,0.022721588611602783
1727,5,0.2292226254940033,31,1.4647655487060547,0.5467114448547363,0.28482329845428467,0.01978689432144165,0.2750006914138794,0.2647326588630676,0.2696320414543152,0.28088414669036865
1728,13,0.19905976951122284,159,1.2844101727008819,0.5949252024292946,0.6501755714416504,0.527460515499115,0.6079647541046143,0.5130292773246765,0.6211545467376709,0.5973631739616394
1729,4,0.28412917256355286,85,1.0785206357638042,0.3024168014526367,-0.012566447257995605,-0.016917824745178223,-0.01228189468383789,-0.01186370849609375,-0.011611700057983398,-0.015118718147277832
1730,24,0.10162236541509628,153,0.9565556835044514,0.624915198637889,0.5057194232940674,0.018120884895324707,0.5059360861778259,0.508694589138031,0.5071492195129395,0.5021705627441406
1731,12,0.1588098406791687,159,1.6239001495497567,0.583588394522667,0.5544781684875488,0.43582212924957275,0.552741289138794,0.5512145757675171,0.5535982847213745,0.5524426102638245
1732,7,0.10210373997688293,104,0.7854978084564209,0.6363630294799805,-0.001330256462097168,-0.005960583686828613,-0.002492070198059082,-0.004092097282409668,-0.0031126737594604492,-0.004288196563720703
1733,17,0.11870484054088593,176,0.9445960044860839,0.6051892191171646,-0.004413008689880371,-0.003978371620178223,-0.008456110954284668,-0.002195119857788086,-0.005603194236755371,-0.0019428730010986328
1734,7,0.12211823463439941,109,1.2386008203029633,0.4394145607948303,0.003176569938659668,-0.00985562801361084,0.003993630409240723,0.010332107543945312,0.0013716816902160645,0.010557174682617188
1735,7,0.20461222529411316,175,1.7965467125177383,0.6024600386619567,-0.10334992408752441,-0.07682466506958008,-0.10527241230010986,-0.07835626602172852,-0.11191403865814209,-0.08520650863647461
1736,7,0.20136715471744537,139,0.7661188021302223,0.5248686472574869,0.6208318471908569,0.6083072423934937,0.6169998645782471,0.6152572631835938,0.621486485004425,0.6191701889038086
1737,3,0.34321922063827515,28,0.8155028223991394,0.22472743690013885,0.7574284076690674,0.7292921543121338,0.765607476234436,0.7687054872512817,0.7750265598297119,0.7733464241027832
1738,6,0.3599855303764343,109,1.7020057439804077,0.7602620795369148,0.1162254810333252,0.1386336088180542,0.11439889669418335,0.11606156826019287,0.11507511138916016,0.1165623664855957
1739,22,0.11201735585927963,154,0.8642446597417196,0.7291048699989915,0.013811290264129639,0.015520274639129639,0.001513838768005371,0.006462812423706055,0.0011817216873168945,0.006571173667907715
1740,11,0.23405705392360687,141,0.6623956362406412,0.5530073270201683,0.5770814418792725,0.05285465717315674,0.5865992307662964,0.583703875541687,0.5644407868385315,0.5882680416107178
1741,3,0.29162314534187317,106,1.6103484630584717,0.4050523489713669,0.22629815340042114,0.18238765001296997,0.2235286831855774,0.21072733402252197,0.22092455625534058,0.22192823886871338
1742,6,0.18865016102790833,11,0.6515486836433411,1.7762471437454224,-0.09316933155059814,-0.017751336097717285,-0.08994829654693604,-0.0789954662322998,-0.08974909782409668,-0.13217270374298096
1743,3,0.1463870108127594,142,0.46861886978149414,0.7855172157287598,0.1811765432357788,0.15258002281188965,0.17988520860671997,0.18056464195251465,0.18174445629119873,0.18102633953094482
1744,6,0.1377648413181305,21,0.9285531878471375,0.2437075674533844,-0.009119868278503418,-0.43440234661102295,-0.019744396209716797,-0.35571229457855225,-0.03784060478210449,-0.29492712020874023
1745,13,0.22794929146766663,115,1.6900801062583923,0.5883935080333189,0.9211567640304565,0.5847774147987366,0.9274827241897583,0.9257481694221497,0.9291268587112427,0.9220234751701355
1746,11,0.1376389116048813,35,1.816752513249715,0.501142768189311,0.024858534336090088,-0.09439742565155029,0.039180874824523926,0.03830432891845703,0.040613770484924316,0.041422486305236816
1747,22,0.11163260787725449,28,1.1904835171169705,0.47001305795632875,0.6038198471069336,0.20084935426712036,0.6317673921585083,0.6582642793655396,0.6365209817886353,0.6538400650024414
1748,6,0.384285032749176,156,0.27555346488952637,0.6235556364059448,0.7554574012756348,0.5377224683761597,0.7604578733444214,0.7525729537010193,0.7524209022521973,0.7601181268692017
1749,4,0.18613027036190033,136,1.8975330591201782,0.43859973549842834,0.5984338521957397,0.3667774200439453,0.5980725288391113,0.5979790091514587,0.5984926819801331,0.5959808826446533
1750,15,0.24700641632080078,168,0.5149116516113281,0.4359398919802446,0.6681822538375854,0.5225924849510193,0.6504871845245361,0.6439310312271118,0.6524139046669006,0.6385961771011353
1751,14,0.10311993956565857,9,1.2243403579507555,0.3520967981645039,0.2520061135292053,0.05048716068267822,0.20243370532989502,0.19842529296875,0.07555955648422241,0.2156340479850769
1752,16,0.12363888323307037,107,1.0197551945845287,0.5640806019306183,0.560917854309082,0.4934154748916626,0.5255419015884399,0.5500332117080688,0.5250884294509888,0.5468143224716187
1753,6,0.1200488731265068,70,1.2039163559675217,0.7499984502792358,0.2107674479484558,0.23932206630706787,0.20322471857070923,0.21110612154006958,0.19285887479782104,0.19777840375900269
1754,15,0.16441400349140167,153,0.5240884820620219,0.6149002992444568,0.40726757049560547,0.25920557975769043,0.4089866876602173,0.4099281430244446,0.40862274169921875,0.4145205020904541
1755,17,0.1502280831336975,187,0.2675792376200358,0.7042980151517051,0.5579116344451904,0.19730865955352783,0.5661706924438477,0.5590921640396118,0.5574235916137695,0.5735781192779541
1756,17,0.10725077986717224,16,0.7710579819977283,0.6345581756188319,-0.04107511043548584,0.03897124528884888,-0.04704761505126953,-0.062258362770080566,-0.03295886516571045,-0.07691049575805664
1757,7,0.11924850940704346,121,1.054526087641716,0.7851347029209137,0.26532983779907227,0.11810755729675293,0.2809981107711792,0.270007848739624,0.27969151735305786,0.28606492280960083
1758,25,0.125553160905838,63,1.1308094163735707,0.6411059294876299,0.47165387868881226,0.18131959438323975,0.47599226236343384,0.4809499979019165,0.47534239292144775,0.47790247201919556
1759,4,0.3677045404911041,169,0.5998019973436991,0.7891719937324524,2.2113323211669922e-05,-0.020975589752197266,0.004130065441131592,0.011777222156524658,0.012085795402526855,0.020396769046783447
1760,6,0.2757902145385742,111,0.38007617990175885,0.5142217675844828,0.1418028473854065,0.1281713843345642,0.14132416248321533,0.13820815086364746,0.1448996663093567,0.1349104642868042
1761,18,0.14029254019260406,175,1.4501931269963582,0.5130054742097855,0.6186089515686035,0.21551412343978882,0.6454023122787476,0.672116219997406,0.5467294454574585,0.7147020101547241
1762,10,0.13404545187950134,3,1.2392536203066509,0.5316547410828727,-0.023409724235534668,-0.23117029666900635,-0.07775163650512695,0.34921807050704956,-0.009696483612060547,0.29243457317352295
1763,15,0.11455017328262329,46,0.7414546012878418,0.6354066265953912,0.6460256576538086,0.4554234743118286,0.6375138163566589,0.6316322684288025,0.6360668540000916,0.6301971673965454
1764,19,0.12031850218772888,200,0.6082971468567848,0.54727424795811,0.8518491983413696,0.8421195149421692,0.8518721461296082,0.8508650064468384,0.8520209789276123,0.8497331738471985
1765,8,0.1601043939590454,10,1.2371370494365692,0.5390286110341549,-0.10911381244659424,-0.08208608627319336,-0.11598610877990723,-0.16896116733551025,-0.131966233253479,-0.12246739864349365
1766,20,0.11866887658834457,143,1.6352294266223908,0.5405344645182292,0.9168075919151306,0.5633498430252075,0.920511782169342,0.9016630053520203,0.928441047668457,0.9094380140304565
1767,18,0.1040424183011055,69,0.7578666384021441,0.47059248636166257,0.5210791826248169,0.48491984605789185,0.5220034718513489,0.5238423347473145,0.5180431008338928,0.5258426070213318
1768,9,0.159917950630188,165,0.9802109897136688,0.5586279034614563,0.31583303213119507,0.09454351663589478,0.30859261751174927,0.31691038608551025,0.31260520219802856,0.3145290017127991
1769,6,0.37229806184768677,66,0.7076123952865601,0.6522154808044434,0.4223981499671936,0.24489545822143555,0.4260175824165344,0.40364301204681396,0.4332396984100342,0.41160494089126587
1770,5,0.21476499736309052,98,0.747466579079628,0.31328849991162616,0.6220366954803467,0.5745816826820374,0.620822548866272,0.6194925308227539,0.6237044930458069,0.6204030513763428
1771,11,0.11165070533752441,4,1.0296992162863414,0.3607554316520691,-0.02335667610168457,0.00023472309112548828,-0.01884293556213379,-0.02104496955871582,-0.02117025852203369,-0.02734506130218506
1772,11,0.1734638214111328,86,1.1110028982162476,0.3480471422274907,-0.012820124626159668,0.0116654634475708,-0.022008538246154785,-0.010550141334533691,-0.012784361839294434,-0.0029224157333374023
1773,10,0.14941981434822083,179,0.7470121562480927,0.40389509201049806,-0.005395054817199707,0.0005790591239929199,-0.007878899574279785,0.0020580291748046875,-0.004006743431091309,0.0020429491996765137
1774,5,0.3185848891735077,170,1.358171820640564,1.0622120946645737,0.4784986972808838,0.4148605465888977,0.4828857183456421,0.4730815887451172,0.48124581575393677,0.47760361433029175
1775,6,0.18521441519260406,62,1.1040901343027751,0.3405997504790624,0.43631553649902344,0.05378657579421997,0.42842501401901245,0.4266713857650757,0.42734259366989136,0.4225057363510132
1776,6,0.3188023567199707,173,1.62644362449646,0.9543568193912506,0.03844940662384033,0.03914397954940796,0.03917878866195679,0.042606353759765625,0.038168132305145264,0.04715389013290405
1777,9,0.15119819343090057,84,1.263754516839981,0.5924884676933289,-0.0020035505294799805,0.0018796920776367188,0.0007680654525756836,0.00627058744430542,0.005908548831939697,0.013543486595153809
1778,7,0.11178305745124817,106,0.9091594815254211,0.9503595133622488,0.03216177225112915,0.016726553440093994,0.024500250816345215,0.013358712196350098,0.02619624137878418,0.018611013889312744
1779,9,0.1802825778722763,10,1.3965648810068767,0.4168534179528554,0.37000489234924316,0.3614940643310547,0.3608502149581909,0.3623737096786499,0.37146657705307007,0.3664340376853943
1780,12,0.13916325569152832,152,1.5751582632462184,0.672087070842584,-0.035858869552612305,-0.00998067855834961,-0.028680801391601562,-0.05033218860626221,-0.04742848873138428,-0.052689552307128906
1781,3,0.10931801795959473,185,2.589881420135498,1.0326976776123047,0.053791344165802,-0.010971307754516602,0.05782008171081543,0.0438346266746521,0.05812281370162964,0.05199664831161499
1782,12,0.24150875210762024,69,0.6124880888632366,0.7167583405971527,0.6751970648765564,0.6589477062225342,0.6789467930793762,0.6735670566558838,0.6794986724853516,0.6782389879226685
1783,7,0.19900938868522644,138,0.886919895807902,0.5272341221570969,0.06542408466339111,-0.002539396286010742,0.08207184076309204,0.08769428730010986,0.09908151626586914,0.08245456218719482
1784,10,0.14939767122268677,104,1.5243242979049683,0.5844629023756299,0.49290019273757935,0.06220477819442749,0.4768826365470886,0.4439229965209961,0.4298597574234009,0.45436304807662964
1785,14,0.17536483705043793,39,1.0716385170817375,0.5211960952728987,0.5540255308151245,0.14192813634872437,0.47376376390457153,0.46209782361984253,0.49614614248275757,0.4830804467201233
1786,16,0.12345796078443527,99,1.5642301837603252,0.5237888902425766,-0.012112736701965332,-0.008307456970214844,-0.001765608787536621,0.006476759910583496,-0.003493785858154297,-0.0053522586822509766
1787,14,0.2182607352733612,167,0.7524127960205078,0.6153954836455259,0.3636215925216675,0.10713720321655273,0.3560168743133545,0.3179817199707031,0.35725462436676025,0.3540818691253662
1788,9,0.14179159700870514,118,1.2249125664432843,0.7547162175178528,0.0028894543647766113,0.03703641891479492,0.007209599018096924,0.010090351104736328,0.008159756660461426,0.025931179523468018
1789,24,0.10950525850057602,126,0.9059446513652801,0.6733226776123047,0.6657807230949402,0.19563144445419312,0.666135847568512,0.6517860889434814,0.655321478843689,0.6580461263656616
1790,5,0.3373585641384125,45,1.1778612285852432,0.7036629915237427,0.08820855617523193,-0.0034897327423095703,0.06064295768737793,0.1044803261756897,0.08823460340499878,0.08145934343338013
1791,6,0.36675724387168884,17,1.0595883131027222,0.599496042728424,0.14360356330871582,0.009117066860198975,0.14016586542129517,0.2605883479118347,0.14283454418182373,0.1674627661705017
1792,5,0.3564341962337494,70,1.5854020714759827,0.7858039140701294,0.4449337124824524,0.4634963274002075,0.44018393754959106,0.46007317304611206,0.4453553557395935,0.4645695090293884
1793,10,0.1453690230846405,170,0.9453598260879517,0.5937691877285639,-0.01662766933441162,-0.008531808853149414,-0.016704678535461426,0.001153707504272461,-0.014543771743774414,0.002976357936859131
1794,5,0.31876981258392334,23,1.929171661535899,0.44095543026924133,0.3341960310935974,0.26028579473495483,0.34268254041671753,0.33403831720352173,0.345919132232666,0.327756404876709
1795,4,0.26670747995376587,175,0.3602985143661499,0.4287341237068176,-3.9577484130859375e-05,-0.010506391525268555,-0.002640366554260254,-0.007114529609680176,0.001759946346282959,-0.0005881786346435547
1796,22,0.11533671617507935,129,0.9687822298570112,0.550139145417647,0.6583667397499084,-0.009794950485229492,0.6661348342895508,0.6622167229652405,0.6559983491897583,0.6612306833267212
1797,10,0.2966802716255188,191,1.1015698313713074,0.53477543592453,0.8428856134414673,0.6305810213088989,0.8418307304382324,0.8418581485748291,0.8325427770614624,0.8479372262954712
1798,6,0.33481618762016296,187,0.5577712282538414,0.42394398152828217,0.6198790073394775,0.2368953824043274,0.6152146458625793,0.6136597394943237,0.6149952411651611,0.6145508289337158
1799,20,0.12417293339967728,138,0.6386529356241226,0.6026580408215523,0.8623197078704834,0.8554929494857788,0.8634028434753418,0.8639605045318604,0.8626047968864441,0.8639993667602539
1800,5,0.3988753855228424,119,1.1567297279834747,0.9226230382919312,0.4171029329299927,0.08756709098815918,0.41035813093185425,0.4161326289176941,0.4103977084159851,0.4163031578063965
1801,4,0.10113484412431717,16,0.647525226076444,0.20020827651023865,0.014733552932739258,-0.028252124786376953,0.00962674617767334,0.059723615646362305,0.0059517621994018555,0.04766124486923218
1802,16,0.14159810543060303,119,0.7656072420733315,0.8404654065767924,0.37287580966949463,0.07532984018325806,0.39347368478775024,0.41906869411468506,0.3710995316505432,0.38733798265457153
1803,16,0.17915017902851105,34,1.2440958693623543,0.48288169875741005,0.11252337694168091,0.10414981842041016,0.12345993518829346,0.10512733459472656,0.12303972244262695,0.10444480180740356
1804,19,0.13671396672725677,120,0.9343268530709403,0.6881972253322601,0.364746630191803,0.1044965386390686,0.365641713142395,0.37324023246765137,0.35580122470855713,0.37047553062438965
1805,21,0.11996143311262131,28,0.7616167234049903,0.7473138260344664,0.4114590883255005,0.4105846881866455,0.4412596821784973,0.42482709884643555,0.4365772008895874,0.4388974905014038
1806,17,0.11527854204177856,108,0.622255050473743,0.40106334537267685,-0.0006380081176757812,-0.0025870800018310547,-0.0026363134384155273,-0.00251162052154541,-0.0071523189544677734,-0.0011762380599975586
1807,6,0.22234395146369934,59,1.024497926235199,0.4255261371533076,-0.0409160852432251,-0.06876528263092041,-0.04828226566314697,-0.04535102844238281,-0.041815876960754395,-0.040490150451660156
1808,6,0.1693849414587021,27,1.1209719479084015,0.541439950466156,-0.03851211071014404,-0.027825593948364258,-0.05112326145172119,-0.08234250545501709,-0.05266427993774414,-0.0739363431930542
1809,4,0.33783313632011414,72,1.1886802315711975,0.43195998668670654,0.5918036699295044,0.29356300830841064,0.5816652774810791,0.5884580612182617,0.5882449150085449,0.5892466306686401
1810,4,0.23223097622394562,138,1.2389698028564453,0.6902584433555603,-0.019782543182373047,-0.018704533576965332,-0.022102952003479004,-0.027010202407836914,-0.020818710327148438,-0.0256955623626709
1811,7,0.130070760846138,133,1.0699047967791557,0.3870159387588501,0.15169495344161987,0.03277009725570679,0.14416438341140747,0.1500319242477417,0.15222984552383423,0.13416320085525513
1812,17,0.1617533564567566,126,1.2379127979278564,0.4977102354168892,0.8156668543815613,0.6065703630447388,0.8196434378623962,0.8108298182487488,0.8100578784942627,0.8162505030632019
1813,4,0.19569461047649384,38,0.7870332797368368,0.26724720001220703,0.7625458240509033,0.09345054626464844,0.7635960578918457,0.7640528082847595,0.7619770765304565,0.766632616519928
1814,20,0.17592674493789673,124,0.8892097026109695,0.5407761503010988,0.483994722366333,0.004507601261138916,0.45505762100219727,0.47693711519241333,0.45087432861328125,0.4826735854148865
1815,6,0.10951249301433563,127,0.8594952933490276,0.8811620771884918,-0.02415788173675537,0.006687343120574951,-0.026088595390319824,-0.024329781532287598,-0.02810084819793701,-0.029821038246154785
1816,18,0.18747879564762115,84,1.0572859570384026,0.6097491245184626,0.11824333667755127,0.10916650295257568,0.1067349910736084,0.11322015523910522,0.10429048538208008,0.07834893465042114
1817,4,0.327544242143631,73,0.8970957100391388,0.591372549533844,0.11371797323226929,0.06168794631958008,0.125308096408844,0.13023978471755981,0.12662065029144287,0.12380421161651611
1818,3,0.16569647192955017,36,1.2810525298118591,0.28787410259246826,0.25289463996887207,0.1961931586265564,0.2641984820365906,0.2695814371109009,0.25235551595687866,0.25467902421951294
1819,7,0.12225597351789474,2,0.8680669565995535,0.45638106018304825,-2.857617139816284,-1.778740406036377,-2.75212025642395,-3.2746267318725586,-2.4249393939971924,-2.9730677604675293
1820,4,0.15663589537143707,160,1.455247163772583,1.06172376871109,0.39802443981170654,0.3839462995529175,0.40248221158981323,0.40277934074401855,0.3953840136528015,0.39468222856521606
1821,12,0.16319195926189423,7,0.8729587069579533,0.3616980850696564,0.2719789147377014,-0.042433977127075195,0.3326098918914795,0.43258559703826904,0.3134996294975281,0.43668049573898315
1822,7,0.3644948899745941,50,0.47409621874491376,0.5227366387844086,-0.08086633682250977,-0.014968395233154297,-0.0558469295501709,-0.022471904754638672,-0.057099103927612305,-0.03796219825744629
1823,13,0.1444842666387558,80,1.0344768911600113,0.5373201039102342,0.787870466709137,0.6447147130966187,0.7926992774009705,0.7862972021102905,0.7851687073707581,0.7946511507034302
1824,8,0.15218451619148254,152,0.752939047557967,0.4587872624397278,-0.03130781650543213,0.006708025932312012,-0.05299782752990723,-0.03185117244720459,-0.03096604347229004,-0.05278146266937256
1825,14,0.16443023085594177,30,0.4699864685535431,0.8149239095774564,0.30417168140411377,0.2838994860649109,0.26767826080322266,0.3125917911529541,0.26842963695526123,0.3270512819290161
1826,9,0.19554390013217926,125,0.6520074009895325,0.5172248631715775,0.5335521697998047,0.07679367065429688,0.5323928594589233,0.5362164974212646,0.5336100459098816,0.5351029634475708
1827,15,0.12855713069438934,7,0.8067401101191839,0.6915736248095831,0.03124105930328369,-0.027954459190368652,0.019888699054718018,-0.026702046394348145,0.01959890127182007,-0.038181304931640625
1828,5,0.26682156324386597,102,1.050559014081955,0.5094973146915436,0.633776843547821,0.4893130660057068,0.6385807394981384,0.614844560623169,0.6400148868560791,0.6338320970535278
1829,11,0.17816826701164246,62,1.4730872341564722,0.5919882319867611,0.6279264688491821,0.18500804901123047,0.6361109614372253,0.650965690612793,0.6544008255004883,0.6136845350265503
1830,16,0.15623894333839417,153,1.0028200383697237,0.5069518884023031,0.1648622751235962,0.07868820428848267,0.19179368019104004,0.17741483449935913,0.17565441131591797,0.1914089322090149
1831,24,0.13721142709255219,51,0.559295987089475,0.4105937961075041,0.7387043237686157,0.7205930948257446,0.7560527920722961,0.7472524642944336,0.7242811918258667,0.7250685691833496
1832,10,0.12709766626358032,16,1.6012892723083496,0.5772984077533087,-0.0007289648056030273,-0.012190580368041992,0.007454276084899902,0.00031810998916625977,-0.015505552291870117,-0.004639267921447754
1833,8,0.39655789732933044,142,1.246632605791092,0.6408571501572927,0.713972806930542,0.6844409108161926,0.7107748985290527,0.7191345691680908,0.719461977481842,0.7179234027862549
1834,16,0.1406591236591339,108,0.4014517068862915,0.5916605729323167,0.8064233064651489,0.28351789712905884,0.8090195655822754,0.8084602952003479,0.8051875233650208,0.8111821413040161
1835,6,0.1025419533252716,15,1.2505770325660706,1.044157326221466,-0.009940385818481445,-0.011419534683227539,-0.007278084754943848,-0.013682126998901367,-0.00809323787689209,-0.010943055152893066
1836,24,0.10459937155246735,15,1.0529238837105888,0.6134789866559646,-0.020693540573120117,-0.11350274085998535,-0.020246028900146484,-0.027692437171936035,-0.0219879150390625,-0.010605931282043457
1837,18,0.11585026234388351,49,0.8489042595028877,0.5930264353752136,0.017615795135498047,-0.016036152839660645,0.007077515125274658,-0.005179643630981445,0.0005127787590026855,-0.010663509368896484
1838,17,0.12160331755876541,131,0.49590965466839926,0.5020469486713409,0.0020342469215393066,0.004352867603302002,0.0009008049964904785,7.206201553344727e-05,0.0011078119277954102,0.0037438273429870605
1839,7,0.23766764998435974,38,0.9663966417312622,0.9054947793483734,0.09520190954208374,0.047044992446899414,0.07761216163635254,0.10386228561401367,0.08829301595687866,0.11324799060821533
1840,4,0.2679675221443176,153,0.7470793128013611,0.5484592020511627,0.19358861446380615,0.1421535611152649,0.1831815242767334,0.1862010955810547,0.1943640112876892,0.1951150894165039
1841,10,0.10691829025745392,49,1.2007079005241394,0.9310192108154297,0.1798037886619568,0.1687440276145935,0.17656850814819336,0.18692129850387573,0.17751193046569824,0.1842983365058899
1842,7,0.11101210117340088,86,1.0916273693243663,0.3849871754646301,0.6461167335510254,0.06975793838500977,0.6477611660957336,0.6481878757476807,0.6455911993980408,0.6472955346107483
1843,9,0.1057111844420433,170,1.3499207496643066,0.36235841860373813,0.9244478344917297,0.2030988335609436,0.9243218898773193,0.9253315329551697,0.9247256517410278,0.9250783324241638
1844,7,0.14403316378593445,106,1.2736334919929504,0.45537902414798737,0.01997363567352295,0.018228471279144287,0.031532108783721924,0.025947928428649902,0.02345794439315796,0.028729379177093506
1845,12,0.32078316807746887,6,1.0340548902750015,0.4481877163052559,0.1649201512336731,-0.008106708526611328,0.10598504543304443,0.1454390287399292,0.14991897344589233,0.06943702697753906
1846,9,0.24424007534980774,79,0.6382741570472718,0.6621822416782379,0.28111129999160767,0.0933988094329834,0.2851868271827698,0.23618710041046143,0.2999091148376465,0.283536434173584
1847,11,0.32703936100006104,81,1.5794837325811386,0.8218652109305064,0.260379433631897,0.29174715280532837,0.26156944036483765,0.26343291997909546,0.26202118396759033,0.2586187720298767
1848,8,0.2640540599822998,26,1.47553950548172,0.46213633567094803,0.5562585592269897,0.11865508556365967,0.5449711084365845,0.5172945261001587,0.5631101131439209,0.54097580909729
1849,14,0.11869431287050247,192,1.3574297891722784,0.6463868737220764,0.4033445119857788,0.0007837414741516113,0.40406954288482666,0.4069223999977112,0.4055819511413574,0.40492236614227295
1850,12,0.15406374633312225,138,0.6658341480152947,0.44721699357032774,-0.010827422142028809,-0.018300175666809082,-0.012269973754882812,-0.0040177106857299805,-0.00792074203491211,-0.008866190910339355
1851,25,0.14224597811698914,8,1.6240305503209431,0.6174234340065404,-0.029434561729431152,-0.23375070095062256,0.17501544952392578,0.08015286922454834,0.08854484558105469,-0.018976807594299316
1852,5,0.3674279749393463,161,1.069344937801361,2.1106131076812744,0.009803295135498047,0.0006258487701416016,0.009683191776275635,0.0019713640213012695,0.008511543273925781,0.004262566566467285
1853,10,0.16576838493347168,149,1.2409173965454101,0.5749410361051559,0.018689870834350586,0.004207789897918701,0.009587526321411133,0.011135280132293701,0.006772935390472412,0.010928452014923096
1854,12,0.1575954556465149,46,1.4050564616918564,0.4812439978122711,-0.008901357650756836,-0.006577491760253906,-0.015010952949523926,-0.004999995231628418,-0.017090678215026855,-0.007423877716064453
1855,6,0.24367450177669525,175,1.0139588117599487,0.5533920153975487,0.8038991689682007,0.4345170259475708,0.8066878914833069,0.8085609674453735,0.803865373134613,0.7997963428497314
1856,13,0.2550402581691742,49,0.9412539388452258,0.5414641002813975,-0.04611003398895264,0.0021524429321289062,-0.03405177593231201,-0.005758523941040039,-0.03538799285888672,-0.00941610336303711
1857,3,0.2660510838031769,84,0.5853479504585266,0.38963520526885986,0.45872509479522705,0.43302029371261597,0.45966988801956177,0.44875776767730713,0.45608270168304443,0.4530673027038574
1858,17,0.13641691207885742,102,1.4469485481580098,0.4327989464456385,-0.0047719478607177734,-0.010452628135681152,-0.01242673397064209,0.005024611949920654,0.0026286840438842773,0.005902886390686035
1859,11,0.12081015855073929,193,0.7044647087653478,0.39916127920150757,0.001066446304321289,-0.09158849716186523,0.005314946174621582,-0.05453479290008545,0.0011889338493347168,-0.061640143394470215
1860,4,0.2489529401063919,96,0.5107463002204895,0.6313845217227936,0.16942602396011353,-0.04006600379943848,0.17476743459701538,0.17282003164291382,0.17257976531982422,0.1723918318748474
1861,14,0.17087115347385406,198,1.1600594435419356,0.5973669077668872,0.6861447095870972,0.07592892646789551,0.6635810136795044,0.6630263924598694,0.6010388135910034,0.6663650274276733
1862,8,0.10919519513845444,159,0.7920221328735352,0.49508904417355853,0.014029979705810547,-8.809566497802734e-05,0.015084505081176758,0.014238357543945312,0.0142822265625,0.01290196180343628
1863,9,0.15180961787700653,187,0.6177214781443278,0.54598901172479,0.4666522741317749,0.08380663394927979,0.45346105098724365,0.4686475992202759,0.4573251008987427,0.4502370357513428
1864,9,0.18152852356433868,19,1.2978008389472961,0.5392391035954157,-0.2118626832962036,-0.3100872039794922,-0.22172462940216064,-0.23052799701690674,-0.22852563858032227,-0.2332768440246582
1865,12,0.11676498502492905,13,1.2065839290618896,0.7929341601473945,-0.061333656311035156,-0.02574014663696289,-0.08051025867462158,-0.05201101303100586,-0.07409298419952393,-0.05033409595489502
1866,6,0.19721171259880066,126,1.2703828066587448,0.5398784130811691,0.629480242729187,0.15220600366592407,0.6202714443206787,0.6278181076049805,0.628943920135498,0.6304275393486023
1867,6,0.3377084732055664,128,1.3506022691726685,0.4903848022222519,0.8967057466506958,0.8386708498001099,0.8983083963394165,0.8835172057151794,0.8919508457183838,0.8891099095344543
1868,5,0.2535228431224823,50,0.6451265290379524,0.2651451528072357,-0.09020042419433594,-0.08546459674835205,-0.09585881233215332,-0.05716991424560547,-0.08387172222137451,-0.060184478759765625
1869,5,0.2335696965456009,2,0.9859327673912048,0.6792290806770325,-0.0694737434387207,-0.03975999355316162,-0.04953646659851074,-0.09506356716156006,-0.045200347900390625,-0.053093671798706055
1870,5,0.12528128921985626,44,1.4113313257694244,0.586349089940389,0.003381669521331787,0.0825837254524231,-0.005545496940612793,0.036334991455078125,-0.005983829498291016,0.025380849838256836
1871,20,0.10521047562360764,172,1.082619880636533,0.658944600394794,0.08189386129379272,0.028398215770721436,0.08061158657073975,0.08359158039093018,0.0798676609992981,0.08641701936721802
1872,9,0.1948223114013672,101,0.8015549331903458,0.46197200417518614,-0.043857574462890625,-0.035648345947265625,-0.04067552089691162,-0.037632107734680176,-0.03885531425476074,-0.0336763858795166
1873,10,0.3941895663738251,69,0.5127362012863159,0.4727065447303984,0.5386438369750977,0.46994441747665405,0.5369037389755249,0.5545452833175659,0.5431463122367859,0.5487016439437866
1874,16,0.1363687515258789,5,0.7507120482623577,0.7112481345733007,-0.1105273962020874,-0.18879008293151855,-0.1673671007156372,-0.158500075340271,-0.1009511947631836,-0.10660481452941895
1875,20,0.13902334868907928,109,1.8602446402822221,0.6121880022379068,0.6514008045196533,0.20187819004058838,0.6520982384681702,0.6160060167312622,0.6368643045425415,0.6329116821289062
1876,15,0.16931802034378052,58,0.8509082900626319,0.7124259322881699,-0.008167743682861328,0.002007126808166504,-0.0071059465408325195,-0.001253366470336914,-0.008216619491577148,0.00016176700592041016
1877,7,0.33688026666641235,120,1.1093437671661377,0.9345458100239435,0.06724220514297485,-0.06898903846740723,0.08156228065490723,0.03845083713531494,0.08606648445129395,0.04233366250991821
1878,10,0.13923951983451843,25,0.8375182747840881,0.45238730737141203,0.32448554039001465,0.3377002477645874,0.3165156841278076,0.34710967540740967,0.31890755891799927,0.3535032868385315
1879,9,0.12984532117843628,146,1.3869567612806957,0.718777596950531,0.812618613243103,0.8184530138969421,0.8159737586975098,0.8167186975479126,0.8159841299057007,0.8149340152740479
1880,8,0.34203392267227173,133,0.7530025094747543,0.41770027950406075,0.8484368324279785,0.8056718111038208,0.8487908840179443,0.845743715763092,0.8491607904434204,0.8492187857627869
1881,8,0.1867145150899887,179,1.2909645438194275,0.5354763468106588,0.5859862565994263,0.2914304733276367,0.5904666781425476,0.6116214394569397,0.5929522514343262,0.6024596095085144
1882,10,0.19104039669036865,157,0.5546807448069254,0.38951527433735983,-0.012215733528137207,-0.019936084747314453,-0.012792348861694336,-0.01993882656097412,-0.013405680656433105,-0.014949440956115723
1883,11,0.16983546316623688,147,0.7998714844385783,0.8908556066453457,0.1876794695854187,0.049052655696868896,0.18332582712173462,0.18101447820663452,0.18018889427185059,0.17950987815856934
1884,6,0.31327560544013977,64,2.0287266174952188,0.2828809767961502,0.8430960178375244,0.31410521268844604,0.8468551635742188,0.8428822755813599,0.847111165523529,0.8414841890335083
1885,4,0.3219555616378784,107,1.0496861934661865,0.573058878382047,0.5268181562423706,0.03232532739639282,0.5173068642616272,0.5570882558822632,0.5550976991653442,0.5121649503707886
1886,5,0.21544693410396576,38,0.8042362928390503,0.45683982223272324,0.40525197982788086,0.3423417806625366,0.40674424171447754,0.42283886671066284,0.39284759759902954,0.42225486040115356
1887,13,0.20163244009017944,39,1.2824889378888267,0.4283349812030792,0.7639771699905396,0.7912922501564026,0.7670783400535583,0.8138620853424072,0.7661381959915161,0.8123464584350586
1888,4,0.12733159959316254,2,1.3243734240531921,0.42975088953971863,0.0031574368476867676,0.03918534517288208,0.0002849102020263672,0.06298255920410156,-0.025292038917541504,0.039740920066833496
1889,5,0.3476139307022095,121,1.225019137064616,0.7173317670822144,0.025130271911621094,0.005427658557891846,0.026831209659576416,0.0327797532081604,0.025019466876983643,0.03633493185043335
1890,9,0.1287464201450348,168,0.7798299267888069,0.7306480586528779,0.7075951099395752,0.24398010969161987,0.7062089443206787,0.7082641124725342,0.7026086449623108,0.7101929783821106
1891,6,0.19014711678028107,12,1.423037275671959,0.6628411561250687,-0.10589146614074707,-0.0361553430557251,-0.06173408031463623,-0.07053232192993164,-0.09837591648101807,-0.05328786373138428
1892,12,0.2824394404888153,34,1.2427813559770584,0.5253279618918896,0.7417865991592407,0.4110085368156433,0.7149950265884399,0.7701644897460938,0.7136101126670837,0.7227915525436401
1893,24,0.11711250990629196,25,0.5352345572577583,0.7030285567045211,0.13833272457122803,-0.01900327205657959,0.1933714747428894,0.13553649187088013,0.05117994546890259,0.14026182889938354
1894,11,0.11833760142326355,180,0.9974258661270141,0.4595525835951169,0.2830800414085388,0.1753549575805664,0.29801827669143677,0.29273712635040283,0.2925300598144531,0.29972368478775024
1895,7,0.3634633719921112,41,1.4027137607336044,0.3275220990180969,-0.019292473793029785,-0.01275932788848877,-0.013113856315612793,-0.05491447448730469,-0.01264035701751709,-0.04746401309967041
1896,9,0.1277463287115097,140,1.4077659994363785,0.9229757010936737,0.08630472421646118,-0.020938992500305176,0.10048192739486694,0.10122954845428467,0.0994042158126831,0.09747928380966187
1897,10,0.11363627761602402,112,0.6994141439596812,0.9692278131842613,-0.0015643835067749023,0.01459425687789917,-0.008845090866088867,0.010211944580078125,-0.020172476768493652,0.01099938154220581
1898,5,0.27729111909866333,141,1.7017846703529358,0.8948179284731547,0.03406107425689697,-0.022745251655578613,0.03672569990158081,0.012201845645904541,0.04348379373550415,0.0333019495010376
1899,11,0.18002669513225555,18,0.9975158174832662,0.8964731991291046,-0.311275839805603,-0.5844447612762451,-0.3874727487564087,-0.7516530752182007,-0.3069342374801636,-0.6728076934814453
1900,6,0.17632423341274261,167,0.5905844777822494,1.0828696489334106,0.32020485401153564,0.2745159864425659,0.3141326308250427,0.3220134973526001,0.31987518072128296,0.32089853286743164
1901,11,0.10677444189786911,131,1.0529783248901368,0.4323115348815918,0.5899394750595093,0.5628007650375366,0.5914926528930664,0.5927789211273193,0.5947389602661133,0.5935031175613403
1902,10,0.1420617252588272,23,0.46370206475257875,0.47076351642608644,0.46163254976272583,0.009484052658081055,0.48128730058670044,0.43232429027557373,0.4896366596221924,0.3997002840042114
1903,8,0.13522487878799438,26,1.0302826762199402,0.9732885658740997,0.8148344159126282,0.036732494831085205,0.812201738357544,0.7988575100898743,0.825075626373291,0.8038741946220398
1904,6,0.32089701294898987,70,1.856845498085022,0.690743374824524,0.7023869752883911,0.4443989396095276,0.709646463394165,0.710318922996521,0.7051659822463989,0.7089756727218628
1905,9,0.18725626170635223,22,1.1013658046722412,0.38684931099414827,0.4101434350013733,0.3331258296966553,0.4029073715209961,0.4205736517906189,0.416706383228302,0.43116313219070435
1906,5,0.34516388177871704,159,0.7900822013616562,0.40349459648132324,-0.0044252872467041016,-0.009735941886901855,-0.00024175643920898438,0.0011072158813476562,0.0021057724952697754,-0.0003312826156616211
1907,11,0.25552764534950256,115,1.6150992314020793,0.8195369318127632,0.6934909820556641,0.35128694772720337,0.6941205859184265,0.6751490235328674,0.6863356828689575,0.6838018894195557
1908,9,0.18836553394794464,195,0.7193792164325714,0.48290789127349854,0.08342766761779785,0.03479951620101929,0.07550454139709473,0.07730025053024292,0.08021515607833862,0.07947403192520142
1909,7,0.21282397210597992,126,0.7302145063877106,0.45501699050267536,0.45389270782470703,0.29720908403396606,0.45670032501220703,0.4493379592895508,0.4599769115447998,0.4576645493507385
1910,6,0.1776624470949173,104,0.86820916334788,1.2293136914571126,0.32285088300704956,-0.0035398006439208984,0.33531665802001953,0.34320491552352905,0.370352566242218,0.36752885580062866
1911,3,0.3270227909088135,27,1.4052655696868896,0.6132490038871765,0.8075150847434998,0.6007610559463501,0.8107166290283203,0.8100970387458801,0.8058437705039978,0.8106787800788879
1912,7,0.35103532671928406,200,0.4963332861661911,0.7190342724323273,0.6963128447532654,0.6345672607421875,0.685056209564209,0.683884859085083,0.6914247274398804,0.6826188564300537
1913,4,0.17009757459163666,76,1.3433457414309184,0.2859534025192261,0.9386008977890015,0.39993077516555786,0.9378501772880554,0.9399571418762207,0.9390594959259033,0.93970787525177
1914,4,0.27227985858917236,9,1.2734776933987935,0.7039299011230469,-0.4701341390609741,-0.21116220951080322,-0.4820183515548706,-0.30020463466644287,-0.5220332145690918,-0.2764240503311157
1915,4,0.27658045291900635,190,1.47114759683609,0.6362686604261398,-0.0012961626052856445,-0.003428339958190918,-0.0017566680908203125,-0.0001233816146850586,0.0005905032157897949,0.0020325183868408203
1916,7,0.1543920487165451,197,1.4654506941636403,0.899838998913765,0.4198147654533386,0.0022935867309570312,0.4172258973121643,0.43076008558273315,0.4261797070503235,0.43255382776260376
1917,4,0.38745826482772827,39,0.6434500813484192,0.22063221037387848,0.6964681148529053,0.32672011852264404,0.7002012729644775,0.7095703482627869,0.7011967897415161,0.7084052562713623
1918,6,0.12504859268665314,7,1.776590645313263,0.27068565785884857,-0.16876006126403809,0.10848170518875122,-0.12737154960632324,-0.06830120086669922,-0.168329119682312,-0.11548840999603271
1919,14,0.12172877043485641,92,1.5105901435017586,0.682278980811437,0.6265130043029785,0.38394129276275635,0.6365156769752502,0.6350177526473999,0.6310690641403198,0.6389563083648682
1920,15,0.1153629794716835,39,0.9269130953720638,0.6382117997854948,0.7096837759017944,0.005693972110748291,0.7054542303085327,0.6966916918754578,0.707221508026123,0.7038868069648743
1921,10,0.18664619326591492,75,0.7476448118686676,0.38591196537017824,0.01297670602798462,-0.04840803146362305,0.007149219512939453,0.014165937900543213,0.005154848098754883,0.002011418342590332
1922,7,0.349172979593277,31,0.38480493426322937,0.39235005527734756,0.33164453506469727,0.32581251859664917,0.3340076804161072,0.33177006244659424,0.33405858278274536,0.3372223377227783
1923,10,0.10725297778844833,34,1.3058034280935924,0.5743907243013382,0.6814227104187012,0.035505831241607666,0.6790657639503479,0.6747300624847412,0.6745378375053406,0.6789157390594482
1924,10,0.11124411970376968,183,1.0161743760108948,0.6384173035621643,0.04198354482650757,0.08162611722946167,0.04889494180679321,0.07681089639663696,0.042566001415252686,0.08130556344985962
1925,7,0.11532079428434372,34,0.8676764070987701,0.6193524599075317,0.23974329233169556,-0.005316734313964844,0.187485933303833,0.17915230989456177,0.2102561593055725,0.1685316562652588
1926,5,0.13946516811847687,190,2.276299476623535,0.45534614225228626,0.7808621525764465,0.13878554105758667,0.778265118598938,0.7781295776367188,0.7757850885391235,0.7776700854301453
1927,7,0.2620466649532318,181,2.038135568300883,0.5105510130524635,0.6908838748931885,0.645776629447937,0.6876403093338013,0.6893454790115356,0.6926149129867554,0.6898196935653687
1928,14,0.14852355420589447,20,1.3830818831920624,0.4731682274076674,-0.1448291540145874,-0.48824429512023926,-0.05766868591308594,-0.05109858512878418,-0.05036771297454834,-0.12084841728210449
1929,19,0.11327945441007614,180,0.74687388752188,0.590365219861269,0.36643552780151367,0.021349549293518066,0.3776249885559082,0.3825405240058899,0.3717449903488159,0.38947027921676636
1930,21,0.1242808923125267,55,1.3054524585604668,0.541031919992887,0.09646934270858765,-0.0029892921447753906,0.0847785472869873,0.01133263111114502,0.07158386707305908,0.06929755210876465
1931,12,0.2589345872402191,56,0.6924803058306376,0.8929822213119931,0.5279762744903564,0.49485743045806885,0.539252758026123,0.5664809942245483,0.5532413721084595,0.5652333498001099
1932,9,0.17724326252937317,81,0.7692818403244018,0.4104110822081566,0.6284918785095215,-0.0064972639083862305,0.6325154304504395,0.6403670310974121,0.6348448991775513,0.6385394334793091
1933,4,0.3181508183479309,147,1.4836933612823486,0.6597782373428345,0.48123353719711304,0.5159091949462891,0.47870081663131714,0.48199427127838135,0.49241578578948975,0.4855045676231384
1934,12,0.17324453592300415,18,0.9311190197865168,0.8455488582452139,0.8389705419540405,0.07906079292297363,0.8361193537712097,0.8288623690605164,0.833543062210083,0.8342580795288086
1935,21,0.1226624995470047,58,1.528928177697318,0.4245533049106598,0.6309914588928223,0.07034718990325928,0.6349850296974182,0.6512513756752014,0.635010838508606,0.6478081941604614
1936,5,0.2687879502773285,66,0.6003450850645701,0.7854573428630829,0.28717124462127686,-0.012369155883789062,0.29343879222869873,0.33282148838043213,0.2840530276298523,0.27443742752075195
1937,15,0.1080729141831398,66,1.0074705736977714,0.506148237735033,0.08734011650085449,0.00028777122497558594,0.013090312480926514,0.0022698044776916504,3.325939178466797e-05,0.001054525375366211
1938,14,0.13741695880889893,80,1.1166768074035645,0.5803889350758659,0.5388516783714294,0.5313879251480103,0.5405517816543579,0.5694211721420288,0.5355624556541443,0.5675965547561646
1939,10,0.14685100317001343,21,1.328575387597084,0.6493488177657127,0.25408613681793213,-0.02017056941986084,0.32251912355422974,0.23514127731323242,0.29383426904678345,0.1848735213279724
1940,14,0.1342911571264267,108,0.997593621412913,0.6922747045755386,0.030881643295288086,0.012556254863739014,0.022873878479003906,0.05237853527069092,0.06778192520141602,0.09327173233032227
1941,25,0.11430279165506363,89,1.1991439312696457,0.625563020215315,-0.0008996725082397461,0.02653682231903076,-0.00011897087097167969,0.004088163375854492,0.005981624126434326,0.004146993160247803
1942,20,0.19170179963111877,161,1.4921944737434387,0.5012521520256996,0.3662720322608948,0.22684085369110107,0.36724555492401123,0.34360963106155396,0.37390679121017456,0.3757839798927307
1943,6,0.20785290002822876,127,0.6239782199263573,0.39011066406965256,0.4250563979148865,0.3773670792579651,0.42601728439331055,0.42506593465805054,0.4305371046066284,0.4287213087081909
1944,10,0.12740813195705414,180,1.0676221946875255,0.5631392821669579,0.393185555934906,0.034680724143981934,0.4058144688606262,0.4076656699180603,0.4015715718269348,0.41158419847488403
1945,9,0.11511268466711044,63,0.8853332911218915,0.7431226372718811,-0.04049038887023926,-0.03918874263763428,-0.03966665267944336,-0.04084181785583496,-0.03780364990234375,-0.03885197639465332
1946,14,0.12470878660678864,22,0.6904926478862763,0.5031968355178833,0.472395658493042,0.1539931297302246,0.49539005756378174,0.4978379011154175,0.49458152055740356,0.5186457633972168
1947,14,0.19924111664295197,44,1.7513084014256795,0.6441634365103461,0.708765983581543,0.42250490188598633,0.7293007373809814,0.7200249433517456,0.7346267104148865,0.6981207132339478
1948,10,0.21899041533470154,70,1.5048742890357971,0.7452838527304786,0.4137212634086609,0.4587854743003845,0.39385658502578735,0.4039437770843506,0.3942355513572693,0.4062691330909729
1949,6,0.12033511698246002,177,0.8938087970018387,0.626657173037529,-0.010835051536560059,0.006660163402557373,-0.005894184112548828,0.0007346868515014648,-0.010916590690612793,-0.006131529808044434
1950,14,0.17713458836078644,115,0.6364225049813589,0.5220851464705034,0.28104931116104126,0.20975691080093384,0.26230478286743164,0.2971440553665161,0.2731853127479553,0.2784433960914612
1951,10,0.12904125452041626,95,1.1145630156000454,0.8934239745140076,-0.15833735466003418,-0.02884376049041748,-0.12950921058654785,-0.20684731006622314,-0.15041732788085938,-0.22079968452453613
1952,18,0.1439914107322693,57,0.9783863027890524,0.6211557214458784,0.34691840410232544,0.03354763984680176,0.35564935207366943,0.37733739614486694,0.3514537811279297,0.36758071184158325
1953,5,0.1440305858850479,54,0.7698771357536316,0.6452071666717529,0.12847363948822021,0.020289361476898193,0.12171381711959839,0.13150501251220703,0.12021499872207642,0.12579846382141113
1954,5,0.3529178500175476,125,1.2934665481249492,0.66131392121315,0.14635825157165527,0.030487358570098877,0.15830731391906738,0.1557309627532959,0.15081048011779785,0.1607832908630371
1955,4,0.26097550988197327,163,1.63954758644104,0.307059146463871,0.9417866468429565,0.8030684590339661,0.9429988861083984,0.9409958720207214,0.9390875101089478,0.9396955966949463
1956,3,0.20513559877872467,183,1.4632494151592255,0.28853678703308105,0.1624574065208435,-0.015457868576049805,0.1596418023109436,0.16015952825546265,0.16399997472763062,0.16075736284255981
1957,4,0.12106247991323471,193,0.39327065149943036,0.4859580993652344,0.06197977066040039,0.016931235790252686,0.048982858657836914,0.05568820238113403,0.056708335876464844,0.04624384641647339
1958,13,0.394096314907074,149,1.1109811067581177,0.65437982163646,0.6347640156745911,0.6420270204544067,0.6535268425941467,0.6138613224029541,0.6521006226539612,0.6503978967666626
1959,8,0.1376294195652008,83,0.7665958628058434,0.6867623329162598,0.2744840979576111,0.296611487865448,0.28907835483551025,0.31331998109817505,0.2764021158218384,0.32163697481155396
1960,13,0.1048688068985939,25,0.7967698499560356,0.3487193137407303,-0.00200653076171875,-0.003751516342163086,-0.003882884979248047,0.014866471290588379,-0.007490873336791992,0.02123546600341797
1961,21,0.2180202454328537,198,1.2073672711849213,0.5507089187701543,0.5526185035705566,0.28979575634002686,0.523975133895874,0.5271749496459961,0.53033846616745,0.5210614204406738
1962,7,0.10338718444108963,50,1.474365621805191,0.29863523443539935,0.10777658224105835,0.014871835708618164,0.11141687631607056,0.10869663953781128,0.11301177740097046,0.10030859708786011
1963,12,0.12080554664134979,195,0.45954551441328867,0.34363985657691953,0.059526920318603516,0.014877259731292725,0.05383199453353882,0.05798602104187012,0.05706256628036499,0.056324541568756104
1964,8,0.2083049714565277,24,1.0749731585383415,0.8510173186659813,-0.14829504489898682,-0.029772400856018066,-0.11462175846099854,0.03356415033340454,-0.1275160312652588,0.03378570079803467
1965,6,0.26095661520957947,78,0.8191473186016083,0.29202621181805927,0.32252538204193115,0.13451528549194336,0.30689316987991333,0.3365424871444702,0.2991788387298584,0.3323372006416321
1966,3,0.2766501009464264,15,0.6100179851055145,0.5454383492469788,-0.011703014373779297,0.07894265651702881,0.010511517524719238,0.005202114582061768,-0.007932543754577637,0.011254489421844482
1967,19,0.14006951451301575,30,0.788460785150528,0.7599383528743472,0.024881839752197266,0.48971086740493774,0.0664747953414917,0.5468859672546387,0.09097129106521606,0.5212180018424988
1968,8,0.3728141486644745,98,0.6830604001879692,0.44274619966745377,0.04336017370223999,0.005470156669616699,0.0345156192779541,0.05980032682418823,0.03514915704727173,0.05126535892486572
1969,15,0.12150796502828598,179,1.1695471902688344,0.4941827787293328,0.25062358379364014,0.24959081411361694,0.2514820098876953,0.24991488456726074,0.25011569261550903,0.25195741653442383
1970,10,0.23277197778224945,74,1.2088137194514275,0.8644682044784228,0.5997791290283203,0.004966855049133301,0.6251285076141357,0.6320974826812744,0.6234296560287476,0.5900050401687622
1971,8,0.17865629494190216,180,1.4572441279888153,0.43193386495113373,0.7010881900787354,0.6057242155075073,0.6999173760414124,0.7015966773033142,0.6985797882080078,0.6990739703178406
1972,13,0.12171129882335663,10,0.7164756829539934,0.5419686755963734,-0.3660644292831421,-0.4564392566680908,-0.33465588092803955,-0.192152738571167,-0.2962636947631836,-0.19010460376739502
1973,13,0.11248315870761871,62,1.2537309434264898,0.34956628978252413,0.7952683568000793,0.3845292925834656,0.8003671765327454,0.8012977838516235,0.8016443252563477,0.8005890846252441
1974,3,0.32954904437065125,164,1.4455983340740204,0.4028080999851227,0.6562079787254333,0.6443642973899841,0.6578264832496643,0.6578699350357056,0.6589421033859253,0.658907413482666
1975,8,0.1224774643778801,45,0.8898645887772242,0.9833446741104126,-0.009795665740966797,-0.02154362201690674,-0.0066721439361572266,-0.0006884336471557617,-0.007849454879760742,0.00018042325973510742
1976,22,0.1319701075553894,33,0.3583061049381892,0.7522787161563572,0.6716185808181763,0.5053105354309082,0.727348804473877,0.7366707921028137,0.7248290777206421,0.6590743064880371
1977,9,0.23516294360160828,85,0.7399808466434479,0.5200229227542877,-0.011491894721984863,-0.006853461265563965,-0.009797334671020508,-0.015598893165588379,-0.005939841270446777,-0.016348719596862793
1978,10,0.10305188596248627,158,1.112798569103082,0.39204130321741104,0.8444617390632629,0.4345274567604065,0.84926837682724,0.8448933362960815,0.8447322845458984,0.8425918817520142
1979,10,0.1422363817691803,71,1.16276116669178,0.7845628447830677,-0.042983055114746094,-0.00765383243560791,-0.05198836326599121,0.007019221782684326,-0.02625429630279541,0.0024341344833374023
1980,17,0.13501280546188354,73,1.4015095574515206,0.5646501570940018,0.819217324256897,0.8139667510986328,0.8217030763626099,0.8178941011428833,0.8172454237937927,0.8171610832214355
1981,9,0.3373214900493622,55,1.073292851448059,0.39333646638052805,0.4782842993736267,0.12316930294036865,0.48178738355636597,0.48406970500946045,0.486708402633667,0.48556196689605713
1982,8,0.33158084750175476,131,0.3150198856989543,0.45996559262275694,-0.04271423816680908,-0.03775525093078613,-0.04268217086791992,-0.046739816665649414,-0.04953038692474365,-0.045530080795288086
1983,3,0.1125100627541542,73,3.138456344604492,0.6091950833797455,0.9500625729560852,0.2142665982246399,0.9490708112716675,0.9503088593482971,0.945909857749939,0.9496592283248901
1984,8,0.17524701356887817,147,0.7469435185194016,0.4508635252714157,-0.0793379545211792,0.010398030281066895,-0.07877373695373535,-0.06760013103485107,-0.06708252429962158,-0.059782981872558594
1985,14,0.16437330842018127,182,1.587635612487793,0.5608395155933168,0.4500280022621155,0.00643312931060791,0.4516236186027527,0.44294095039367676,0.44943714141845703,0.4511494040489197
1986,7,0.21779534220695496,38,1.302470362186432,0.44113075733184814,0.7241479158401489,-0.037545204162597656,0.730226993560791,0.7204844355583191,0.7427546381950378,0.7078280448913574
1987,6,0.35515689849853516,18,0.709136426448822,0.8309220671653748,-0.03144979476928711,0.05666375160217285,-0.1105351448059082,0.026761114597320557,-0.09232401847839355,0.0027472376823425293
1988,11,0.11920558661222458,61,0.9167788823445638,0.6110926151275635,0.019263267517089844,0.017056822776794434,-0.010886907577514648,0.036563336849212646,0.02331489324569702,0.028078079223632812
1989,19,0.19849923253059387,107,0.41783004999160767,0.5927620886100663,0.5956239700317383,0.48699504137039185,0.5542325973510742,0.5485949516296387,0.5346711277961731,0.5808995962142944
1990,8,0.19146984815597534,90,1.1230708161989849,0.4386438190937042,0.1460297703742981,0.05902773141860962,0.14751958847045898,0.12911516427993774,0.12967950105667114,0.12579286098480225
1991,7,0.2423052191734314,45,0.9627899169921875,0.8735592663288116,-0.03727555274963379,-0.04422342777252197,-0.03873717784881592,-0.03218972682952881,-0.03852057456970215,-0.03382730484008789
1992,8,0.16172893345355988,166,1.18539160490036,0.4930260479450226,-0.007258296012878418,-0.034009695053100586,-0.013102054595947266,-0.01294243335723877,-0.011550426483154297,-0.01893007755279541
1993,3,0.21018816530704498,87,1.6104539930820465,0.432698518037796,-0.029842495918273926,-0.058573007583618164,-0.04025375843048096,-0.02538466453552246,-0.02644801139831543,-0.03264117240905762
1994,4,0.13790938258171082,61,0.7968750894069672,0.4857182204723358,0.1691855788230896,0.1817813515663147,0.16552454233169556,0.16712576150894165,0.1645563244819641,0.16519302129745483
1995,10,0.2095949649810791,109,0.9625028908252716,0.6115676999092102,0.2909663915634155,0.02652907371520996,0.2921953797340393,0.2890474796295166,0.2927677631378174,0.29065126180648804
1996,7,0.18827788531780243,6,0.9670007824897766,0.6516347130139669,-0.14492952823638916,-0.452742338180542,-0.15160679817199707,-0.611346960067749,-0.17814230918884277,-0.5414217710494995
1997,15,0.23288843035697937,122,0.6294703364372254,0.7610035389661789,0.9068741202354431,0.8224993944168091,0.9063066244125366,0.9069950580596924,0.9077503085136414,0.9032337069511414
1998,14,0.3371051847934723,59,0.9736320599913597,0.6414437055587768,0.8932482600212097,0.8066588044166565,0.8944391012191772,0.8916762471199036,0.8932386636734009,0.8956234455108643
1999,9,0.2262115329504013,39,0.7839777916669846,0.6531434535980225,0.4469183087348938,0.25820374488830566,0.44626182317733765,0.45804357528686523,0.4376481771469116,0.4538853168487549
2000,19,0.10408908873796463,130,0.8474074929952622,0.7503535162125315,0.6995057463645935,0.5101135969161987,0.6957850456237793,0.6952561140060425,0.7011680603027344,0.6951944828033447
2001,17,0.1644825041294098,113,1.4296512405077617,0.4695334242922919,0.762856125831604,0.45681846141815186,0.7636216282844543,0.7545912265777588,0.7595750689506531,0.7543060779571533
2002,5,0.11994276195764542,152,1.2816046625375748,0.5008556246757507,-0.019890904426574707,0.012418150901794434,-0.017153382301330566,-0.02414882183074951,-0.016735076904296875,-0.023999333381652832
2003,20,0.1098085567355156,125,1.0358204202992576,0.8119948964852554,-0.01504373550415039,-0.0039980411529541016,-0.012160778045654297,-0.008195161819458008,-0.011957764625549316,-0.008395791053771973
2004,4,0.34385788440704346,156,1.7728784680366516,0.5107486695051193,0.7758362889289856,0.7802121639251709,0.7769221067428589,0.7755640149116516,0.7768562436103821,0.7764236330986023
2005,9,0.11305426806211472,103,1.034100907544295,0.33147676785786945,0.7658967971801758,0.07819843292236328,0.7637503743171692,0.7693895697593689,0.7695103287696838,0.7699577808380127
2006,3,0.3927759826183319,176,0.9844416230916977,1.5338008403778076,0.022507309913635254,0.002705991268157959,0.02431952953338623,0.016738951206207275,0.026574373245239258,0.0223846435546875
2007,21,0.11302308738231659,118,0.9882040396332741,0.5664080266769116,0.07954597473144531,0.06141996383666992,0.11376672983169556,0.11569148302078247,0.07798182964324951,0.13731765747070312
2008,7,0.12857893109321594,149,0.5764769713083903,0.3181341625750065,0.7859420776367188,0.22647744417190552,0.7849240899085999,0.7891074419021606,0.783413290977478,0.7792521715164185
2009,8,0.33925148844718933,17,0.9907345175743103,0.4857575049002965,0.8830420970916748,0.7458568811416626,0.9067124724388123,0.881756067276001,0.8902240991592407,0.858832061290741
2010,13,0.19569192826747894,144,0.6350940316915512,0.5704756710264418,0.06738805770874023,-0.02047598361968994,0.02853459119796753,0.04839092493057251,0.034971415996551514,0.06691324710845947
2011,3,0.15424653887748718,56,1.6576788425445557,0.8941923975944519,0.48703455924987793,0.0726122260093689,0.48931920528411865,0.488045871257782,0.48941051959991455,0.48758554458618164
2012,9,0.201405331492424,55,1.180262456337611,0.5643620838721594,0.7896147966384888,0.09092551469802856,0.7896499633789062,0.7887855768203735,0.787657618522644,0.7899231910705566
2013,10,0.17462414503097534,171,0.7474267035722733,0.3903490702311198,-0.005190372467041016,-9.942054748535156e-05,-0.0038181543350219727,0.0021845102310180664,-0.006955862045288086,0.0032134652137756348
2014,13,0.2504275441169739,55,1.1901085302233696,1.0955497192011938,0.03482276201248169,0.07299643754959106,0.03586709499359131,0.05900764465332031,0.031196653842926025,0.04151970148086548
2015,6,0.1128525361418724,178,0.34523455798625946,1.0598264932632446,0.09866774082183838,0.06170368194580078,0.09996819496154785,0.09796357154846191,0.10327261686325073,0.10061895847320557
2016,6,0.23720891773700714,63,0.9333552320798238,0.4508009155591329,0.11191338300704956,0.032013654708862305,0.10435342788696289,0.10809731483459473,0.10453242063522339,0.10881096124649048
2017,10,0.2185351848602295,2,0.9168132841587067,0.7680862148602804,-1.5180766582489014,-1.2367274761199951,-1.517845869064331,-1.5274806022644043,-1.4028990268707275,-1.3965249061584473
2018,11,0.11131641268730164,47,1.1577704761709486,0.4778304919600487,0.23517799377441406,0.0677114725112915,0.2448817491531372,0.3177136778831482,0.28423798084259033,0.2957872748374939
2019,4,0.3376825153827667,48,0.6881883442401886,0.44793765246868134,0.34725022315979004,0.33237993717193604,0.35183948278427124,0.3625262975692749,0.35343098640441895,0.36199289560317993
2020,5,0.13874855637550354,149,1.4506728251775105,0.3335166573524475,-0.008429169654846191,-0.005167484283447266,-0.006585121154785156,-0.005110263824462891,-0.007634639739990234,-0.006837248802185059
2021,7,0.24034751951694489,80,0.6745085120201111,0.5310477664073309,0.7647057771682739,0.25027579069137573,0.7644171714782715,0.7656552195549011,0.7653075456619263,0.7652453184127808
2022,10,0.14739932119846344,107,1.527857353289922,0.4732889123260975,0.12720322608947754,-0.005184054374694824,0.12547534704208374,0.12537050247192383,0.12424248456954956,0.11740481853485107
2023,15,0.16807614266872406,21,0.8210945427417755,0.6917057236035665,0.36330682039260864,0.09537500143051147,0.4131090044975281,0.35305726528167725,0.4306824207305908,0.3310672640800476
2024,5,0.19936713576316833,61,1.0763919552167256,0.818256676197052,0.21612435579299927,0.13210523128509521,0.21447241306304932,0.21813887357711792,0.22338449954986572,0.21587127447128296
2025,9,0.15355974435806274,188,1.055162400007248,0.8009869039058686,0.8018463850021362,0.48986631631851196,0.8024616241455078,0.80329430103302,0.8045499324798584,0.8037381172180176
2026,6,0.3357499837875366,53,1.1989449858665466,0.4323837359746297,0.7139467000961304,0.06159180402755737,0.7195186614990234,0.7255968451499939,0.7088491916656494,0.7259448766708374
2027,8,0.2834594249725342,143,1.6693824976682663,0.7885999381542206,0.24427521228790283,0.22224551439285278,0.24503815174102783,0.24338150024414062,0.24876397848129272,0.2415308952331543
2028,8,0.1556769460439682,36,0.7442682981491089,0.36238413453102114,0.0341794490814209,-0.01458740234375,0.038328349590301514,0.022431015968322754,0.041386961936950684,0.02367311716079712
2029,13,0.16785494983196259,179,1.1924094930291176,0.457960307598114,0.7142452001571655,0.060706257820129395,0.7136735916137695,0.7133090496063232,0.6956838369369507,0.7091860771179199
2030,5,0.1964261829853058,190,0.5365074872970581,0.6225923076272011,0.722388505935669,0.6598720550537109,0.7241390347480774,0.7229962348937988,0.7239914536476135,0.7220560312271118
2031,11,0.2427586168050766,31,1.0042251572012901,0.5432084543364388,-0.022383570671081543,-0.014457464218139648,-0.0003383159637451172,-0.02661716938018799,-0.007912516593933105,-0.03383803367614746
2032,24,0.10975100100040436,149,1.4654254487582616,0.4664396398207721,0.20189785957336426,0.0941392183303833,0.2220098376274109,0.20269513130187988,0.21821057796478271,0.19939297437667847
2033,10,0.3955411911010742,134,1.252770682175954,0.3447521371500833,0.21149563789367676,0.1321595311164856,0.20225709676742554,0.19559580087661743,0.2008315920829773,0.2158389687538147
2034,8,0.20967862010002136,105,1.5813775062561035,0.3386987050374349,0.523097038269043,0.08299583196640015,0.5232449769973755,0.5221998691558838,0.5219376087188721,0.5195326209068298
2035,4,0.1722753793001175,139,0.36313313742478687,1.1620222330093384,-0.02000296115875244,-0.0006517171859741211,-0.01480567455291748,-0.018174171447753906,-0.02207624912261963,-0.017735719680786133
2036,11,0.217696413397789,74,1.3837703863779705,0.36279528960585594,0.23147273063659668,0.2353246808052063,0.2247769832611084,0.2360178828239441,0.20315009355545044,0.20243269205093384
2037,11,0.17191918194293976,73,0.86285714166505,0.40730131044983864,0.7922344207763672,-0.001283407211303711,0.7903081774711609,0.7882006168365479,0.7845758199691772,0.790310263633728
2038,8,0.2362278550863266,91,1.9723061521848042,0.7561962127685546,0.3340977430343628,0.3246304988861084,0.33317798376083374,0.33559995889663696,0.33434563875198364,0.33900028467178345
2039,12,0.17824618518352509,80,1.2663662314414978,0.6656781605311802,0.8066219091415405,0.7622382044792175,0.8001013994216919,0.8052910566329956,0.7996052503585815,0.8052388429641724
2040,17,0.17008449137210846,138,1.499296772480011,0.7061295211315155,-0.006880521774291992,-0.03778398036956787,-0.0010006427764892578,-0.016773462295532227,0.010890364646911621,-0.028285980224609375
2041,4,0.14579568803310394,58,1.1781536936759949,1.94463312625885,-0.07986843585968018,-0.07341361045837402,-0.08877038955688477,-0.0772637128829956,-0.08160555362701416,-0.07703840732574463
2042,6,0.30539023876190186,87,0.9952061027288437,0.44056078791618347,0.29346156120300293,0.02036672830581665,0.2851659059524536,0.2854839563369751,0.2899019718170166,0.2908933758735657
2043,10,0.10646083950996399,74,0.6176980882883072,0.5037342136104902,0.023807287216186523,0.020767807960510254,0.017175912857055664,0.02494049072265625,0.023066818714141846,0.01725304126739502
2044,18,0.15696981549263,13,1.1375080227851868,0.7508344604418828,0.4414777159690857,0.1751980185508728,0.4144783616065979,0.44636619091033936,0.424810528755188,0.4148028492927551
2045,6,0.3142254948616028,108,1.269046684106191,0.4838852783044179,0.43315988779067993,0.4007701873779297,0.43537014722824097,0.4252207279205322,0.43434661626815796,0.4337977170944214
2046,9,0.32910752296447754,133,1.2257810930411022,0.5131966173648834,0.8552891612052917,0.7155102491378784,0.8548070192337036,0.8484703898429871,0.8527045249938965,0.8524067401885986
2047,4,0.23548594117164612,182,0.5104484111070633,0.5742074549198151,-0.100852370262146,-0.09047162532806396,-0.09534192085266113,-0.10273027420043945,-0.09946620464324951,-0.09937727451324463
2048,14,0.12100540101528168,180,0.6622742861509323,0.6371052898466587,0.0020426511764526367,-0.005192995071411133,0.013753116130828857,0.000809013843536377,-0.0005848407745361328,-0.002007722854614258
2049,12,0.11588863283395767,109,0.712816596031189,0.6626658141613007,-0.020681262016296387,-0.024657130241394043,-0.02055037021636963,-0.018843412399291992,-0.01957249641418457,-0.021662592887878418
2050,22,0.1350199580192566,56,1.5256586770216625,0.6704712494423515,-0.001793503761291504,-0.03759479522705078,0.011321961879730225,-0.0031151771545410156,-0.00455629825592041,0.002093374729156494
2051,6,0.12665897607803345,158,1.253295361995697,0.5765685886144638,0.8397907018661499,0.633442759513855,0.8392974138259888,0.8381834626197815,0.8393422365188599,0.8392057418823242
2052,9,0.20759138464927673,139,0.6900307436784109,0.3849497934182485,0.9235152006149292,0.589806318283081,0.9203440546989441,0.9228033423423767,0.9207155704498291,0.9173784852027893
2053,3,0.22721506655216217,151,0.6704719066619873,0.33807218074798584,0.5440536737442017,0.44257402420043945,0.5413317680358887,0.5446878671646118,0.5413801670074463,0.5427775382995605
2054,20,0.11055268347263336,69,1.211013875901699,0.7673590456446012,0.411001980304718,0.3815573453903198,0.4187523126602173,0.4164091944694519,0.41066616773605347,0.4175628423690796
2055,7,0.13825827836990356,34,0.9410342052578926,0.608219787478447,0.011474847793579102,0.06285172700881958,0.018694162368774414,0.037270307540893555,0.019409477710723877,0.021927356719970703
2056,14,0.10662856698036194,98,1.2671662151813508,0.658717691898346,0.7203682661056519,0.33769935369491577,0.7153377532958984,0.7064591646194458,0.7089016437530518,0.7109925746917725
2057,6,0.34255364537239075,92,1.3717952768007915,0.553838829199473,0.3486829996109009,0.3394337296485901,0.3467562794685364,0.36088818311691284,0.3514389991760254,0.3560957908630371
2058,5,0.16352394223213196,186,1.204368864496549,1.0423505008220673,-0.00822436809539795,-0.006196856498718262,-0.005858182907104492,-0.015432953834533691,-0.011907458305358887,-0.016186118125915527
2059,4,0.2556293308734894,170,1.0384297867616017,0.4266584515571594,0.8484474420547485,0.6498099565505981,0.847416877746582,0.8453114032745361,0.8479002714157104,0.8470792770385742
2060,3,0.15329879522323608,117,0.5572404265403748,0.9653573036193848,-0.07046818733215332,-0.0982133150100708,-0.06824100017547607,-0.06967711448669434,-0.057412028312683105,-0.06903815269470215
2061,14,0.13589885830879211,103,0.4754149566094081,0.4308557158166712,0.4100888967514038,-0.00972127914428711,0.3937716484069824,0.4220179319381714,0.42611610889434814,0.4151194095611572
2062,16,0.1734010875225067,75,1.3194351991017659,0.5054690137505531,0.36740320920944214,0.06311953067779541,0.36447465419769287,0.3429439067840576,0.35288339853286743,0.3467572331428528
2063,4,0.2699132263660431,135,0.8030760586261749,0.8949545919895172,-0.060238003730773926,-0.0004515647888183594,-0.07255434989929199,-0.014127612113952637,-0.06314659118652344,-0.014607906341552734
2064,11,0.16746017336845398,77,1.4466736515363057,0.41464811377227306,0.9071458578109741,0.7711043357849121,0.9068776369094849,0.9040399789810181,0.9064210057258606,0.9070706367492676
2065,11,0.11486870795488358,68,1.1585711737473805,0.5552449941635131,-0.10363590717315674,-0.006879687309265137,-0.13879001140594482,-0.045696258544921875,-0.12755286693572998,-0.06488704681396484
2066,10,0.2187623232603073,165,1.1535327689988273,0.820406417051951,0.5715030431747437,0.5800298452377319,0.5696351528167725,0.5623990893363953,0.5769832730293274,0.5680341720581055
2067,9,0.31005391478538513,87,1.0846199989318848,0.7024459938208262,0.9157664179801941,0.8968265056610107,0.9161120653152466,0.9159727096557617,0.9148174524307251,0.9149078130722046
2068,4,0.2637404799461365,95,1.4014593660831451,0.6820873618125916,0.577069103717804,0.010665416717529297,0.5794488191604614,0.5858713388442993,0.5790601968765259,0.5778211951255798
2069,19,0.11643436551094055,10,0.800261629479272,0.8116630166769028,-0.11302173137664795,-0.01864933967590332,-0.14041471481323242,-0.06242191791534424,-0.17628514766693115,-0.14438891410827637
2070,5,0.1671653836965561,128,1.172379493713379,0.4707643389701843,0.6407343149185181,0.6271201372146606,0.6395957469940186,0.6383417844772339,0.6387803554534912,0.6305729150772095
2071,12,0.23189853131771088,28,1.373649775981903,0.6577612981200218,0.008715569972991943,0.0009367465972900391,-0.028187990188598633,-0.023673176765441895,-0.014813661575317383,0.01380378007888794
2072,7,0.12770120799541473,3,0.8822985589504242,0.7401945292949677,-0.3225055932998657,-0.20289933681488037,-0.2576061487197876,-0.2422562837600708,-0.2808316946029663,-0.22978150844573975
2073,18,0.10220449417829514,158,0.7044134080410004,0.5086874835766279,0.28564614057540894,0.05837923288345337,0.27182888984680176,0.2892059087753296,0.27401256561279297,0.2749750018119812
2074,13,0.1476477086544037,169,1.2911615163087844,0.7928704712539911,0.15616881847381592,0.07657289505004883,0.1528671383857727,0.15750819444656372,0.14652448892593384,0.15315449237823486
2075,9,0.10276208072900772,34,1.6120309591293336,0.8831322938203812,0.4546688199043274,0.010827481746673584,0.4329219460487366,0.4547281265258789,0.4435913562774658,0.42574477195739746
2076,12,0.10010099411010742,181,0.9505390756660037,0.7122611602147421,0.4044562578201294,-0.04988574981689453,0.40299999713897705,0.4128022789955139,0.41065287590026855,0.417016863822937
2077,15,0.15269431471824646,176,0.9868981122970581,0.6533140420913697,0.4826485514640808,0.4593662619590759,0.4843764305114746,0.4817359447479248,0.48232436180114746,0.4823804497718811
2078,14,0.21822834014892578,89,0.8338540643453598,0.5048466231673956,0.41904783248901367,0.313900351524353,0.4094851613044739,0.40024077892303467,0.398865282535553,0.3811843991279602
2079,21,0.11635607481002808,160,1.3132526555231638,0.555601142346859,0.3807152509689331,0.029647767543792725,0.3798236846923828,0.3586011528968811,0.3749876022338867,0.368161141872406
2080,13,0.17820505797863007,35,0.8397563025355339,0.7350074450174967,0.7997832298278809,0.2247222661972046,0.7745973467826843,0.7645935416221619,0.7794933915138245,0.7810707092285156
2081,7,0.13692356646060944,87,1.3209808667500813,0.3498277962207794,0.6875560283660889,0.05486637353897095,0.6820616722106934,0.6776819229125977,0.6813149452209473,0.6776937246322632
2082,14,0.13422192633152008,148,1.0261188404900687,0.41266459226608276,-0.032361626625061035,-0.04118466377258301,-0.0277482271194458,-0.020213961601257324,-0.028996586799621582,-0.026331305503845215
2083,4,0.357314795255661,19,1.0664265751838684,0.7293091416358948,0.44019240140914917,0.03376424312591553,0.43949902057647705,0.4360024333000183,0.4371538758277893,0.4352770447731018
2084,8,0.2527771294116974,113,0.8707424998283386,0.6820540964603424,0.15954500436782837,0.020241916179656982,0.13831943273544312,0.1498345136642456,0.15336334705352783,0.1440785527229309
2085,12,0.12158345431089401,159,0.6677920520305634,0.567901685833931,-0.14475810527801514,0.0002799034118652344,-0.15263879299163818,-0.16460108757019043,-0.15044617652893066,-0.17077791690826416
2086,7,0.2088470607995987,82,0.6559897065162659,0.7178550114234289,-0.05917501449584961,0.06766694784164429,-0.03658115863800049,-0.02975606918334961,-0.06546378135681152,-0.0072907209396362305
2087,7,0.18812395632266998,171,0.552041232585907,0.5945862591266632,-0.010365009307861328,-0.04975593090057373,-0.0121382474899292,-0.043189406394958496,-0.010647058486938477,-0.02967667579650879
2088,8,0.31899145245552063,4,0.9137679735819498,0.7807699918746949,-0.044089555740356445,0.045414865016937256,-0.09196281433105469,0.01033639907836914,-0.046303510665893555,0.021204888820648193
2089,11,0.3012714087963104,77,0.7191272526979446,0.667336955666542,0.6288418769836426,0.5543971061706543,0.6006478071212769,0.6384521126747131,0.6529896259307861,0.5896666049957275
2090,13,0.1877613216638565,180,0.8366052150726319,0.7717924937605858,-0.0017976760864257812,-0.029618382453918457,0.001003861427307129,-0.011475801467895508,-0.002736806869506836,-0.007460951805114746
2091,9,0.23945803940296173,83,0.7736886292695999,0.39794282615184784,0.40014421939849854,0.36369234323501587,0.4010273814201355,0.3975537419319153,0.4084358811378479,0.4091707468032837
2092,16,0.19103257358074188,128,0.6424179077148438,0.8516943465386119,0.6428948640823364,0.33209389448165894,0.6774803400039673,0.6282802224159241,0.6612207293510437,0.660408616065979
2093,24,0.17566952109336853,142,1.0327320843935013,0.6084375157952309,0.9618939757347107,0.5529839396476746,0.9634337425231934,0.953950822353363,0.9607020616531372,0.9614794850349426
2094,14,0.14716805517673492,143,0.8554945215582848,0.44185803532600404,0.4149399399757385,0.41863447427749634,0.42758941650390625,0.4475555419921875,0.4399712085723877,0.44964075088500977
2095,8,0.2810339033603668,110,0.20208090543746948,0.4874960971730096,0.3162913918495178,0.1540859341621399,0.30887913703918457,0.3165373206138611,0.31608062982559204,0.3124816417694092
2096,9,0.24566708505153656,147,1.3553345948457718,0.540303111076355,0.7270162105560303,0.5183703303337097,0.7175180912017822,0.6713917255401611,0.7185406684875488,0.7025696039199829
2097,3,0.3541281819343567,83,0.2640329599380493,0.29297900944948196,0.1535654067993164,0.08033037185668945,0.15666896104812622,0.1408793330192566,0.1616329550743103,0.15147674083709717
2098,20,0.1335056722164154,153,0.6554258515437444,0.554020708160741,-0.00031828880310058594,0.014418363571166992,0.007571518421173096,0.04317736625671387,0.001969635486602783,0.03944754600524902
2099,14,0.19733959436416626,32,0.8144893884658814,0.7895041919416852,-0.027025222778320312,-0.06772887706756592,-0.009041428565979004,-0.0269320011138916,-0.0056809186935424805,-0.03288924694061279
2100,6,0.25439929962158203,184,1.2191468715667724,0.530421257019043,0.20137619972229004,-0.016802191734313965,0.22221636772155762,0.2058359980583191,0.18685024976730347,0.208987295627594
2101,18,0.14785067737102509,200,0.7523269007603327,0.6911836303770542,-0.062438249588012695,-0.07672357559204102,-0.05886185169219971,-0.07321321964263916,-0.05344963073730469,-0.06834650039672852
2102,3,0.22014765441417694,4,0.6905469372868538,0.2902509868144989,-0.0200197696685791,-0.017996549606323242,-0.01846635341644287,-0.029232501983642578,-0.038588523864746094,-0.029408693313598633
2103,12,0.10372615605592728,17,1.322492907444636,0.7176975483695666,0.010121285915374756,0.002415597438812256,0.014436304569244385,0.002742767333984375,0.005816936492919922,0.03846323490142822
2104,6,0.14682936668395996,111,1.0208425372838974,0.5373498052358627,-0.10858583450317383,-0.08817625045776367,-0.1007610559463501,-0.10874247550964355,-0.10782158374786377,-0.10409915447235107
2105,17,0.10546772181987762,4,0.8594830602407455,0.7172372468880245,0.07145357131958008,0.2394261360168457,0.03648650646209717,0.1477239727973938,0.04692786931991577,0.18517059087753296
2106,15,0.17160356044769287,45,0.6069521009922028,0.5307629182934761,0.2713649868965149,0.0020189881324768066,0.29911696910858154,0.29634004831314087,0.2934282422065735,0.28117847442626953
2107,14,0.13148105144500732,101,1.0943025946617126,0.6111166626214981,0.18957829475402832,0.08713680505752563,0.19216549396514893,0.19273310899734497,0.19094198942184448,0.1938403844833374
2108,5,0.12102755904197693,199,1.1181899346411228,0.5060101747512817,0.7432993054389954,0.5877999067306519,0.7416863441467285,0.7411945462226868,0.7419180870056152,0.7461515665054321
2109,18,0.13504265248775482,62,1.0811145659536123,0.5870236709713936,0.1027795672416687,0.012792229652404785,0.11599797010421753,0.11915451288223267,0.11995887756347656,0.13732099533081055
2110,5,0.3423376977443695,73,0.7000495493412018,0.7354649504025778,-0.11347293853759766,-0.01936662197113037,-0.09920549392700195,-0.08534049987792969,-0.08984518051147461,-0.0880887508392334
2111,10,0.14724035561084747,12,0.9436031222343445,0.5500791072845459,0.030902624130249023,0.008939504623413086,0.03132981061935425,0.011686146259307861,0.027675926685333252,0.017542123794555664
2112,7,0.3803977072238922,110,0.7521398663520813,0.640229657292366,0.0910690426826477,0.08140331506729126,0.07217293977737427,0.07649487257003784,0.0932045578956604,0.08466571569442749
2113,8,0.10790234804153442,123,0.9930219769477844,0.49135806163152057,0.7781208753585815,0.05873596668243408,0.7789887189865112,0.774417519569397,0.7798730134963989,0.7744258642196655
2114,20,0.11226734519004822,30,1.1056763927141826,0.6380852609872818,0.21458220481872559,-0.02015817165374756,0.2272634506225586,0.24521154165267944,0.2347203493118286,0.23450815677642822
2115,3,0.1846398562192917,154,1.2933460772037506,0.2280333787202835,0.9316278696060181,0.9119417667388916,0.9324701428413391,0.9323698282241821,0.931029200553894,0.9316198825836182
2116,14,0.11057645827531815,195,1.0524764160315196,0.5046544447541237,-0.007606983184814453,-0.0031474828720092773,-0.005349397659301758,-0.006118893623352051,-0.004136562347412109,-0.007550239562988281
2117,6,0.16310885548591614,82,0.9319807700812817,0.8932765126228333,-0.03457963466644287,-0.02499222755432129,-0.03028237819671631,-0.047268033027648926,-0.04674506187438965,-0.044484853744506836
2118,5,0.2184617966413498,107,0.72479547560215,0.3888542850812276,0.6731274127960205,0.3023375868797302,0.6811749935150146,0.6910731792449951,0.6783996820449829,0.6663669347763062
2119,8,0.1456114947795868,18,1.0264828602472942,0.9012846052646637,0.7237228155136108,0.5726710557937622,0.7273378372192383,0.7864197492599487,0.7169191837310791,0.7743912935256958
2120,10,0.2664218544960022,88,0.6871936678886413,0.46249220669269564,0.9240585565567017,0.3681436777114868,0.9207479953765869,0.9242480993270874,0.923607349395752,0.9254027605056763
2121,7,0.11752816289663315,46,0.7450655996799469,0.5061371624469757,0.09211862087249756,0.03724485635757446,0.08424234390258789,0.15661495923995972,0.0954357385635376,0.16363447904586792
2122,24,0.10251462459564209,67,1.0551374666392803,0.507351279258728,0.6479835510253906,-0.015738844871520996,0.6412932276725769,0.6499966382980347,0.6485649347305298,0.6425186395645142
2123,16,0.12096966058015823,194,0.966598608664104,0.7067424323823717,0.03049534559249878,0.05478036403656006,0.031408607959747314,0.038014352321624756,0.020833492279052734,0.031834959983825684
2124,18,0.10078786313533783,122,1.063919676674737,0.7334256122509638,0.7570603489875793,0.20158392190933228,0.7572829723358154,0.7561289072036743,0.7595997452735901,0.7605771422386169
2125,9,0.30571383237838745,88,1.938395341237386,0.6041922892133395,0.8874828219413757,0.34072011709213257,0.8863464593887329,0.8860685229301453,0.8869761824607849,0.8820616006851196
2126,16,0.15873798727989197,29,0.5193846151232719,0.4623291939496994,0.5193023681640625,0.2882094383239746,0.5073893666267395,0.5275423526763916,0.4890817403793335,0.5357224941253662
2127,10,0.3024539351463318,80,0.322488933801651,0.5714612156152725,0.012220978736877441,0.030868351459503174,0.008984804153442383,0.03348743915557861,0.005938708782196045,0.024492502212524414
2128,8,0.20191092789173126,156,1.3108014464378357,0.5825498849153519,0.6623105406761169,0.562035083770752,0.6787235736846924,0.6282237768173218,0.6744363307952881,0.6778379082679749
2129,6,0.29400306940078735,145,0.6218137343724569,0.4031207164128621,0.4118013381958008,0.23819458484649658,0.4057791829109192,0.41614872217178345,0.40553081035614014,0.41565102338790894
2130,19,0.1500425934791565,55,0.7822197278340658,0.5402292334116422,-0.2813464403152466,-0.0909569263458252,-0.2603389024734497,-0.19650280475616455,-0.25768160820007324,-0.21277225017547607
2131,9,0.11757280677556992,16,0.9195063437024752,0.6350199977556864,-0.15818238258361816,-0.1374739408493042,-0.15943562984466553,-0.11564052104949951,-0.15029025077819824,-0.13644790649414062
2132,17,0.17306163907051086,78,1.0797365084290504,0.5409864054785835,0.7502813339233398,0.45086902379989624,0.7303725481033325,0.7163379192352295,0.7460763454437256,0.7257429361343384
2133,7,0.15852539241313934,40,0.8143579721450805,0.5634803771972656,0.4040195941925049,0.2571374773979187,0.4035358428955078,0.37681829929351807,0.40544378757476807,0.38329076766967773
2134,16,0.12392689287662506,143,0.9247924238443375,0.6265839263796806,0.6433963775634766,0.6289385557174683,0.6430461406707764,0.6473634243011475,0.6440184712409973,0.6427894830703735
2135,15,0.15213027596473694,189,1.2906850477059681,0.44681580199135673,0.941710352897644,0.09030234813690186,0.9404849410057068,0.9416772127151489,0.9398778676986694,0.938633382320404
2136,9,0.1095346063375473,104,1.1407619033540999,0.6258449107408524,0.41280072927474976,0.41497278213500977,0.4160306453704834,0.40677720308303833,0.41450899839401245,0.4098327159881592
2137,15,0.19462157785892487,27,1.183774709701538,0.5653712749481201,0.23199766874313354,0.13571417331695557,0.10496348142623901,0.2591567635536194,0.10488277673721313,0.24904316663742065
2138,11,0.2177688032388687,173,1.0317872278392315,0.7890304561172213,0.15140044689178467,0.04340004920959473,0.14876306056976318,0.14284467697143555,0.14793866872787476,0.13796138763427734
2139,5,0.1595112681388855,95,1.1235945026079814,0.7059133052825928,0.10747402906417847,0.14031434059143066,0.10305207967758179,0.07730412483215332,0.08728641271591187,0.09912943840026855
2140,17,0.10706504434347153,97,1.2060157731175423,0.632363983326488,0.9161652326583862,0.7853484749794006,0.9200814962387085,0.9226765036582947,0.9197705984115601,0.9183016419410706
2141,17,0.14164067804813385,42,0.6965443715453148,0.7568769156932831,0.22910869121551514,0.04702913761138916,0.298846960067749,0.2381080985069275,0.2897285223007202,0.2668452858924866
2142,3,0.3531894385814667,163,1.3495383858680725,0.37179553508758545,0.4639543890953064,0.4669955372810364,0.46444904804229736,0.4633907079696655,0.46569669246673584,0.4664503335952759
2143,24,0.10450898855924606,34,1.200250466664632,0.5605328927437464,0.22216469049453735,0.000858604907989502,0.23304754495620728,0.2761468291282654,0.24908685684204102,0.27312666177749634
2144,3,0.1422547698020935,73,1.2449563443660736,0.21321946382522583,0.9444140195846558,0.9158807396888733,0.9442368149757385,0.9442916512489319,0.9442652463912964,0.9440669417381287
2145,9,0.30622464418411255,71,0.7287008881568908,0.5800978466868401,0.6451090574264526,0.1940850019454956,0.6432230472564697,0.6431075930595398,0.6540356874465942,0.6386496424674988
2146,15,0.23809415102005005,178,0.8634893000125885,0.6747052398594943,0.608497142791748,0.5903561115264893,0.6108191013336182,0.6054480075836182,0.6145926713943481,0.6076003313064575
2147,10,0.2338835597038269,33,0.7291318972905477,0.6767223839248929,0.42573028802871704,-0.07204532623291016,0.42428338527679443,0.42096829414367676,0.4291585683822632,0.42875421047210693
2148,12,0.20945122838020325,164,1.092247833808263,0.47200484077135724,0.8743731379508972,0.742347240447998,0.8714974522590637,0.8704988360404968,0.8661577701568604,0.8696364164352417
2149,6,0.16613437235355377,77,0.5363419204950333,0.8409978747367859,-0.01570606231689453,-0.031213998794555664,-0.01428842544555664,-0.024344205856323242,-0.013238310813903809,-0.027634024620056152
2150,9,0.21755053102970123,138,1.1282361894845963,0.41932492330670357,0.899535596370697,0.6438091993331909,0.8962558507919312,0.8907497525215149,0.8987449407577515,0.8952507376670837
2151,8,0.20807349681854248,32,1.2171906630198162,0.6456987977027893,0.7951488494873047,0.2885962724685669,0.7921016812324524,0.7907717227935791,0.7903932332992554,0.7931784987449646
2152,7,0.16664330661296844,6,0.8057588338851929,0.34374268849690753,0.044726788997650146,-0.04122114181518555,0.017139971256256104,0.05465441942214966,0.043934524059295654,0.04821282625198364
2153,6,0.10732632130384445,113,0.9114485780398051,0.37435858448346454,0.015285670757293701,0.007091701030731201,0.015604257583618164,0.03987377882003784,0.02265632152557373,0.03621065616607666
2154,11,0.1493532508611679,193,1.1550637245178224,0.42213928202788037,0.3083232045173645,0.266535222530365,0.30677568912506104,0.30494850873947144,0.30744749307632446,0.3085370659828186
2155,14,0.13454791903495789,8,1.353935773173968,0.831639289855957,-0.10037028789520264,-0.3026682138442993,-0.11553001403808594,-0.1532667875289917,-0.09653306007385254,-0.11139154434204102
2156,4,0.304444283246994,114,1.4445571303367615,0.48986300826072693,0.2879945635795593,0.009390652179718018,0.2645606994628906,0.2626887559890747,0.2347162961959839,0.28422343730926514
2157,3,0.20960183441638947,131,0.6863681077957153,0.994709849357605,0.08447939157485962,0.012464761734008789,0.0832262635231018,0.07474589347839355,0.07988965511322021,0.07209277153015137
2158,6,0.3049062192440033,148,1.6819378435611725,1.3405430018901825,0.2780609130859375,0.27653712034225464,0.2741057276725769,0.2760840058326721,0.2710948586463928,0.2776358127593994
2159,5,0.2920416593551636,44,1.0697308580080669,0.48797252774238586,0.3446570038795471,0.13441598415374756,0.34884440898895264,0.3466169238090515,0.34804344177246094,0.34143251180648804
2160,14,0.13268586993217468,38,1.4886870086193085,0.52857849560678,-0.002068042755126953,-0.060646891593933105,-0.0012868642807006836,0.007512986660003662,-0.009270191192626953,0.013364076614379883
2161,11,0.2431626170873642,113,0.8019695480664571,0.47625886276364326,0.35410189628601074,0.14913952350616455,0.36929643154144287,0.3672639727592468,0.3624460697174072,0.3575667142868042
2162,6,0.11412443220615387,170,0.3466557761033376,0.614969809850057,0.004322826862335205,-0.0006085634231567383,0.000904381275177002,-0.0024416446685791016,0.003912866115570068,-0.0004857778549194336
2163,16,0.1723896861076355,25,1.1397855920451028,0.49634283118777806,0.026478171348571777,-0.018625617027282715,0.003627955913543701,0.02908182144165039,-0.009425997734069824,-0.008359909057617188
2164,17,0.1722484827041626,184,1.0900569756825764,0.5978286930105903,0.8026172518730164,0.5279703140258789,0.8049635887145996,0.7994772791862488,0.801965594291687,0.8041714429855347
2165,4,0.15785372257232666,66,0.594282458225886,0.2101924866437912,0.0890190601348877,0.14102470874786377,0.08044582605361938,0.07281750440597534,0.08251070976257324,0.0810474157333374
2166,15,0.14208278059959412,115,0.6652769446372986,0.7328462339937687,0.10433769226074219,0.05836278200149536,0.1306256651878357,0.09795182943344116,0.12453722953796387,0.10813981294631958
2167,5,0.30121874809265137,18,0.7690380613009135,0.5558651387691498,0.21945756673812866,0.012242376804351807,0.19609856605529785,0.2032298445701599,0.18558472394943237,0.19832009077072144
2168,6,0.20170533657073975,145,0.9357873598734537,0.47399195035298664,0.154047429561615,0.06788742542266846,0.14910727739334106,0.15100306272506714,0.15297138690948486,0.15335452556610107
2169,22,0.14082637429237366,45,1.8677594761053722,0.5802528662607074,0.8671927452087402,0.439095675945282,0.8698988556861877,0.8721304535865784,0.8693895936012268,0.8748191595077515
2170,10,0.3343741297721863,87,0.9812598824501038,0.5857681756218275,0.4045237898826599,0.05638235807418823,0.4017142057418823,0.4098294973373413,0.41210150718688965,0.4148181080818176
2171,8,0.23972143232822418,10,0.8403758804003397,0.6647864401340484,-0.05638241767883301,-0.078238844871521,-0.05059647560119629,-0.15930140018463135,-0.06264424324035645,-0.09766733646392822
2172,7,0.20003069937229156,16,1.4448726624250412,0.6291859745979309,-0.009186267852783203,-0.00305020809173584,-0.01628899574279785,-0.008249878883361816,-0.015819311141967773,-0.010726571083068848
2173,9,0.18080952763557434,102,0.6976802423596382,0.8806100964546204,0.00528329610824585,0.05942028760910034,0.025984883308410645,0.035635948181152344,0.022323906421661377,0.03524512052536011
2174,18,0.15038840472698212,22,1.2713641424973805,0.6353998507062594,-0.014493584632873535,-0.0002276897430419922,-0.03010237216949463,0.1251242756843567,-0.03700065612792969,0.15265214443206787
2175,8,0.13990753889083862,77,1.3211765090624492,1.0290524661540985,-0.049004197120666504,0.0015758275985717773,-0.03729963302612305,-0.07222151756286621,-0.044673919677734375,-0.08531200885772705
2176,4,0.16411292552947998,186,1.2352039217948914,0.8752627074718475,0.2198076844215393,-0.003835320472717285,0.2260083556175232,0.24064123630523682,0.21297204494476318,0.2341609001159668
2177,12,0.22311191260814667,55,1.2148992538452148,0.6200656081948962,0.07485717535018921,0.13421452045440674,0.07871931791305542,0.14471328258514404,0.09247195720672607,0.16665977239608765
2178,5,0.2605513036251068,55,0.6030465662479401,0.8991369704405466,-0.004132390022277832,-0.00510406494140625,0.00048351287841796875,-0.020757555961608887,0.0028513669967651367,-0.018532514572143555
2179,10,0.15114988386631012,101,0.4669332802295685,0.5387860089540482,0.012618303298950195,0.0022369027137756348,0.010861754417419434,0.007038295269012451,0.011581182479858398,0.00942462682723999
2180,5,0.24899731576442719,196,1.2994675561785698,0.45597922801971436,0.8008440732955933,0.4436393976211548,0.8017719984054565,0.8005593419075012,0.800123929977417,0.7999621629714966
2181,8,0.24825499951839447,47,1.8422314325968425,0.39665083289146424,0.5869871377944946,0.6147405505180359,0.6078227758407593,0.6096124649047852,0.6026943325996399,0.6115613579750061
2182,9,0.2420671135187149,166,0.5175330738226572,0.7243570784727732,0.015332221984863281,-0.0021833181381225586,0.013633966445922852,-0.005431175231933594,0.01681661605834961,-0.00350797176361084
2183,11,0.22393105924129486,22,1.368541494011879,0.40977866309029715,0.655793309211731,0.07422405481338501,0.6604329347610474,0.6471298933029175,0.6602991819381714,0.666519284248352
2184,3,0.17133766412734985,18,1.7415911257266998,0.9548423886299133,-0.10850214958190918,-0.09363198280334473,-0.10095107555389404,-0.10809659957885742,-0.10275530815124512,-0.09809005260467529
2185,12,0.1797606498003006,180,0.8424341802795728,0.4526477704445521,0.18423020839691162,0.1771247386932373,0.191026508808136,0.14538270235061646,0.19087201356887817,0.15293967723846436
2186,12,0.15680396556854248,160,0.31230679154396057,0.48823983818292616,0.028501510620117188,-0.004814624786376953,0.01497197151184082,0.0342944860458374,0.03647744655609131,0.03147470951080322
2187,8,0.2530253827571869,113,1.2238173633813858,0.943801760673523,0.22399914264678955,0.20516353845596313,0.1822146773338318,0.1955973505973816,0.19634348154067993,0.19351303577423096
2188,15,0.15860524773597717,41,0.5716931112110615,0.32233235452856335,0.23439913988113403,-0.006140708923339844,0.23963767290115356,0.251681387424469,0.2298305630683899,0.2292400598526001
2189,7,0.21998919546604156,72,0.8406720161437988,0.2831658869981766,0.6591557264328003,0.1761508584022522,0.6637064218521118,0.6664180755615234,0.664114236831665,0.6626001596450806
2190,6,0.2461068034172058,153,0.8911732733249664,0.454844418913126,0.30456995964050293,0.324603796005249,0.30268388986587524,0.3080134987831116,0.29500389099121094,0.3085254430770874
2191,18,0.1019236370921135,162,0.7416568771004677,0.5891500324010849,0.009505927562713623,0.0009316205978393555,0.009160637855529785,0.0008969306945800781,0.00709766149520874,0.008273780345916748
2192,9,0.18975409865379333,107,1.6236099203427632,0.6679579218228658,0.21527481079101562,-0.007035493850708008,0.22177737951278687,0.2144833207130432,0.20620685815811157,0.2079622745513916
2193,21,0.15423651039600372,15,1.5737669865290325,0.49481307632393307,-0.08116495609283447,-0.1381824016571045,-0.056403517723083496,-0.0773465633392334,-0.05858814716339111,-0.09879553318023682
2194,5,0.3729337453842163,170,0.8267544209957123,0.23173201084136963,-0.02967655658721924,-0.02094268798828125,-0.03344917297363281,-0.03950202465057373,-0.023972749710083008,-0.030353069305419922
2195,4,0.23272016644477844,39,1.8355057537555695,0.687316045165062,0.4000852704048157,0.36337536573410034,0.40556734800338745,0.3977282643318176,0.3961275815963745,0.3917757272720337
2196,19,0.11623077839612961,174,0.9003787413239479,0.45717335244019824,0.6923621296882629,0.3655409812927246,0.6996178030967712,0.6956419944763184,0.6863586902618408,0.7059938907623291
2197,14,0.11261625587940216,32,0.9145151302218437,0.6032913595438003,-0.04119455814361572,-0.03238487243652344,-0.037082672119140625,-0.02099132537841797,-0.041443705558776855,-0.02091038227081299
2198,4,0.17068606615066528,36,1.4644391139348347,0.2691718339920044,0.9271281957626343,0.7409876585006714,0.9272043704986572,0.9279909133911133,0.9266279339790344,0.9261122941970825
2199,7,0.25443410873413086,167,0.622597798705101,0.9791136682033539,0.00033020973205566406,0.013762831687927246,0.005143344402313232,0.02320694923400879,0.00705718994140625,0.023881912231445312
2200,8,0.14473623037338257,108,0.9841781482100487,0.4581122621893883,0.008494675159454346,-0.0013636350631713867,0.013296186923980713,0.0039643049240112305,0.01496797800064087,0.009946942329406738
2201,4,0.2709891200065613,113,0.6593210101127625,0.4695155123869578,-0.06611263751983643,-0.025878429412841797,-0.01587212085723877,-0.04901158809661865,-0.03910517692565918,-0.04476189613342285
2202,6,0.2047322392463684,76,2.5989108085632324,0.2994019776582718,0.9334017038345337,0.9045161008834839,0.9334906339645386,0.9288557767868042,0.93317049741745,0.9313274621963501
2203,10,0.12031830847263336,149,1.0440017978350322,0.4425729385444096,0.10568410158157349,0.02639108896255493,0.09231501817703247,0.12811410427093506,0.10029661655426025,0.1162710189819336
2204,12,0.19911575317382812,92,0.8506814688444138,0.7995295141424451,0.3077628016471863,0.3287935256958008,0.30986273288726807,0.30900758504867554,0.3126726746559143,0.3164205551147461
2205,4,0.23161651194095612,21,0.8610344231128693,0.6075305342674255,-0.022140860557556152,-0.02361142635345459,-0.015650391578674316,-0.016135811805725098,-0.01508033275604248,-0.011932134628295898
2206,8,0.13217861950397491,72,0.9929756559431553,0.6793316751718521,0.33116036653518677,0.07265353202819824,0.3388657569885254,0.3061898946762085,0.3306120038032532,0.30969852209091187
2207,18,0.1487310528755188,34,1.164550747190203,0.6325123066251929,0.6757494807243347,0.3613114356994629,0.6968284845352173,0.6705378293991089,0.673922061920166,0.6956673860549927
2208,11,0.10600049048662186,162,0.9203021042048931,0.37437833348910016,0.3598331809043884,0.091866135597229,0.36182892322540283,0.34602123498916626,0.3562251925468445,0.348980188369751
2209,16,0.2520690858364105,179,0.9276865124702454,0.5234552451542446,0.7090504765510559,0.6604733467102051,0.7088217735290527,0.7080039978027344,0.7087187767028809,0.7083467245101929
2210,3,0.3010282516479492,44,0.44698959589004517,0.3386959135532379,-0.009644269943237305,-0.010923027992248535,-0.008484363555908203,-0.008835315704345703,-0.008733868598937988,-0.009230732917785645
2211,3,0.14470204710960388,121,0.9395445585250854,0.6139557361602783,0.25626951456069946,0.24540573358535767,0.2574947476387024,0.25218647718429565,0.2526032328605652,0.250333309173584
2212,6,0.17764140665531158,122,1.3189780831336975,0.3997405171394348,-0.0022124052047729492,-0.006481289863586426,0.0003267526626586914,0.006477534770965576,0.0025095343589782715,0.009013473987579346
2213,20,0.1816340684890747,44,1.2212792873382567,0.7029194702704747,0.4299355149269104,0.410183310508728,0.44643497467041016,0.4470762014389038,0.44238531589508057,0.445190966129303
2214,6,0.16967608034610748,48,0.8773817121982574,0.42426952719688416,0.0754314661026001,0.01112973690032959,0.08515274524688721,0.09880179166793823,0.07195711135864258,0.07400929927825928
2215,11,0.11567764729261398,51,1.1081850404540698,0.6275134980678558,0.7710918188095093,0.6545614004135132,0.771514892578125,0.7698626518249512,0.7777223587036133,0.7657245397567749
2216,10,0.10129155218601227,60,0.8727635315486363,0.6286804924408594,0.846918523311615,0.7669236660003662,0.8458377122879028,0.8490085005760193,0.8460893630981445,0.8483955264091492
2217,3,0.3124189078807831,176,0.47364550828933716,0.8455702364444733,-0.010383367538452148,-0.0019050836563110352,-0.006274223327636719,-0.011676669120788574,-0.008379220962524414,-0.010688424110412598
2218,12,0.11117701232433319,155,1.4346242845058441,0.4581546373665333,0.8103163838386536,0.7925930023193359,0.8141512274742126,0.8101195096969604,0.8125050067901611,0.8216331601142883
2219,8,0.2651975452899933,130,0.5951412320137024,0.45427583158016205,0.7888959646224976,0.44302433729171753,0.7888929843902588,0.7832882404327393,0.7890879511833191,0.7864174842834473
2220,11,0.2641645073890686,59,0.535448948542277,0.44131261482834816,-0.0225142240524292,-0.022463083267211914,-0.022166967391967773,-0.026813030242919922,-0.018688082695007324,-0.026459693908691406
2221,8,0.12807466089725494,7,2.5605976978937783,0.4627546727657318,-0.05895709991455078,-0.01413273811340332,-0.12329709529876709,-0.021807432174682617,-0.08938908576965332,-0.024246931076049805
2222,7,0.19840578734874725,41,1.28952294588089,0.8345380425453186,0.28813332319259644,0.2379293441772461,0.2886415719985962,0.2886282801628113,0.2901807427406311,0.2921028137207031
2223,25,0.1050335019826889,133,0.6399936179320017,0.6006255894899368,0.030879855155944824,0.09076344966888428,0.024332165718078613,0.03711545467376709,0.022757649421691895,0.024280250072479248
2224,6,0.16142340004444122,78,1.3747993946075439,0.6272064447402954,-0.004003763198852539,0.016920268535614014,-0.006592154502868652,0.015105843544006348,-0.00559234619140625,0.010476887226104736
2225,17,0.15829242765903473,186,1.3394202242294948,0.5190918540412729,0.5612642168998718,0.21623820066452026,0.44422316551208496,0.5219457745552063,0.40076279640197754,0.4074881672859192
2226,25,0.11642616987228394,191,1.0049561150372028,0.4690331571242389,0.041963815689086914,-0.03218221664428711,0.022295892238616943,-0.005753874778747559,0.021679818630218506,0.03536021709442139
2227,5,0.12692636251449585,104,1.245403803884983,0.6418370008468628,0.006945669651031494,0.003268599510192871,0.006024301052093506,0.003829658031463623,0.006350159645080566,0.004190325736999512
2228,4,0.2857955992221832,182,0.39512983957926434,0.7296097278594971,0.0733293890953064,0.03446310758590698,0.07065010070800781,0.06919687986373901,0.07758241891860962,0.07455915212631226
2229,24,0.14300018548965454,85,1.7133983224630356,0.5272169902920723,0.2548660635948181,-0.016231298446655273,0.2679988741874695,0.024654030799865723,0.2461702823638916,0.042449235916137695
2230,15,0.19474118947982788,41,1.5717438578605651,0.5212803974747657,0.931471049785614,0.9101626873016357,0.9348123669624329,0.934485912322998,0.932765781879425,0.9350333213806152
2231,3,0.310497522354126,65,3.0946476459503174,0.5983935594558716,0.8039736747741699,0.8035004734992981,0.799128532409668,0.8180150985717773,0.8110334277153015,0.8171056509017944
2232,14,0.20851834118366241,196,1.5684187809626262,0.7161366722800515,0.7395153045654297,-0.08430612087249756,0.7499984502792358,0.7135924100875854,0.7339785099029541,0.6421102285385132
2233,10,0.2380751371383667,47,1.790209968884786,0.36573085614613127,0.31433314085006714,0.11884123086929321,0.3123477101325989,0.3097066283226013,0.3118966221809387,0.3128402829170227
2234,6,0.32893720269203186,189,0.45359809398651124,1.1754637956619263,0.09716689586639404,0.04887402057647705,0.09920716285705566,0.0942276120185852,0.10293495655059814,0.09195858240127563
2235,21,0.11344075202941895,148,1.2758741050958633,0.5618917806582018,0.2503785490989685,0.2166869044303894,0.23625314235687256,0.262040913105011,0.24430209398269653,0.2645418643951416
2236,19,0.1369636505842209,150,0.71839664503932,0.4306154196912592,0.4373313784599304,0.1197509765625,0.44146275520324707,0.42711347341537476,0.4381650686264038,0.44623106718063354
2237,10,0.293730229139328,70,1.0542574723561604,0.459542806659426,0.4673137664794922,0.46762561798095703,0.4804876446723938,0.4675869345664978,0.47127974033355713,0.4642142653465271
2238,8,0.2380162477493286,151,1.157361666361491,0.6517061531543732,0.07909923791885376,0.028668582439422607,0.07909631729125977,0.06839454174041748,0.08084285259246826,0.07997149229049683
2239,14,0.14257033169269562,134,0.8530429840087891,0.5682135605149798,0.7515783905982971,0.31944024562835693,0.7550170421600342,0.7561554908752441,0.7502956986427307,0.752228856086731
2240,8,0.18458139896392822,134,0.9295525997877121,0.3182615414261818,0.869316816329956,0.5745583176612854,0.8682652115821838,0.8677847385406494,0.8613338470458984,0.8707917928695679
2241,13,0.10093801468610764,185,0.6919699758291245,0.5281911373138428,0.8751213550567627,0.8642164468765259,0.8763917088508606,0.8774648904800415,0.8769935965538025,0.8760344982147217
2242,10,0.14028464257717133,82,0.972334697842598,0.6343395908673605,0.3340260982513428,0.14117509126663208,0.3320354223251343,0.3435212969779968,0.31998878717422485,0.33436405658721924
2243,17,0.15536151826381683,122,0.808705472946167,0.5446768204371134,-0.013013362884521484,-6.0677528381347656e-05,-0.012320876121520996,-0.013883829116821289,-0.005142331123352051,-0.01080477237701416
2244,7,0.10204076021909714,39,0.5679881900548935,0.9669288694858551,0.14537262916564941,-0.000911712646484375,0.14380133152008057,0.1515548825263977,0.17066264152526855,0.15060341358184814
2245,14,0.2437743842601776,92,0.37498335540294647,0.5661025507883592,0.5836575031280518,0.5416908264160156,0.5850298404693604,0.5745038986206055,0.5746914148330688,0.5778178572654724
2246,12,0.1204371526837349,123,0.972151001294454,0.6023972382148107,0.024158060550689697,0.06054598093032837,0.039828479290008545,0.0320548415184021,0.03265756368637085,0.02781003713607788
2247,12,0.22152310609817505,115,0.5733118534088135,0.5504628866910934,0.07703495025634766,0.0699993371963501,0.08641374111175537,0.07612282037734985,0.0815591812133789,0.07693547010421753
2248,10,0.21294806897640228,169,0.8222724199295044,0.7939232587814331,0.38640356063842773,0.3803032636642456,0.38992977142333984,0.392936646938324,0.39198291301727295,0.3817386031150818
2249,5,0.3484545350074768,169,2.4842218160629272,0.6551297903060913,0.599624514579773,0.09945666790008545,0.6058138608932495,0.6079416871070862,0.5988153219223022,0.6022903919219971
2250,12,0.11738204210996628,95,1.0583927035331726,0.4873241074383259,-0.007704257965087891,0.012858688831329346,0.002608001232147217,0.04027819633483887,0.006289064884185791,0.029822170734405518
2251,12,0.13577154278755188,186,0.8613639175891876,0.6707817382282681,0.7652842402458191,0.07787102460861206,0.7670577764511108,0.7655355930328369,0.7677154541015625,0.7665714621543884
2252,19,0.1282290518283844,150,0.7831476628780365,0.5551306740804152,0.12269920110702515,0.04015594720840454,0.12868577241897583,0.11874610185623169,0.13648974895477295,0.12095123529434204
2253,3,0.33406755328178406,45,2.3772770166397095,0.557379424571991,0.5615136027336121,0.08553051948547363,0.5720289945602417,0.5703471899032593,0.5719472169876099,0.5718499422073364
2254,17,0.10814877599477768,91,0.819808691740036,0.5576645284891129,0.6181540489196777,0.006873369216918945,0.6105883121490479,0.5501012802124023,0.6115716695785522,0.5732247829437256
2255,5,0.34259942173957825,189,1.200569172700246,0.9273211658000946,-0.024524688720703125,-0.013615250587463379,-0.021853208541870117,-0.0029647350311279297,-0.019927144050598145,-0.009409308433532715
2256,12,0.24571269750595093,42,0.5783112421631813,0.5425225906074047,0.2587013840675354,0.24844753742218018,0.23972129821777344,0.2629891037940979,0.23910444974899292,0.2436109185218811
2257,13,0.10177905112504959,169,1.0659327149391173,0.5404840335249901,0.29658031463623047,0.11078810691833496,0.30024105310440063,0.3046519160270691,0.3027437925338745,0.31262123584747314
2258,4,0.18474715948104858,199,0.32758568227291107,0.561200425028801,0.0015282034873962402,0.0027813315391540527,0.0012788176536560059,0.004298686981201172,-1.6927719116210938e-05,0.0012139081954956055
2259,11,0.22147932648658752,200,1.1937947273254395,0.6400627736002207,0.9647766947746277,0.2415851354598999,0.9577971696853638,0.9557030200958252,0.9563633799552917,0.952243983745575
2260,3,0.33320531249046326,37,0.7276084125041962,0.7071040272712708,0.028963446617126465,0.0214729905128479,0.024135172367095947,0.03524196147918701,0.024721264839172363,0.03862154483795166
2261,8,0.10327918082475662,161,1.157086859146754,0.798530749976635,0.828711986541748,0.7824483513832092,0.8195010423660278,0.8287961483001709,0.8256406188011169,0.8338881731033325
2262,12,0.2920764088630676,145,2.3245445489883423,0.4567146673798561,0.6863528490066528,0.7061337828636169,0.6851046681404114,0.7039800882339478,0.6783164739608765,0.7119936943054199
2263,24,0.10799870640039444,130,0.9059577584266663,0.582280507213191,0.788154125213623,0.30510467290878296,0.7632108926773071,0.7848796248435974,0.7631324529647827,0.7803057432174683
2264,18,0.15932652354240417,166,1.124315361181895,0.5202991962432861,0.24666893482208252,0.08630961179733276,0.25298601388931274,0.2407550811767578,0.2491355538368225,0.24228841066360474
2265,14,0.10149256139993668,104,1.0363456457853317,0.36913881947596866,-0.027473807334899902,-0.022716045379638672,-0.022838711738586426,-0.0240323543548584,-0.02221536636352539,-0.023218870162963867
2266,24,0.10826171934604645,131,0.8804868928023747,0.6608259669121574,0.8113715052604675,0.796448290348053,0.8166719675064087,0.8055281639099121,0.8099472522735596,0.8072117567062378
2267,19,0.13655588030815125,161,0.9646660685539246,0.651678121338288,0.9191506505012512,0.2355358600616455,0.9206725358963013,0.9210332632064819,0.9183366894721985,0.916574239730835
2268,9,0.12986278533935547,39,1.1390146017074585,0.5259792606035868,0.7145897150039673,-0.08697271347045898,0.7279072999954224,0.7890360951423645,0.7110554575920105,0.7895609140396118
2269,15,0.10196813941001892,85,1.4053330644965172,0.4040072134562901,0.4276261329650879,0.021389245986938477,0.43499165773391724,0.4384675621986389,0.435100793838501,0.43719804286956787
2270,6,0.35394060611724854,12,0.8050704002380371,0.4200326204299927,0.009527266025543213,0.0093156099319458,0.011546134948730469,0.0021576285362243652,0.007933557033538818,-0.00027060508728027344
2271,10,0.11865311861038208,12,1.0253301560878754,0.8944514453411102,0.003223896026611328,-0.02199399471282959,0.004161417484283447,0.0023756027221679688,0.006519734859466553,-0.008134245872497559
2272,7,0.30625438690185547,71,1.5608037114143372,0.38048569560050965,0.8583441376686096,0.47877758741378784,0.8563870191574097,0.8550944328308105,0.856907308101654,0.8541392683982849
2273,12,0.10002519935369492,158,1.040611520409584,0.48519475385546684,0.7380075454711914,0.3043336272239685,0.7411187887191772,0.730572521686554,0.733485221862793,0.7343555688858032
2274,7,0.19427955150604248,5,0.921465590596199,0.5545325974623362,0.02782726287841797,-0.03234255313873291,0.023434162139892578,0.0019835233688354492,-0.00408935546875,0.01076507568359375
2275,6,0.220635324716568,141,2.0478052894274392,0.3570065995057424,0.6940858960151672,0.6141945719718933,0.6971544027328491,0.696353554725647,0.6978906393051147,0.7026505470275879
2276,6,0.22924044728279114,123,1.2995260208845139,0.28818248212337494,0.16150552034378052,0.07905381917953491,0.16980260610580444,0.16558855772018433,0.17853456735610962,0.17440515756607056
2277,9,0.2982931435108185,7,1.0192960143089294,0.9102572165429592,0.032833755016326904,0.11879956722259521,0.0455092191696167,0.027800023555755615,0.04823315143585205,0.21627354621887207
2278,14,0.11287909746170044,193,1.051039570569992,0.7305175595813327,-0.0027222633361816406,-0.025752902030944824,0.0124894380569458,-0.028069257736206055,-0.022558212280273438,-0.014737486839294434
2279,5,0.3620823621749878,3,0.9421256482601166,0.7165530025959015,-0.8623430728912354,-0.6057506799697876,-0.7809395790100098,-0.7507145404815674,-0.7283973693847656,-0.9200339317321777
2280,20,0.14214864373207092,188,0.8381866117318472,0.7930865351642881,0.8372489213943481,0.2084054946899414,0.500927746295929,0.5369278788566589,0.5542808771133423,0.7011246681213379
2281,20,0.15587706863880157,67,0.7593246400356293,0.5243599638342857,0.8483567237854004,0.5417752861976624,0.8483133316040039,0.852170467376709,0.8491983413696289,0.8513350486755371
2282,8,0.37042179703712463,126,0.23034843802452087,0.5102282954113824,-0.019940495491027832,-0.01471257209777832,-0.036092400550842285,-0.036366820335388184,-0.039548635482788086,-0.041454195976257324
2283,10,0.13323049247264862,154,0.6406094461679459,0.45368701219558716,0.10328817367553711,0.009353280067443848,0.11125552654266357,0.11534541845321655,0.09470266103744507,0.11568301916122437
2284,11,0.15880073606967926,133,0.9711343288421631,0.5279250293970108,-0.00037539005279541016,-0.011710762977600098,-0.0006345510482788086,-0.00028502941131591797,-0.0015163421630859375,0.0015025138854980469
2285,9,0.36871662735939026,36,0.5803934633731842,0.4418287068605423,-0.03230249881744385,0.006609737873077393,-0.0723487138748169,-0.008067011833190918,-0.05522274971008301,-0.04183006286621094
2286,8,0.2999964952468872,200,0.5389407426118851,0.7823883990446726,0.5734806060791016,0.4235181212425232,0.5705798864364624,0.53155517578125,0.5696983337402344,0.5586673021316528
2287,6,0.33115875720977783,200,1.2381860613822937,0.7469623684883118,0.0965871810913086,0.1341114044189453,0.08792227506637573,0.10234594345092773,0.09273427724838257,0.09097486734390259
2288,16,0.17524555325508118,161,0.724017345905304,0.5563326830213721,0.1953449845314026,0.04946541786193848,0.23253440856933594,0.26454460620880127,0.21276724338531494,0.2615494132041931
2289,21,0.11259104311466217,79,1.0151678108506732,0.6079454955955347,0.2596840262413025,0.21592050790786743,0.24778401851654053,0.24036675691604614,0.25423485040664673,0.24018937349319458
2290,7,0.1349545270204544,151,1.4223712235689163,0.6273937523365021,0.6108202934265137,0.6133684515953064,0.6107834577560425,0.611203670501709,0.6093026399612427,0.6065678596496582
2291,7,0.20913441479206085,200,1.5033031304677327,0.8341628611087799,0.4567604660987854,-0.1499032974243164,0.4495951533317566,0.44963133335113525,0.4529804587364197,0.447582483291626
2292,9,0.3461873531341553,53,1.7963554859161377,0.7030677029064724,-0.08499538898468018,-0.058362722396850586,-0.056955575942993164,-0.06994545459747314,-0.04247486591339111,-0.05390596389770508
2293,13,0.13850916922092438,36,1.0550167659918468,0.7317602762154171,0.9057013988494873,0.08076232671737671,0.9064924716949463,0.9068887233734131,0.9062876105308533,0.9065471887588501
2294,9,0.3083272874355316,132,0.8486869409680367,0.7100052876131875,0.7127155065536499,0.6696843504905701,0.7120205163955688,0.7093042135238647,0.714104413986206,0.7026846408843994
2295,9,0.3408701419830322,51,0.49590766429901123,0.6850394140928984,-0.07632732391357422,0.10629671812057495,0.048071980476379395,-0.04912102222442627,0.010668933391571045,-0.03239595890045166
2296,16,0.10357987880706787,49,0.4858252704143524,0.6710193671963431,0.010647773742675781,-0.01721489429473877,-0.014153003692626953,0.04596811532974243,-0.012572884559631348,0.04177147150039673
2297,6,0.18021298944950104,148,1.0930268049240113,0.8265218734741211,0.01984924077987671,0.013268887996673584,0.023745179176330566,0.0072591304779052734,0.01790982484817505,0.012231409549713135
2298,4,0.2728344798088074,117,0.5813252379496893,0.632888674736023,0.045834481716156006,0.056727588176727295,0.040699660778045654,0.03543686866760254,0.04760688543319702,0.04529529809951782
2299,15,0.1523282676935196,150,0.34017376601696014,0.5544366859472715,0.10569262504577637,0.11572664976119995,0.09526771306991577,0.10981589555740356,0.09716039896011353,0.11146563291549683
2300,9,0.10662692040205002,114,1.0930005088448524,0.5173356771469116,0.2468692660331726,0.2642005681991577,0.255071222782135,0.2617325186729431,0.2583867311477661,0.26322126388549805
2301,12,0.13254497945308685,3,1.5076837738355,0.6402720411618551,-0.161820650100708,-0.12569332122802734,-0.203369140625,-0.8561254739761353,-0.10059893131256104,-0.9562275409698486
2302,20,0.1262301802635193,47,1.1018914620984683,0.8412068718009524,-0.011429667472839355,-0.0005991458892822266,0.0006601214408874512,0.00405573844909668,-0.001752018928527832,0.011987566947937012
2303,23,0.14027991890907288,160,1.0097326106495328,0.6106211947543281,0.3767186403274536,-0.011958956718444824,0.32131028175354004,0.3390026092529297,0.3210321068763733,0.2853972315788269
2304,3,0.33478474617004395,129,1.5799443125724792,0.5976019501686096,0.4556758403778076,0.4172241687774658,0.4601616859436035,0.4614671468734741,0.4587223529815674,0.45231854915618896
2305,11,0.19094637036323547,89,0.5297717452049255,0.6506399393081665,0.6106114387512207,0.17413395643234253,0.5998094081878662,0.5942497253417969,0.6150645017623901,0.5929670333862305
2306,10,0.1666228324174881,21,0.8390721380710602,0.2674627999464671,-0.33307933807373047,-0.02137458324432373,-0.3551987409591675,-0.193681001663208,-0.2793620824813843,-0.1999131441116333
2307,11,0.2517660856246948,128,0.6400450070699056,0.5561815854161978,0.558757483959198,0.3695976138114929,0.5659000873565674,0.5714374780654907,0.5619611740112305,0.5597999691963196
2308,5,0.17795780301094055,37,0.8730178674062093,0.3278396874666214,0.6549938321113586,0.5823348760604858,0.6488302946090698,0.645909309387207,0.6434460878372192,0.6599936485290527
2309,17,0.23011846840381622,153,0.8765009224414826,0.48455384001135826,0.5197646617889404,0.025855302810668945,0.5181697010993958,0.5369634628295898,0.5354304909706116,0.524437427520752
2310,16,0.11705190688371658,32,1.3805579904999052,0.5306306266122394,0.9483158588409424,0.9450348019599915,0.9480339288711548,0.9450320601463318,0.9477385878562927,0.9481040239334106
2311,5,0.16816863417625427,40,0.5513658672571182,0.4987889925638835,0.17618244886398315,0.18236970901489258,0.16892677545547485,0.1762349009513855,0.1698073148727417,0.1734938621520996
2312,9,0.10120154172182083,80,2.0423688689867654,0.6478018661340078,0.3418976664543152,0.3536083698272705,0.3376616835594177,0.3296576738357544,0.32888340950012207,0.33680814504623413
2313,6,0.26719748973846436,154,0.7186439335346222,1.2044858932495117,-0.018699169158935547,0.0013638734817504883,-0.01594829559326172,-0.017796039581298828,-0.026418566703796387,-0.022961854934692383
2314,11,0.13294105231761932,116,0.7767010629177094,0.5153393000364304,0.7991556525230408,0.07263702154159546,0.7987293004989624,0.7995572090148926,0.7989919185638428,0.7964680194854736
2315,4,0.37265706062316895,45,0.8688653707504272,0.9499220848083496,0.1663411259651184,0.13499408960342407,0.14237111806869507,0.19555872678756714,0.15885895490646362,0.2069060206413269
2316,8,0.39935287833213806,185,1.0878623276948929,0.5242486819624901,-0.0343700647354126,-0.02692711353302002,-0.03170466423034668,-0.02687239646911621,-0.025142908096313477,-0.0327373743057251
2317,6,0.16562974452972412,103,0.9523126482963562,0.524507462978363,0.6068963408470154,0.04416686296463013,0.6060185432434082,0.608112096786499,0.6066092252731323,0.6092929840087891
2318,16,0.12844035029411316,80,0.8018647091729301,0.6805285943879021,0.6150714159011841,0.5415143966674805,0.6169042587280273,0.6132690906524658,0.6095514893531799,0.6032115817070007
2319,11,0.13722990453243256,76,1.2740122505596705,0.6219550594687462,0.44247597455978394,0.36933499574661255,0.4387798309326172,0.43481558561325073,0.43449950218200684,0.43166422843933105
2320,20,0.13693241775035858,131,0.8785398261887687,0.5553984206456405,0.5554205775260925,0.28934770822525024,0.5513561964035034,0.5515351295471191,0.43222159147262573,0.4718884229660034
2321,5,0.1439676284790039,138,0.9753653556108475,0.8892180919647217,-0.01450645923614502,-0.03725588321685791,-0.02031409740447998,-0.021439671516418457,-0.018613815307617188,-0.02676868438720703
2322,10,0.2957608699798584,103,1.492426057656606,0.6329989326851708,-0.0017468929290771484,-0.010010361671447754,-0.001596212387084961,-0.0036798715591430664,-0.001567244529724121,-0.006409049034118652
2323,21,0.14778251945972443,156,1.1495986104011535,0.6015438251197338,0.8411106467247009,0.2623603343963623,0.8218646049499512,0.826642632484436,0.8262494802474976,0.8062273859977722
2324,4,0.12381522357463837,117,1.1689920127391815,0.3506978899240494,0.7884316444396973,0.18591058254241943,0.7867524027824402,0.7883029580116272,0.7899287343025208,0.7869766354560852
2325,3,0.16952696442604065,69,0.34918737411499023,0.5256488472223282,0.6160550117492676,0.5290091037750244,0.6096800565719604,0.6136566400527954,0.6143172979354858,0.6158258318901062
2326,7,0.13121908903121948,156,1.0449189782142638,0.5314789712429047,0.19851469993591309,0.19701069593429565,0.2023971676826477,0.20207852125167847,0.20040464401245117,0.20004761219024658
2327,13,0.15033116936683655,58,0.8750218898057938,0.4729720540344715,-0.006303668022155762,0.009569287300109863,-0.010904312133789062,-0.006157517433166504,-0.010665297508239746,-0.011482834815979004
2328,11,0.17580834031105042,141,0.8083264264795516,0.36134132742881775,0.9368095993995667,0.8055442571640015,0.9379469156265259,0.9362218379974365,0.9374189376831055,0.9372686147689819
2329,6,0.2679850161075592,47,1.00536181529363,0.3715098748604457,0.5495409965515137,0.3597952723503113,0.5467882752418518,0.5358107686042786,0.5440100431442261,0.5368350744247437
2330,14,0.1808796226978302,101,1.3482048163811367,0.4342843107879162,0.017053842544555664,-0.0025061368942260742,0.01859050989151001,0.012782394886016846,0.020208656787872314,0.008235335350036621
2331,5,0.17729231715202332,134,0.6246829628944397,0.4522920449574788,0.12134808301925659,0.09254217147827148,0.12398451566696167,0.13266080617904663,0.12482792139053345,0.132215678691864
2332,15,0.10893241316080093,62,0.7222024450699488,0.6396101646953158,-0.09448039531707764,-0.062491536140441895,-0.0824657678604126,-0.03422403335571289,-0.08525264263153076,-0.031023859977722168
2333,10,0.12403815239667892,4,1.1085141152143478,0.6689588179190954,-0.2510591745376587,-0.17197775840759277,-0.22623157501220703,-0.26054537296295166,-0.2219247817993164,-0.22748267650604248
2334,12,0.1451171636581421,99,0.7791395237048467,0.7638564159472784,0.019959986209869385,-0.007261037826538086,0.01866966485977173,0.0299607515335083,0.025308966636657715,0.031242072582244873
2335,4,0.12204977869987488,181,1.4395358363787334,0.5852677226066589,0.5023762583732605,-0.04289984703063965,0.5019965767860413,0.5008988380432129,0.5030191540718079,0.5024350881576538
2336,9,0.22969458997249603,107,1.6353305578231812,0.5605936139822006,0.3091661334037781,0.09925812482833862,0.31796085834503174,0.31613796949386597,0.3140207529067993,0.30939698219299316
2337,13,0.13877350091934204,93,0.9463242789109548,0.45055332354136873,0.5260500907897949,0.5030462145805359,0.5185379981994629,0.516990065574646,0.5177707672119141,0.508033812046051
2338,20,0.10895116627216339,106,1.5433864891529083,0.5282032191753387,0.12310880422592163,0.12566673755645752,0.12425112724304199,0.11640465259552002,0.08798664808273315,0.11821740865707397
2339,4,0.3898300230503082,182,1.7890874147415161,0.8982512652873993,0.32677292823791504,0.2486622929573059,0.3223843574523926,0.31123870611190796,0.315374493598938,0.3144679665565491
2340,10,0.14130237698554993,65,1.0663517862558365,0.9215001414219538,-0.030392765998840332,-0.0035539865493774414,-0.03563487529754639,0.0014103055000305176,-0.029529452323913574,-0.007126569747924805
2341,10,0.12940892577171326,91,1.0546152634280068,0.31113768617312115,0.3994706869125366,0.003369748592376709,0.3991239070892334,0.4031144380569458,0.3974626660346985,0.39923936128616333
2342,9,0.11614158749580383,104,0.8935342788696289,0.9095822051167488,-0.0346987247467041,-0.03621721267700195,-0.03611409664154053,-0.03633999824523926,-0.0386347770690918,-0.03597366809844971
2343,8,0.2137795388698578,141,1.2794729073842366,0.6765249013900757,0.18513673543930054,0.055577754974365234,0.19089245796203613,0.19041717052459717,0.1863963007926941,0.20001274347305298
2344,7,0.10572860389947891,156,1.1287348568439484,0.5994540055592855,0.44700074195861816,0.03348475694656372,0.4570412039756775,0.4546785354614258,0.4586132764816284,0.45824748277664185
2345,10,0.30307793617248535,149,1.7790055871009827,0.4157145246863365,0.1039629578590393,0.030930399894714355,0.10913723707199097,0.13480257987976074,0.11617797613143921,0.13416647911071777
2346,13,0.18102990090847015,97,0.5271644269426664,0.7855626259531293,0.15578043460845947,0.004793107509613037,0.16008132696151733,0.1647108793258667,0.1614837646484375,0.16220098733901978
2347,5,0.18511302769184113,29,0.9403768330812454,0.6302436590194702,-0.014870882034301758,-0.0009428262710571289,-0.023205995559692383,-0.00884091854095459,-0.016860485076904297,-0.01885390281677246
2348,3,0.1003866195678711,184,1.9500528573989868,0.6153479442000389,0.8915568590164185,0.8740290403366089,0.8907039761543274,0.8892680406570435,0.8916037082672119,0.8928272128105164
2349,10,0.23805540800094604,160,1.0012457966804504,0.8401163220405579,0.49957478046417236,0.014561712741851807,0.5378169417381287,0.5042496919631958,0.5322968363761902,0.5071456432342529
2350,16,0.12048859149217606,25,0.8632686585187912,0.6655337810516357,0.040097832679748535,0.08719295263290405,0.05585002899169922,0.1891850233078003,0.05028426647186279,0.16192859411239624
2351,3,0.33427760004997253,119,1.3749572932720184,1.343921184539795,0.34559643268585205,0.32812780141830444,0.3462260961532593,0.3452853560447693,0.3459717035293579,0.34581661224365234
2352,4,0.1797226369380951,41,0.5138521591822306,0.36874526739120483,0.16623395681381226,0.16256004571914673,0.16786235570907593,0.1652655005455017,0.16947287321090698,0.16696661710739136
2353,8,0.21005283296108246,88,0.45205438137054443,1.2285055816173553,-0.02180802822113037,-0.0076531171798706055,-0.015340805053710938,-0.02180492877960205,-0.023574233055114746,-0.030379414558410645
2354,9,0.334188848733902,153,1.3569471538066864,0.727313580257552,0.061394453048706055,0.0419846773147583,0.06096541881561279,0.07037925720214844,0.065463125705719,0.06568509340286255
2355,18,0.10563719272613525,34,0.8133113384246826,0.5890623293817043,0.4494245648384094,0.4544268846511841,0.4690406918525696,0.46521687507629395,0.4962214231491089,0.4882287383079529
2356,7,0.2268570065498352,53,0.9663790663083395,0.5145363062620163,0.40131908655166626,0.047255516052246094,0.39820271730422974,0.3941252827644348,0.3890516757965088,0.40502864122390747
2357,24,0.1067495197057724,71,1.2208199117864882,0.5854740730103325,0.01605159044265747,0.007066965103149414,0.020377933979034424,0.012643754482269287,0.006884157657623291,0.004896402359008789
2358,6,0.26264843344688416,112,0.7626611590385437,0.4836054841677348,0.339366614818573,0.04460996389389038,0.34861230850219727,0.3495415449142456,0.3419421911239624,0.34291768074035645
2359,12,0.16957955062389374,164,0.8849963903427124,0.6863109767436981,0.009785711765289307,-0.0042841434478759766,0.007764339447021484,0.0010808110237121582,0.003998219966888428,0.005350649356842041
2360,18,0.15696337819099426,5,1.0453227683901787,0.44319513333695276,0.4444884657859802,0.13767993450164795,0.4320110082626343,0.6643222570419312,0.40981847047805786,0.6337089538574219
2361,3,0.250409871339798,181,1.8066061735153198,0.3304286003112793,0.709912896156311,0.6743504405021667,0.7109415531158447,0.7071506977081299,0.7094235420227051,0.709246039390564
2362,9,0.2467852085828781,49,0.8172586560249329,0.6402254154284795,0.3147205114364624,0.2309134602546692,0.3071649670600891,0.3325836658477783,0.28806501626968384,0.3056151866912842
2363,4,0.13095895946025848,87,1.1634969413280487,0.6577661633491516,0.04221302270889282,0.05879133939743042,0.051978349685668945,0.07571625709533691,0.0474277138710022,0.06392991542816162
2364,22,0.1351293921470642,55,0.7454154416918755,0.6346737568577131,0.7326092720031738,0.6948448419570923,0.7338032722473145,0.7380113005638123,0.7283554673194885,0.7413408160209656
2365,19,0.18196475505828857,11,1.3031303733587265,0.6586643477280935,0.6818130612373352,0.7066053152084351,0.6823959350585938,0.7034538984298706,0.6839127540588379,0.6890852451324463
2366,7,0.13963009417057037,138,1.4033190310001373,0.6854791641235352,0.6834703683853149,0.45466119050979614,0.6796684265136719,0.6807600259780884,0.6858993768692017,0.6780419945716858
2367,7,0.10635935515165329,114,0.7313403129577637,0.47136279940605164,0.43373268842697144,0.011443018913269043,0.43323665857315063,0.44356322288513184,0.4312557578086853,0.4282922148704529
2368,19,0.18795016407966614,155,1.2737828940153122,0.5996278206507365,0.06873273849487305,0.0732911229133606,0.06851762533187866,0.09627330303192139,0.05645948648452759,0.09783554077148438
2369,22,0.1498115062713623,183,0.9392547130584716,0.5560582595712998,0.887782633304596,0.7480410933494568,0.885873556137085,0.8843376636505127,0.8879477977752686,0.8857454061508179
2370,4,0.28667324781417847,186,0.6660072803497314,0.2610364655653636,0.45360755920410156,0.2503105401992798,0.45872998237609863,0.4779377579689026,0.46142715215682983,0.46402496099472046
2371,16,0.1115981712937355,158,0.6302602688471476,0.5252846309116909,0.19218111038208008,0.01680821180343628,0.19051098823547363,0.19350439310073853,0.17446720600128174,0.2094849944114685
2372,14,0.11698994040489197,100,1.087698444724083,0.5819389577955008,0.650917649269104,0.07782572507858276,0.656445324420929,0.6280208230018616,0.6584699153900146,0.6475917100906372
2373,8,0.30699601769447327,118,0.8818939030170441,0.45801669359207153,0.8761427402496338,0.6472398042678833,0.8781484365463257,0.8658673167228699,0.8778138160705566,0.8761290311813354
2374,11,0.1618550568819046,21,0.9268614914682176,0.6127546355128288,0.2888569235801697,0.19053030014038086,0.2334948182106018,0.3611249327659607,0.25485867261886597,0.3665022850036621
2375,10,0.17674137651920319,7,0.7833317120869955,0.7691911969866071,-0.1113429069519043,-0.004996299743652344,-0.07534265518188477,-0.15536940097808838,-0.08776497840881348,-0.14805591106414795
2376,8,0.14948934316635132,52,1.0059735228617985,0.6916325092315674,0.0989794135093689,0.03271448612213135,0.10225975513458252,0.11673486232757568,0.09969782829284668,0.0978894829750061
2377,11,0.31838876008987427,105,0.5620329938828945,0.3897603281906673,-0.023340463638305664,-0.060091495513916016,-0.013727307319641113,0.006199657917022705,-0.022722721099853516,0.006069779396057129
2378,15,0.1357799917459488,184,0.8145937472581863,0.5860535005728403,0.4827721118927002,0.01721775531768799,0.47566598653793335,0.4689962863922119,0.47471654415130615,0.4721987247467041
2379,15,0.16541597247123718,123,1.1996283829212189,0.583274246616797,-0.018011093139648438,-0.048052310943603516,-0.012190937995910645,-0.04085087776184082,-0.021364450454711914,-0.03949761390686035
2380,5,0.13971854746341705,74,0.5411162376403809,0.5509691759943962,0.21156173944473267,0.038957834243774414,0.22712916135787964,0.2181439995765686,0.2099171280860901,0.21035778522491455
2381,14,0.1793401837348938,70,1.0943015565474827,0.5827960856258869,0.4590495824813843,0.15103673934936523,0.4487529397010803,0.4244471788406372,0.46340131759643555,0.4392760992050171
2382,4,0.17621499300003052,134,0.8041927019755045,0.6439801454544067,-0.018199801445007324,-0.008263468742370605,-0.03912186622619629,-0.03161764144897461,-0.03741133213043213,-0.034461021423339844
2383,11,0.25956034660339355,59,0.874523937702179,0.5938566114221301,0.46319496631622314,0.28427499532699585,0.4948272705078125,0.4081953167915344,0.5018658638000488,0.3821690082550049
2384,7,0.3178430497646332,191,0.5754142105579376,0.9539798617362976,0.3447609543800354,0.14558696746826172,0.34816426038742065,0.3279891610145569,0.33727389574050903,0.3367387056350708
2385,6,0.3217333257198334,75,0.641631285349528,0.39859215418497723,0.06441575288772583,0.024846374988555908,0.07505291700363159,0.07031959295272827,0.07367444038391113,0.07253897190093994
2386,7,0.157128244638443,163,0.9315828382968903,0.5674177954594294,0.25043433904647827,-0.015560626983642578,0.24859577417373657,0.25009268522262573,0.24620848894119263,0.24910211563110352
2387,7,0.22573435306549072,51,1.596104661623637,0.440733440220356,0.44048839807510376,0.01375114917755127,0.43878334760665894,0.42958927154541016,0.43565547466278076,0.43885231018066406
2388,13,0.15086299180984497,39,0.7597012420495352,0.42075339811188833,0.5708164572715759,0.08967596292495728,0.5586863160133362,0.535102128982544,0.5683897137641907,0.5527321100234985
2389,7,0.1778995841741562,47,0.5666267275810242,0.7793984413146973,-0.07608067989349365,-0.05504262447357178,-0.06615972518920898,-0.0478595495223999,-0.06653070449829102,-0.039393067359924316
2390,9,0.1033908873796463,17,2.11191041469574,0.6158977821469307,-0.011256575584411621,0.05499577522277832,-0.0003724098205566406,0.07837408781051636,0.024371027946472168,0.0735120177268982
2391,23,0.10225295275449753,197,1.1731953144073486,0.6849278394992535,0.8610687255859375,0.011979520320892334,0.8509088158607483,0.7247510552406311,0.7545667290687561,0.7946812510490417
2392,3,0.12857522070407867,118,0.8775267899036407,0.40277642011642456,0.031773269176483154,-0.0065076351165771484,0.03179138898849487,0.02838343381881714,0.03134143352508545,0.032668113708496094
2393,13,0.12746603786945343,113,0.7920336510453906,0.84122168024381,0.7320066690444946,0.003559291362762451,0.7309466004371643,0.7144997715950012,0.7212610840797424,0.7263657450675964
2394,6,0.25350943207740784,77,0.5871167182922363,0.5446072295308113,0.33415162563323975,0.010114133358001709,0.33252352476119995,0.3271018862724304,0.31176531314849854,0.3169538974761963
2395,11,0.14835922420024872,5,1.0174560844898224,0.46054549302373615,0.04778885841369629,0.2605055570602417,0.06951749324798584,0.10321211814880371,0.03720104694366455,0.10796505212783813
2396,12,0.23570585250854492,25,1.4654354751110077,0.47221545726060865,-0.07883274555206299,-0.036138176918029785,-0.07917642593383789,-0.011693000793457031,-0.08006751537322998,-0.04259788990020752
2397,7,0.17342089116573334,82,0.7479705289006233,1.0354588826497395,-0.02545452117919922,-0.020536303520202637,-0.02562129497528076,-0.019092082977294922,-0.023087263107299805,-0.018932580947875977
2398,8,0.1509896218776703,116,1.1657316784063976,0.5038271367549896,-0.020525693893432617,-0.005282282829284668,-0.01659393310546875,-0.0120697021484375,-0.018090486526489258,-0.013235688209533691
2399,8,0.21660716831684113,112,1.3330267906188964,0.36701853076616925,0.6386789083480835,0.48833465576171875,0.637467622756958,0.6335694789886475,0.636896550655365,0.6348910331726074
2400,19,0.10431928932666779,164,1.231581211090088,0.8127379967616155,0.0007213950157165527,0.002650737762451172,0.003817617893218994,-0.0006282329559326172,0.002753317356109619,0.0028911232948303223
2401,3,0.12093568593263626,195,0.5373391062021255,0.26999494433403015,0.04002577066421509,-0.002959609031677246,0.049330174922943115,0.02446925640106201,0.052930474281311035,0.036176085472106934
2402,21,0.1516784280538559,65,0.8684154823422432,0.5982655723889668,0.3122367262840271,0.28512042760849,0.3100273609161377,0.3967439532279968,0.30105048418045044,0.40832215547561646
2403,3,0.15051142871379852,87,1.0724600851535797,0.2909327745437622,0.9217454791069031,0.9193227291107178,0.9231554865837097,0.9208106398582458,0.9219345450401306,0.921686589717865
2404,4,0.37051498889923096,124,1.0099869668483734,0.35441988706588745,0.6804312467575073,0.6673883199691772,0.6861919164657593,0.6839413642883301,0.6846581697463989,0.6865987777709961
2405,8,0.13746069371700287,54,1.1433189809322357,0.37472813576459885,0.1751362681388855,-0.017473459243774414,0.21517884731292725,0.25248605012893677,0.2181311845779419,0.23748880624771118
2406,16,0.1921362727880478,126,1.920630782842636,0.5460411235690117,0.21492427587509155,0.20246905088424683,0.1954669952392578,0.23837602138519287,0.21159064769744873,0.18915289640426636
2407,9,0.1347939670085907,24,2.4546341598033905,0.7901587963104248,0.9369497895240784,0.9362532496452332,0.9379519820213318,0.936769425868988,0.9383948445320129,0.9376574754714966
2408,10,0.10756932944059372,75,1.2133461733659108,0.5069908238947392,0.7195858955383301,0.34298425912857056,0.7168703079223633,0.7025740742683411,0.7197623252868652,0.709536075592041
2409,12,0.15156644582748413,98,1.0728814055522282,0.6695907413959503,0.2667679190635681,-0.057644009590148926,0.2761208415031433,0.2610689401626587,0.26900357007980347,0.26182931661605835
2410,17,0.11992134153842926,173,0.45688564081986743,0.632956472310153,-0.05394411087036133,-0.13527953624725342,-0.06678318977355957,-0.0393451452255249,-0.06115615367889404,-0.04713165760040283
2411,8,0.10135387629270554,139,1.0027787387371063,0.46253695090611774,0.29458916187286377,0.11411446332931519,0.29655998945236206,0.3002808690071106,0.2948402166366577,0.29932767152786255
2412,17,0.13446111977100372,83,0.6844826564192772,0.505892948462413,0.12614405155181885,0.031988561153411865,0.1313023567199707,0.1615602970123291,0.132695734500885,0.1393001675605774
2413,11,0.1315123736858368,95,0.501602903008461,0.5180047005414963,0.02457582950592041,-0.09473824501037598,0.034642040729522705,0.0530318021774292,0.021790504455566406,0.04203599691390991
2414,3,0.16231510043144226,190,1.4063048958778381,0.60561603307724,0.0946926474571228,0.02511000633239746,0.0942121148109436,0.09703892469406128,0.10149258375167847,0.09849536418914795
2415,18,0.14344529807567596,131,0.7765509055720435,0.5004626313845316,-0.03754293918609619,-0.0068312883377075195,-0.022976279258728027,-0.021185755729675293,-0.01756465435028076,-0.039086222648620605
2416,8,0.2763170897960663,24,1.032829741636912,0.760370421409607,-0.44301021099090576,-0.013482332229614258,-0.16058826446533203,-0.2731744050979614,-0.16465544700622559,-0.0799018144607544
2417,9,0.33304548263549805,50,0.8318251371383667,0.6160819257299105,-0.043120384216308594,-0.0027517080307006836,-0.046648383140563965,-0.023940205574035645,-0.04452550411224365,-0.025693416595458984
2418,8,0.2873467803001404,89,1.575088103612264,0.417820143699646,0.8208327293395996,0.6923606395721436,0.819181501865387,0.8257348537445068,0.8206384778022766,0.8275647759437561
2419,12,0.32692426443099976,40,1.6621098518371582,0.839790090918541,0.9375309944152832,0.8729428648948669,0.9120888710021973,0.9277142286300659,0.930126428604126,0.9192469120025635
2420,12,0.18766111135482788,2,0.785223126411438,0.6278348730670081,-0.08579862117767334,-0.1024465560913086,-0.08832907676696777,-0.031237363815307617,-0.0872424840927124,-0.03442740440368652
2421,20,0.11846844851970673,83,1.0982650021711986,0.5446176826953888,0.5908074378967285,0.5245386958122253,0.5815390348434448,0.5878106355667114,0.5761654376983643,0.5895482301712036
2422,19,0.11410883814096451,160,0.8228225906689962,0.5328488662838936,0.09602737426757812,0.11621683835983276,0.10647761821746826,0.11251646280288696,0.10758769512176514,0.10376763343811035
2423,8,0.24710319936275482,38,1.5588489373524983,0.6135581314563752,0.8123726844787598,0.6487554311752319,0.8171935081481934,0.8116040229797363,0.8145602941513062,0.8141357898712158
2424,17,0.1714005172252655,62,1.2455749710400899,0.7332149432464079,0.4770907163619995,0.36361294984817505,0.4754340648651123,0.4443964958190918,0.494145929813385,0.4656466841697693
2425,11,0.1738741546869278,66,0.9866503306797573,0.3468519300222397,0.7441726922988892,0.19510841369628906,0.7439819574356079,0.7442366480827332,0.7458490133285522,0.7466205358505249
2426,9,0.15460027754306793,9,0.5064256489276886,0.4294188141822815,-0.8212858438491821,-0.7008455991744995,-0.8067009449005127,-0.7875550985336304,-0.7576814889907837,-0.7822355031967163
2427,18,0.15006621181964874,72,2.2661980787913003,0.7217982361714045,-0.0011593103408813477,0.05000346899032593,-0.005302786827087402,0.057543158531188965,-0.009846091270446777,0.049367547035217285
2428,4,0.29742246866226196,29,1.1590839624404907,0.554722860455513,0.2630960941314697,0.2646857500076294,0.2623726725578308,0.26248371601104736,0.2622809410095215,0.2604042887687683
2429,7,0.21064575016498566,18,0.7544370889663696,0.430621474981308,-0.28634369373321533,-0.21938204765319824,-0.1744215488433838,-0.0748445987701416,-0.2083754539489746,-0.11410737037658691
2430,4,0.38151615858078003,178,0.8516438206036886,0.5015939474105835,0.2784971594810486,0.11484634876251221,0.27823060750961304,0.28378212451934814,0.2819456458091736,0.2802755832672119
2431,13,0.21653799712657928,77,0.7860494057337443,0.5399388208985328,0.5962707996368408,0.47986090183258057,0.5785248279571533,0.5995588302612305,0.603432297706604,0.6123330593109131
2432,16,0.16646318137645721,27,0.6002600073814393,0.39094817773862317,0.4984050393104553,0.31706130504608154,0.5020449161529541,0.5494634509086609,0.475660502910614,0.5196518898010254
2433,6,0.3836516737937927,149,0.5692752003669739,0.604201865196228,0.2773107886314392,0.09709078073501587,0.2698819637298584,0.2685205936431885,0.27163589000701904,0.26792073249816895
2434,11,0.11422896385192871,176,1.3270408312479656,0.2917798012495041,0.0296819806098938,-0.0003490447998046875,0.02888721227645874,0.03508198261260986,0.034072935581207275,0.03514665365219116
2435,5,0.11551011353731155,9,0.381827712059021,0.6770559996366501,0.04209214448928833,0.008452355861663818,0.04601764678955078,0.03304171562194824,0.052310943603515625,0.03563559055328369
2436,11,0.11686666309833527,8,1.2086198131243389,0.6479966223239899,0.06654882431030273,-0.005460858345031738,0.15701568126678467,0.10365724563598633,0.1405162811279297,0.14710605144500732
2437,22,0.11249268054962158,94,1.3017340699831645,0.8575398027896881,0.536705493927002,0.036326467990875244,0.5409260392189026,0.5290780067443848,0.5371809005737305,0.535144031047821
2438,6,0.12976618111133575,40,1.3524153381586075,0.24797997623682022,0.06857055425643921,0.017206907272338867,0.07378417253494263,0.06205540895462036,0.07827895879745483,0.07380872964859009
2439,10,0.1566164642572403,19,1.0633523017168045,0.40531616906325024,0.2111843228340149,-0.061530470848083496,0.2212533950805664,0.18968337774276733,0.18557190895080566,0.2544971704483032
2440,12,0.100366972386837,25,1.3506208260854085,0.7032416115204493,-0.08719050884246826,-0.09211373329162598,-0.08389639854431152,-0.08413100242614746,-0.07750570774078369,-0.07784020900726318
2441,10,0.12392561882734299,104,1.5300671309232712,0.7133674149711927,0.34514254331588745,0.32562100887298584,0.36047548055648804,0.35626155138015747,0.3405109643936157,0.3485996723175049
2442,16,0.1133851632475853,112,1.3145651987620763,0.535821000734965,0.913621723651886,0.4295790195465088,0.9097419381141663,0.9127243161201477,0.9104630947113037,0.9108752012252808
2443,6,0.12501010298728943,191,1.86335089802742,0.8166083097457886,0.8160797953605652,0.314134418964386,0.8151431083679199,0.8119419813156128,0.8157560229301453,0.8161605596542358
2444,14,0.18127110600471497,105,0.5196859041849772,0.736965773627162,0.6007156372070312,0.24684756994247437,0.6029343605041504,0.6071118712425232,0.6030822992324829,0.5983508229255676
2445,18,0.10918886959552765,105,1.5158576667308807,0.559465406196458,0.4366428852081299,0.018950343132019043,0.4418923258781433,0.4388343095779419,0.4431076645851135,0.4245685338973999
2446,5,0.1635717749595642,155,1.3498952984809875,0.7680712242921194,-0.05076801776885986,-0.02969491481781006,-0.05464756488800049,-0.06332111358642578,-0.05265355110168457,-0.06939899921417236
2447,6,0.17853803932666779,195,1.0868028402328491,0.9462450370192528,0.628174901008606,0.14726316928863525,0.6229057312011719,0.6241514682769775,0.6256253719329834,0.6189457178115845
2448,11,0.1840451955795288,13,1.2862008273601533,0.7192338208357493,-0.12103164196014404,-0.01577162742614746,-0.06064760684967041,-0.008647561073303223,-0.09410178661346436,-0.0456463098526001
2449,5,0.1821986883878708,137,1.8782504399617512,0.30228810012340546,-0.01645040512084961,-0.02933526039123535,-0.012058496475219727,-0.03745102882385254,-0.02131795883178711,-0.03412139415740967
2450,6,0.1610030233860016,142,1.0427517493565877,0.28883662819862366,0.052329182624816895,0.13014352321624756,0.06846064329147339,0.06909829378128052,0.07153308391571045,0.06694060564041138
2451,6,0.16286896169185638,77,0.7797339856624603,0.4359781742095947,0.043908119201660156,0.00022804737091064453,0.04073202610015869,0.05182778835296631,0.03803926706314087,0.059191763401031494
2452,14,0.11340229958295822,144,1.0650447815656663,1.4671807140111923,0.3875349760055542,0.055023908615112305,0.39702820777893066,0.3878288269042969,0.39096421003341675,0.38825154304504395
2453,3,0.22823305428028107,184,0.2303375080227852,0.2786032557487488,0.005099117755889893,0.007154941558837891,0.004665970802307129,-0.00015103816986083984,0.003517448902130127,0.002991199493408203
2454,7,0.23439864814281464,197,1.0339687317609787,0.4226263115803401,0.9114323854446411,0.7158260941505432,0.9118539094924927,0.9177774786949158,0.9154096245765686,0.9171419739723206
2455,9,0.33470669388771057,10,1.3087282478809357,0.645884245634079,-0.049305081367492676,-0.6569749116897583,-0.04855513572692871,-0.199349045753479,-0.04775106906890869,-0.13283634185791016
2456,16,0.13147030770778656,39,1.5164377689361572,0.5186961279674009,0.45606327056884766,0.06389778852462769,0.4643207788467407,0.43700045347213745,0.458030641078949,0.429107666015625
2457,5,0.21320000290870667,170,1.4602154195308685,0.3572697838147481,0.3843189477920532,0.3738786578178406,0.3888915777206421,0.38400495052337646,0.38306283950805664,0.38302624225616455
2458,8,0.11659678816795349,88,0.985160693526268,0.6572649776935577,-0.030308008193969727,0.001300513744354248,-0.021238088607788086,-0.054189443588256836,-0.027095317840576172,-0.05523550510406494
2459,8,0.1204923540353775,82,1.1793831437826157,0.6249951720237732,0.29496002197265625,0.05373799800872803,0.2948881983757019,0.2970486879348755,0.3004566431045532,0.2927723526954651
2460,11,0.24309740960597992,183,1.3898939415812492,0.7855740553802915,0.07762682437896729,-0.011494159698486328,0.08078253269195557,0.062774658203125,0.08605986833572388,0.056304991245269775
2461,11,0.1045285016298294,188,1.2677950114011765,0.7706652666841235,0.26676613092422485,0.10906785726547241,0.26202625036239624,0.28123998641967773,0.2717193365097046,0.27804118394851685
2462,12,0.19779600203037262,94,2.1278244256973267,0.5991159304976463,0.7643709778785706,0.0789879560470581,0.7638168334960938,0.7585737705230713,0.7640824317932129,0.7609902024269104
2463,7,0.1509675681591034,141,1.5222484692931175,0.5737928549448649,0.26306211948394775,-0.0016875267028808594,0.26629316806793213,0.26464390754699707,0.26453518867492676,0.2653300166130066
2464,4,0.30599936842918396,107,0.6327425042788187,0.585232138633728,-0.11817848682403564,-0.010941147804260254,-0.10702991485595703,-0.10036289691925049,-0.10503637790679932,-0.09895634651184082
2465,10,0.17461234331130981,179,0.7441618353128433,0.7319243609905243,0.7234248518943787,0.07365590333938599,0.7267149686813354,0.7279048562049866,0.7262789011001587,0.7312546968460083
2466,5,0.29301324486732483,109,0.522975911696752,0.7902395278215408,0.04406476020812988,0.004948794841766357,0.036503493785858154,0.028563499450683594,0.04417985677719116,0.028423011302947998
2467,10,0.1279376894235611,90,1.5870224297046662,0.517761766910553,0.15580397844314575,0.12870532274246216,0.1597975492477417,0.16225802898406982,0.1596463918685913,0.16246545314788818
2468,9,0.20497006177902222,58,1.179755613207817,0.36614020764827726,0.4264758229255676,0.0014446377754211426,0.42323219776153564,0.4355316162109375,0.43195873498916626,0.4273480772972107
2469,6,0.2851223349571228,43,0.6997335950533549,0.6301679313182831,0.2967100143432617,0.11759823560714722,0.2914597988128662,0.29359424114227295,0.2844027280807495,0.2905610203742981
2470,5,0.2609784007072449,57,0.4333406388759613,0.8356571793556213,-0.021300196647644043,-0.11805224418640137,-0.025017499923706055,-0.04961895942687988,-0.024022221565246582,-0.04509615898132324
2471,16,0.11071041226387024,160,0.7656688317656517,0.6895485054701567,0.9191725254058838,0.8212567567825317,0.9173241853713989,0.9167479276657104,0.9160176515579224,0.918197751045227
2472,14,0.11821744590997696,10,1.1037128014223916,0.40350155319486347,0.44514918327331543,0.354741632938385,0.4764363169670105,0.44663554430007935,0.49261659383773804,0.44617313146591187
2473,6,0.3992164433002472,103,1.7102964520454407,0.702068455517292,-0.09738743305206299,-0.07312440872192383,-0.10930275917053223,-0.06466257572174072,-0.12485635280609131,-0.11391615867614746
2474,11,0.21754680573940277,179,1.6403701543807983,0.5058162957429886,-0.013474225997924805,-0.01744234561920166,-0.011667370796203613,-0.009772300720214844,-0.01379549503326416,-0.009513139724731445
2475,9,0.12496957182884216,10,0.9373923937479655,0.7850197752316793,0.892496645450592,0.871042788028717,0.8914369940757751,0.8847452998161316,0.88569176197052,0.8719792366027832
2476,7,0.24016693234443665,17,2.317768375078837,0.6344437040388584,-0.08582723140716553,-0.06753909587860107,-0.10617756843566895,-0.08468270301818848,-0.09714663028717041,-0.12459075450897217
2477,12,0.1665327250957489,113,1.2651691387097042,0.47051868339379627,0.9080319404602051,0.6976975798606873,0.9006685018539429,0.8972972631454468,0.9069087505340576,0.9066537022590637
2478,5,0.33759763836860657,150,0.86382195353508,0.7551143765449524,0.2552422285079956,0.3275618553161621,0.2600553631782532,0.26033174991607666,0.2701011896133423,0.27448755502700806
2479,7,0.10811489820480347,33,0.8533727377653122,0.432023545106252,0.6889528036117554,0.3505132794380188,0.6886037588119507,0.6972383856773376,0.6960755586624146,0.6894886493682861
2480,7,0.18045368790626526,36,1.5155140558878581,1.0172420889139175,0.0034713149070739746,0.020783424377441406,0.0027147531509399414,0.006761610507965088,0.004830121994018555,0.008107602596282959
2481,4,0.3867768347263336,118,0.9586458802223206,0.3320043782393138,0.05660969018936157,0.04927849769592285,0.05904197692871094,0.060056447982788086,0.05663871765136719,0.06011688709259033
2482,12,0.22544331848621368,68,0.48678410053253174,0.5187070831656456,0.28176814317703247,0.25328564643859863,0.2753082513809204,0.21015113592147827,0.24894356727600098,0.2379644513130188
2483,5,0.3278341293334961,137,1.3249787986278534,0.4500811994075775,0.20482099056243896,0.21259993314743042,0.20034945011138916,0.19514614343643188,0.19335824251174927,0.19785040616989136
2484,4,0.1312132179737091,187,1.9094534317652385,0.2064424306154251,0.06081610918045044,0.06538558006286621,0.04922807216644287,0.05741161108016968,0.050547242164611816,0.04956185817718506
2485,3,0.2360691875219345,77,1.7552501559257507,0.41499316692352295,0.2632550001144409,0.1361180543899536,0.26069509983062744,0.26176732778549194,0.26669877767562866,0.2553728222846985
2486,11,0.31819289922714233,105,0.9677355090777079,0.7860159203410149,-0.03646647930145264,-0.009807586669921875,-0.0347975492477417,-0.0459214448928833,-0.021278023719787598,-0.08578872680664062
2487,10,0.19559337198734283,39,1.419288992881775,0.7309698797762394,0.009021222591400146,-0.00012886524200439453,0.00813978910446167,0.00327986478805542,0.007972240447998047,0.0030592679977416992
2488,8,0.23548386991024017,66,1.3614371180534364,0.7172778447469076,-0.0026199817657470703,-0.0033309459686279297,-0.0024285316467285156,-0.0020314455032348633,-0.0036793947219848633,8.83936882019043e-05
2489,14,0.14562100172042847,55,0.9037123396992683,0.6175870522856712,0.9012098908424377,0.6708214282989502,0.8976008892059326,0.8964061141014099,0.8993293046951294,0.8983527421951294
2490,14,0.12854784727096558,23,1.5110909110969968,0.46783857345581054,0.6507419347763062,0.06919980049133301,0.6601753830909729,0.6425424814224243,0.6589651107788086,0.6606755256652832
2491,13,0.10642340779304504,78,1.0250937108482634,0.5390394553542137,0.0028747916221618652,-0.0002614259719848633,0.003331780433654785,0.01394277811050415,-0.0015835762023925781,0.02145826816558838
2492,13,0.10767365247011185,86,0.7271421816613939,0.7773477435112,-0.09362208843231201,-0.057480573654174805,-0.08049547672271729,-0.08651363849639893,-0.07737529277801514,-0.08215630054473877
2493,12,0.1647988110780716,121,0.5632641464471817,0.6347542144358158,0.2829715609550476,0.23498469591140747,0.28216660022735596,0.2859867811203003,0.2888718843460083,0.2898561358451843
2494,4,0.31812188029289246,139,0.44425421953201294,0.5004185736179352,-0.021052956581115723,-0.017953038215637207,-0.021479249000549316,-0.019806623458862305,-0.02376556396484375,-0.021288752555847168
2495,4,0.13314872980117798,175,0.6395349701245626,1.018715262413025,0.08180075883865356,0.04601407051086426,0.0792883038520813,0.08107614517211914,0.07741481065750122,0.06674724817276001
2496,11,0.15728016197681427,160,1.0135776911463057,0.4791763573884964,0.8249154090881348,0.716812252998352,0.8230100870132446,0.8291203379631042,0.8266609907150269,0.8288870453834534
2497,21,0.11536168307065964,182,1.4619376063346863,0.40602101186911266,0.7702200412750244,0.29240018129348755,0.7628535032272339,0.7662045955657959,0.7603646516799927,0.767352819442749
2498,10,0.15709273517131805,32,1.180083054304123,0.4175170838832855,0.05767512321472168,0.10221058130264282,0.05846792459487915,0.05435377359390259,0.05229252576828003,0.05864429473876953
2499,14,0.11706173419952393,76,1.1464294612407684,0.7081538240114847,-0.05306267738342285,-0.059165120124816895,-0.04959416389465332,-0.02517521381378174,-0.04595673084259033,-0.030949115753173828
2500,8,0.2812313437461853,3,0.7745181441307067,0.426586389541626,0.08983868360519409,0.1396576166152954,0.15197527408599854,0.20008397102355957,0.13527435064315796,0.09012126922607422
2501,6,0.37001776695251465,190,1.8791269361972809,0.851049892604351,0.49028921127319336,0.3625156283378601,0.49013662338256836,0.49922502040863037,0.4951724410057068,0.5050418972969055
2502,7,0.34330376982688904,183,0.40739667415618896,0.4055680533250173,0.10589993000030518,0.09716778993606567,0.11643534898757935,0.11156749725341797,0.10291248559951782,0.11166423559188843
2503,10,0.2912093698978424,27,0.5102100744843483,0.5029763281345367,0.1586090326309204,0.1742205023765564,0.16219347715377808,0.20585453510284424,0.17014694213867188,0.20250767469406128
2504,13,0.1326073706150055,190,1.181773270879473,0.38731737931569415,0.0023962855339050293,-0.0025750398635864258,0.0007526874542236328,-0.00933682918548584,-0.0012634992599487305,-0.009391546249389648
2505,14,0.1406414955854416,175,0.6169251842158181,0.44460901618003845,0.546715259552002,0.24306482076644897,0.5381351709365845,0.5333672761917114,0.5337764620780945,0.5300842523574829
2506,6,0.22593262791633606,129,0.8919834991296133,0.4141630530357361,0.3414958119392395,0.10497802495956421,0.3398028612136841,0.3428422212600708,0.34351879358291626,0.33968448638916016
2507,4,0.29502972960472107,99,0.741148034731547,0.46007752418518066,-0.03171133995056152,0.002618253231048584,-0.03461766242980957,-0.04101419448852539,-0.03247189521789551,-0.03732585906982422
2508,15,0.1054173931479454,39,1.0899720745427268,0.51728256046772,0.6223556995391846,-0.11561405658721924,0.6233137845993042,0.628883957862854,0.6147459745407104,0.6375871896743774
2509,15,0.1781536191701889,157,1.79329917828242,0.480534923573335,0.4715862274169922,0.0353739857673645,0.47532474994659424,0.4671372175216675,0.4729239344596863,0.47539305686950684
2510,12,0.26676806807518005,57,1.8930946290493011,0.5205677598714828,0.5955185890197754,0.5806663632392883,0.586666464805603,0.6004663705825806,0.5917577743530273,0.6201688647270203
2511,3,0.23952318727970123,100,1.505437582731247,0.3232268989086151,0.9115487933158875,0.9108946323394775,0.9109272956848145,0.9082325100898743,0.9106199145317078,0.9068391919136047
2512,5,0.2937587797641754,162,1.8182961146036785,0.4479217976331711,0.09140211343765259,0.05601537227630615,0.0856025218963623,0.09095889329910278,0.09500116109848022,0.09486931562423706
2513,13,0.20762628316879272,124,0.894323468208313,0.4757915176451206,0.8657283186912537,0.19874370098114014,0.8344364762306213,0.8208492994308472,0.8128443360328674,0.8216943144798279
2514,7,0.36881956458091736,6,1.6140713691711426,0.9338068962097168,-0.4840964078903198,-0.17899692058563232,-0.3610873222351074,-0.7481505870819092,-0.4306180477142334,-0.7178350687026978
2515,11,0.23006975650787354,14,0.933376744389534,0.5276290816920144,-0.5849505662918091,-0.5852912664413452,-0.5814386606216431,-0.5982018709182739,-0.5688610076904297,-0.5792909860610962
2516,9,0.25239861011505127,19,2.061075508594513,0.33283364347049166,-0.1522585153579712,-0.03511393070220947,-0.060312867164611816,-0.14047157764434814,-0.059422969818115234,-0.13096344470977783
2517,6,0.3762299716472626,34,0.8609018921852112,0.7173529167970022,0.025323450565338135,-0.005060315132141113,0.01701819896697998,0.019993603229522705,0.021017611026763916,0.004159092903137207
2518,6,0.1444307267665863,43,1.3843027750651042,0.495486448208491,0.3240552544593811,0.30280280113220215,0.3260764479637146,0.32785850763320923,0.32358884811401367,0.32520437240600586
2519,5,0.29566097259521484,197,0.8001575842499733,0.38299745321273804,0.003138899803161621,0.027553260326385498,0.0021592378616333008,0.013339340686798096,0.003507852554321289,0.009177446365356445
2520,5,0.34225034713745117,188,1.1821080446243286,0.5493348240852356,0.3924018144607544,0.15051066875457764,0.3983079195022583,0.3973155617713928,0.3994792699813843,0.40137410163879395
2521,11,0.16217900812625885,39,0.7627522076169649,0.5088207870721817,0.8071725964546204,0.10817646980285645,0.8050696849822998,0.8066171407699585,0.8057689070701599,0.8047802448272705
2522,16,0.13850532472133636,145,0.6208229660987854,0.8190392017364502,0.047967374324798584,0.019440054893493652,0.07126796245574951,0.05253303050994873,0.16224271059036255,0.07908624410629272
2523,16,0.10526376217603683,39,1.2347229421138763,0.5385241620242596,0.4116988182067871,-0.04569351673126221,0.41293954849243164,0.42281949520111084,0.4092937111854553,0.40433764457702637
2524,4,0.32960593700408936,80,1.2375721335411072,0.5075253248214722,0.6633195877075195,0.5042917132377625,0.654789924621582,0.6560320258140564,0.6551145911216736,0.6580739617347717
2525,12,0.2908172607421875,83,1.0315643747647603,0.4578978204064899,-0.031049370765686035,-0.01509106159210205,-0.0022493600845336914,-0.007376670837402344,-0.0072356462478637695,-0.0472109317779541
2526,19,0.17246709764003754,37,1.0080511331558228,0.5760905955518995,0.9077469110488892,0.8859175443649292,0.9144763946533203,0.9137455224990845,0.9146749377250671,0.9150475859642029
2527,6,0.20511193573474884,196,1.6052847802639008,0.7074098189671835,0.7580437660217285,0.4777119755744934,0.7603814601898193,0.7611820697784424,0.7567088603973389,0.7640042304992676
2528,6,0.16923682391643524,89,0.9673220664262772,0.8563182950019836,-0.0025246143341064453,0.00017023086547851562,-0.002410292625427246,0.0005719661712646484,-0.001309514045715332,-0.0004611015319824219
2529,13,0.15321806073188782,133,0.7476711392402648,0.3492886945605278,0.07266426086425781,0.14476895332336426,0.09355330467224121,0.08750993013381958,0.10978204011917114,0.11129683256149292
2530,4,0.11926843971014023,16,1.9543635845184326,0.31170299649238586,-0.0008802413940429688,-0.27819645404815674,-0.0031824111938476562,-0.15528273582458496,-0.022972702980041504,-0.09565591812133789
2531,3,0.38756677508354187,17,1.020742028951645,0.7710591554641724,0.20082402229309082,0.23807865381240845,0.2029256820678711,0.20345836877822876,0.21748507022857666,0.2051377296447754
2532,8,0.2885548770427704,196,0.9812772870063782,0.49145588278770447,0.2739972472190857,0.21355539560317993,0.2819055914878845,0.2816336750984192,0.2848927974700928,0.2852824330329895
2533,7,0.11148310452699661,34,0.9664297699928284,0.38358181715011597,-0.12822329998016357,-0.10880899429321289,-0.1573578119277954,-0.11768710613250732,-0.161798357963562,-0.12542688846588135
2534,4,0.13580957055091858,174,1.347486098607381,0.9885846972465515,-0.011949658393859863,-0.0011336803436279297,0.008138895034790039,-0.009403824806213379,-0.00467371940612793,0.014645874500274658
2535,5,0.391249418258667,54,1.0186680257320404,0.7379318078358968,-0.0790029764175415,-0.33976030349731445,-0.11390924453735352,-0.07886123657226562,-0.1101752519607544,-0.08882081508636475
2536,7,0.13815298676490784,172,0.8597872257232666,0.49107491970062256,0.0087432861328125,-0.05972468852996826,0.006697893142700195,0.00967097282409668,0.010273754596710205,0.00682300329208374
2537,19,0.1258496791124344,134,1.2435279786586761,0.5323925862709681,0.4084147810935974,0.3523131012916565,0.40192878246307373,0.4092698097229004,0.4005241394042969,0.41055983304977417
2538,9,0.2848324179649353,24,0.9660063982009888,0.3371013760566711,-0.03880190849304199,-0.0327913761138916,-0.05781233310699463,-0.018319129943847656,-0.025050878524780273,-0.028693795204162598
2539,16,0.12459409981966019,92,1.4215941309928894,0.6926661079580133,0.856654703617096,0.46719223260879517,0.858291745185852,0.8486477136611938,0.8536055684089661,0.860997200012207
2540,6,0.23282012343406677,46,1.5746305286884308,0.5661387741565704,-0.36639404296875,-0.037979841232299805,-0.3974980115890503,-0.44979655742645264,-0.3875877857208252,-0.3973844051361084
2541,6,0.18042336404323578,156,0.7182032689452171,0.31971365958452225,0.7354515790939331,0.14534884691238403,0.7407631874084473,0.7382792234420776,0.7391600608825684,0.7414417266845703
2542,13,0.20374588668346405,9,0.8043140321969986,0.8703537464141846,0.057061195373535156,0.030024170875549316,0.05774497985839844,0.03197354078292847,0.05636364221572876,0.02429962158203125
2543,4,0.397316038608551,63,1.4112466275691986,1.3935725092887878,0.6845479011535645,0.17502766847610474,0.7023571729660034,0.6918900609016418,0.687484622001648,0.702893853187561
2544,9,0.11830372363328934,149,1.4268343363489424,0.6933030784130096,0.3910117745399475,0.17618179321289062,0.38741910457611084,0.39673858880996704,0.39371204376220703,0.3920617699623108
2545,25,0.13741983473300934,106,1.4689831733703613,0.6499730631709099,0.24016505479812622,0.013855457305908203,0.24675273895263672,0.3264669179916382,0.2864501476287842,0.3238182067871094
2546,7,0.14875949919223785,20,0.930959939956665,0.7535911599795023,0.07511556148529053,0.08717423677444458,0.08039909601211548,0.09640002250671387,0.08050036430358887,0.09627997875213623
2547,11,0.14813509583473206,128,1.802453875541687,0.5050421439939075,0.7948331832885742,0.22505450248718262,0.7961660027503967,0.7964540123939514,0.7957830429077148,0.79583740234375
2548,9,0.3393634259700775,132,0.5084827542304993,0.6695098355412483,0.33242928981781006,0.26115864515304565,0.3675023317337036,0.36218905448913574,0.3660150170326233,0.31879693269729614
2549,19,0.12329300493001938,198,1.1932690739631653,0.5289751898783904,0.7668245434761047,0.5226920247077942,0.7229102253913879,0.7546302676200867,0.7553651332855225,0.7581378221511841
2550,7,0.12481199949979782,83,1.3237159848213196,0.43895601232846576,0.3658972382545471,0.35458850860595703,0.3632427453994751,0.36884135007858276,0.36705583333969116,0.3640139698982239
2551,11,0.1461663544178009,108,1.7489289939403534,0.48687179173742023,0.5410611629486084,0.5111294984817505,0.5422094464302063,0.5494916439056396,0.5447801351547241,0.5473723411560059
2552,7,0.14162124693393707,76,1.7669864495595295,0.5283371657133102,0.04947710037231445,0.10474187135696411,0.04382181167602539,0.10989552736282349,0.05254322290420532,0.10006314516067505
2553,8,0.15583649277687073,28,0.8189025670289993,0.551942008237044,-0.08754873275756836,-0.08264636993408203,-0.08271408081054688,-0.11335968971252441,-0.07985007762908936,-0.12217199802398682
2554,6,0.1285361498594284,51,0.7453351517518362,0.4175722400347392,0.5862879157066345,0.2674086093902588,0.6013410687446594,0.5913349986076355,0.584162175655365,0.5861319303512573
2555,6,0.23908421397209167,118,0.8944698870182037,0.37933678925037384,0.7781307697296143,0.6194283962249756,0.7865759134292603,0.7884185910224915,0.7841916084289551,0.7895215749740601
2556,14,0.10317743569612503,77,2.13141725063324,0.6381305985980563,0.17682820558547974,0.16433578729629517,0.16524070501327515,0.19982582330703735,0.17239469289779663,0.196586012840271
2557,3,0.17443405091762543,142,0.9113596081733704,0.4406457915902138,0.19462406635284424,0.1785784363746643,0.1879933476448059,0.19662481546401978,0.18873733282089233,0.1937469244003296
2558,7,0.12309436500072479,182,0.9152873493731022,0.6022718946139017,0.6966651678085327,0.10118144750595093,0.6924818158149719,0.6969344019889832,0.6920602321624756,0.6920695304870605
2559,6,0.19335639476776123,75,1.3846938610076904,0.7488415439923605,0.6108815670013428,0.5884661078453064,0.608616292476654,0.6473617553710938,0.5952705144882202,0.6423623561859131
2560,8,0.21129369735717773,182,0.6564201191067696,0.330816563218832,0.637718677520752,0.6289075613021851,0.642169713973999,0.6385742425918579,0.6397126913070679,0.6397672295570374
2561,24,0.11305467784404755,72,1.3077163627514472,0.8003748546947133,0.35183173418045044,0.35084664821624756,0.35235291719436646,0.35291045904159546,0.36182230710983276,0.35372549295425415
2562,18,0.11581281572580338,153,0.8576149821281434,0.6560913587992008,0.31247442960739136,0.10930323600769043,0.30406975746154785,0.2937604784965515,0.30886441469192505,0.3071765899658203
2563,13,0.16538211703300476,53,1.0245855301618576,0.39422626979649067,0.11862987279891968,0.10003238916397095,0.13235843181610107,0.1269608736038208,0.13376641273498535,0.12366592884063721
2564,10,0.22509148716926575,144,0.7177124656736851,0.7915437519550323,0.6303986310958862,0.17654383182525635,0.6309018135070801,0.6329342126846313,0.6326268315315247,0.6310005187988281
2565,22,0.11249595135450363,7,1.6986239403486252,0.5628908723592758,0.6143532991409302,0.533667266368866,0.6505734920501709,0.6470839977264404,0.6444951295852661,0.6235905289649963
2566,16,0.1596859246492386,3,0.7399182617664337,0.642897979779677,-0.03939509391784668,-0.14333093166351318,-0.029259324073791504,-0.02255713939666748,-0.03521323204040527,-0.04636275768280029
2567,12,0.2552926242351532,69,1.3348857313394547,0.7182589061558247,0.34369218349456787,0.08908939361572266,0.3474433422088623,0.3203028440475464,0.3376099467277527,0.3614434599876404
2568,5,0.2870815694332123,172,1.2227080389857292,1.7207828760147095,0.00472712516784668,-0.02095341682434082,-0.0013463497161865234,-0.0040323734283447266,0.0014872550964355469,-0.006786704063415527
2569,10,0.27316492795944214,171,1.1233652122318745,0.5073206474383672,0.10472214221954346,0.041625380516052246,0.08298271894454956,0.120278000831604,0.09143996238708496,0.11963540315628052
2570,3,0.20654378831386566,125,1.318677544593811,0.2505584955215454,0.9078865647315979,0.6912919282913208,0.9063637256622314,0.9024237394332886,0.9028805494308472,0.9041924476623535
2571,3,0.10869176685810089,57,1.1585123836994171,0.8515616059303284,0.0008802413940429688,0.0004748106002807617,-0.002665281295776367,-0.00822758674621582,-0.0019501447677612305,-0.006738543510437012
2572,9,0.11591620743274689,164,0.8268876001238823,0.3181254118680954,-0.03314411640167236,-0.02926790714263916,-0.036780714988708496,-0.051233649253845215,-0.043100595474243164,-0.07387650012969971
2573,19,0.11014872044324875,61,1.026079062372446,0.6953018551523035,0.4397926926612854,-0.03964877128601074,0.44977670907974243,0.4180169701576233,0.4470325708389282,0.44392383098602295
2574,15,0.10725495219230652,169,1.6771548509597778,0.39717873334884646,0.9468250870704651,0.9386497139930725,0.9439414739608765,0.9468703269958496,0.9452823400497437,0.9443166255950928
2575,9,0.11763519793748856,124,0.8941661357879639,0.42823658511042595,-0.02301657199859619,-0.014773011207580566,-0.019556403160095215,-0.02316606044769287,-0.024899840354919434,-0.02020847797393799
2576,8,0.2715746760368347,90,1.4886908382177353,0.39562900364398956,0.03320378065109253,0.019529104232788086,0.07216900587081909,0.046553850173950195,0.062105536460876465,0.06744992733001709
2577,11,0.14025016129016876,45,1.0937875926494598,0.7897991289695104,-0.08812785148620605,-0.03922009468078613,-0.04821276664733887,-0.11999845504760742,-0.04749107360839844,-0.057578206062316895
2578,7,0.338276743888855,108,0.6601355671882629,0.9650824318329493,0.7986429929733276,0.6635395288467407,0.7988197803497314,0.7964898943901062,0.8035858869552612,0.8045620322227478
2579,5,0.24458983540534973,65,0.6437666018803915,0.26285749673843384,0.003712296485900879,-0.004283785820007324,0.009004056453704834,0.0006887316703796387,0.005842387676239014,0.001666426658630371
2580,9,0.2848280370235443,172,0.8499785922467709,0.8427509486675262,0.2708721160888672,0.029218733310699463,0.2944568991661072,0.22454488277435303,0.2757469415664673,0.21784108877182007
2581,4,0.37853485345840454,76,0.7635801434516907,0.5385709206263224,0.35639071464538574,0.27516597509384155,0.35412442684173584,0.34508293867111206,0.3696645498275757,0.3454355001449585
2582,22,0.14340227842330933,87,0.8109311033040285,0.47337501708950314,0.09845733642578125,0.06098616123199463,0.07124733924865723,0.009466290473937988,0.08108824491500854,0.02694118022918701
2583,9,0.12433815002441406,162,0.6290019080042839,0.4357366293668747,-0.013787627220153809,-0.01789414882659912,-0.015232324600219727,-0.014479279518127441,-0.015367984771728516,-0.02030932903289795
2584,18,0.1853388398885727,199,1.4677653312683105,0.6050761640071869,0.8214324712753296,0.4510023593902588,0.8169043064117432,0.8209578394889832,0.816429853439331,0.8140358924865723
2585,13,0.13446015119552612,76,1.215330809354782,0.8335048034787178,-0.23170554637908936,-0.3402756452560425,-0.31470024585723877,-0.3187299966812134,-0.23623871803283691,-0.3164558410644531
2586,11,0.18428657948970795,9,0.9672503501176835,0.8592123736937841,-0.04058575630187988,-0.00456392765045166,-0.05280280113220215,-0.36078667640686035,-0.04210376739501953,-0.25640618801116943
2587,6,0.24386297166347504,116,0.9504107038180033,0.3778865883747737,0.04460984468460083,-0.030910730361938477,0.05062061548233032,0.08615124225616455,0.05291050672531128,0.08813852071762085
2588,9,0.1628805547952652,112,1.8536250243584316,0.4315917293230693,-0.008603453636169434,-0.01126551628112793,-0.0054558515548706055,-0.008943796157836914,-0.00600123405456543,-0.009823799133300781
2589,18,0.11025536805391312,73,1.2729693253835042,0.626762310663859,0.5685076713562012,0.1425541639328003,0.5778714418411255,0.559410810470581,0.5717609524726868,0.5644778609275818
2590,24,0.1572628617286682,76,1.6166207194328308,0.4961696043610573,0.7222588062286377,0.27435338497161865,0.7144464254379272,0.7480388879776001,0.7267292737960815,0.7264524698257446
2591,22,0.11282700300216675,33,1.1574714198708533,0.5667471364140511,0.24860644340515137,-0.003247976303100586,0.24081867933273315,0.11651611328125,0.23623043298721313,0.0572587251663208
2592,7,0.1681218147277832,180,1.7195544093847275,0.5792664140462875,0.5809600353240967,0.4694351553916931,0.5848067998886108,0.587805449962616,0.5834643840789795,0.5872606039047241
2593,5,0.2392757087945938,174,1.5188942551612854,0.4969129612048467,-0.004784584045410156,-0.006977558135986328,-0.009768366813659668,-0.008736848831176758,-0.01099860668182373,-0.014012336730957031
2594,10,0.17721256613731384,167,1.4372961878776551,0.4858748972415924,-0.03516650199890137,-0.0006425380706787109,-0.03288912773132324,-0.023024439811706543,-0.03554737567901611,-0.015288233757019043
2595,7,0.1914147585630417,54,0.9167779286702474,0.5225793980062008,0.6558139324188232,0.5755762457847595,0.6936686038970947,0.7014724016189575,0.695703387260437,0.7182329893112183
2596,6,0.14541493356227875,85,1.0081495642662048,0.3866880536079407,0.7159744501113892,0.6434235572814941,0.7131773233413696,0.7144155502319336,0.7147886753082275,0.7088811993598938
2597,9,0.2503747045993805,11,1.103456124663353,0.5261281251907348,-0.13337409496307373,-0.392319917678833,-0.18574833869934082,0.061239421367645264,-0.1975100040435791,0.04959589242935181
2598,12,0.13940992951393127,162,1.4602251450220745,0.565200987789366,0.46407783031463623,0.41400134563446045,0.4701434373855591,0.45687979459762573,0.4747224450111389,0.4501633048057556
2599,11,0.3270639479160309,61,0.6367869004607201,0.5161052346229553,0.7462242841720581,0.7379835247993469,0.7467957735061646,0.749704897403717,0.7494032382965088,0.745101809501648
2600,8,0.24477195739746094,63,1.6031025797128677,0.6186630800366402,0.1432672142982483,0.08520609140396118,0.13989108800888062,0.1533476710319519,0.14480936527252197,0.14897817373275757
2601,9,0.2144009917974472,150,0.7182283587753773,0.758842122554779,0.21361905336380005,0.0034900903701782227,0.23333734273910522,0.23412740230560303,0.20579087734222412,0.21110564470291138
2602,3,0.30948010087013245,174,1.0516263246536255,0.9519447088241577,0.05918484926223755,0.012418806552886963,0.059276580810546875,0.05535769462585449,0.05585747957229614,0.05707359313964844
2603,6,0.2193206399679184,85,2.247639298439026,0.3999997153878212,-0.02464914321899414,-0.019904732704162598,-0.02730274200439453,-0.012124300003051758,-0.024298548698425293,-0.012408137321472168
2604,14,0.12076042592525482,16,0.7436620056629181,0.7281086047490438,0.23651176691055298,0.21218043565750122,0.2599044442176819,0.2603669762611389,0.2662680149078369,0.27325016260147095
2605,6,0.1392364501953125,96,0.685207974910736,0.5059316158294678,0.36002111434936523,0.0402449369430542,0.35687577724456787,0.35370486974716187,0.3595823645591736,0.3577730655670166
2606,11,0.10512988269329071,5,1.2059757579118013,0.37904976308345795,0.4840235710144043,0.4391331672668457,0.2918906807899475,0.40157097578048706,0.3262892961502075,0.618492603302002
2607,24,0.11058840155601501,199,2.0058083534240723,0.6524448622214166,0.36882561445236206,0.3419259786605835,0.3652721047401428,0.36389291286468506,0.3631959557533264,0.36569488048553467
2608,10,0.28044238686561584,90,0.9528594513734182,0.618171466248376,0.7937822341918945,0.5830321311950684,0.792677640914917,0.791080117225647,0.7914890050888062,0.7947262525558472
2609,13,0.1725713610649109,10,1.359869933128357,0.3865178357809782,0.07800453901290894,0.3697224259376526,0.07341337203979492,0.24893885850906372,0.07654815912246704,0.2612549662590027
2610,11,0.11756002902984619,82,0.915013747555869,0.7426763437688351,0.13181984424591064,0.00017762184143066406,0.12904274463653564,0.12281537055969238,0.12423008680343628,0.12660157680511475
2611,11,0.2776288092136383,28,0.9989844659964243,0.6983897481113672,-0.17825937271118164,0.037499845027923584,-0.01928997039794922,-0.04625296592712402,0.09539544582366943,0.12211507558822632
2612,17,0.13744491338729858,79,1.1499456043044727,0.6083656468174674,0.08566933870315552,0.008667588233947754,0.08393597602844238,0.09032076597213745,0.08183079957962036,0.08444470167160034
2613,11,0.15653115510940552,133,0.9102295339107513,0.4366550263431337,0.07199221849441528,0.02061748504638672,0.07606756687164307,0.07726883888244629,0.07792830467224121,0.08038836717605591
2614,5,0.24927687644958496,24,0.6738966554403305,0.5913620591163635,0.2197781801223755,0.02502906322479248,0.1954643726348877,0.18420886993408203,0.20448178052902222,0.22645604610443115
2615,16,0.12979641556739807,107,1.0452894535329607,0.7281486775193896,0.47075867652893066,0.4342838525772095,0.4650166630744934,0.46663254499435425,0.4640883803367615,0.4689646363258362
2616,16,0.1350807398557663,80,1.513608564933141,0.41909131705760955,0.2796151638031006,0.25360172986984253,0.2790313959121704,0.2628461718559265,0.2812731862068176,0.2677032947540283
2617,6,0.1650920808315277,186,1.1410806328058243,0.46209052205085754,0.8507866263389587,0.2328299880027771,0.8403058648109436,0.8341552019119263,0.8427064418792725,0.8458428978919983
2618,24,0.1288103461265564,196,1.242509255806605,0.5275317389104102,0.14260321855545044,0.16538667678833008,0.13962328433990479,0.13142025470733643,0.13381177186965942,0.132696270942688
2619,8,0.19646383821964264,98,1.569607396920522,0.7429226040840149,-0.0012488365173339844,0.006808280944824219,-0.0068912506103515625,-0.024828791618347168,-0.01072084903717041,-0.01943373680114746
2620,5,0.2677363455295563,75,1.22604139149189,0.46972822149594623,0.9020556807518005,0.8818075656890869,0.899493396282196,0.9009212851524353,0.8984966278076172,0.8993554711341858
2621,14,0.26010483503341675,161,0.8872521619002024,0.6726021875034679,0.16328388452529907,0.10693734884262085,0.17347091436386108,0.18591803312301636,0.1695563793182373,0.1730402112007141
2622,12,0.13888701796531677,154,1.1089283909116472,0.5494168400764465,0.8533696532249451,0.13587957620620728,0.8618966341018677,0.881125807762146,0.8681501150131226,0.8742991089820862
2623,8,0.18635685741901398,130,1.3213756829500198,0.3695404417812824,0.8692117929458618,0.8215391635894775,0.8721138834953308,0.8696774244308472,0.8717349767684937,0.8723273873329163
2624,4,0.19186727702617645,161,1.0992728471755981,0.30429860949516296,0.8587048649787903,0.8004049062728882,0.859873354434967,0.8589960336685181,0.857960045337677,0.8579601049423218
2625,5,0.2354264110326767,163,1.5402382612228394,0.29952526092529297,-0.003554701805114746,0.004907011985778809,-0.005303144454956055,-0.011768102645874023,-0.004740476608276367,-0.0066879987716674805
2626,8,0.19780899584293365,18,1.2850573261578877,0.7609460115432739,-0.034159064292907715,-0.007767677307128906,-0.029918670654296875,-0.025597333908081055,-0.030771613121032715,-0.024343371391296387
2627,8,0.32783055305480957,190,1.196221649646759,0.9832337081432343,0.44113802909851074,0.23763632774353027,0.428475022315979,0.47878098487854004,0.4288053512573242,0.4211274981498718
2628,12,0.19303631782531738,134,0.6518239006400108,0.5663110949099064,0.7189374566078186,0.530110776424408,0.719199538230896,0.7127293348312378,0.7107003927230835,0.7135237455368042
2629,3,0.2754634618759155,172,0.7331907600164413,0.9378498792648315,0.010052204132080078,-0.009868264198303223,0.008567631244659424,0.007470846176147461,0.007997632026672363,0.007672905921936035
2630,17,0.12902383506298065,138,0.7028893580039343,0.5839279402386058,0.02771937847137451,0.06040751934051514,0.027126789093017578,0.04263174533843994,0.04129457473754883,0.018162429332733154
2631,4,0.16745303571224213,167,0.6160684823989868,0.45691001415252686,0.050709664821624756,0.03522610664367676,0.049688518047332764,0.05192124843597412,0.05163377523422241,0.05333304405212402
2632,3,0.19530554115772247,93,0.6882516890764236,0.5481271743774414,0.03229445219039917,-0.0004979372024536133,0.033731937408447266,0.02859264612197876,0.04004091024398804,0.03152745962142944
2633,13,0.1573195606470108,44,0.8957232385873795,0.612298823065228,0.718932569026947,0.7033904790878296,0.7074180841445923,0.7284576296806335,0.709155797958374,0.7309151887893677
2634,3,0.31790533661842346,143,1.9730024337768555,0.4695763364434242,0.5163304209709167,0.509149432182312,0.5164684057235718,0.5117583274841309,0.5108351111412048,0.5047813057899475
2635,5,0.12716980278491974,64,1.623195931315422,0.30598562955856323,0.8781834840774536,0.8782027363777161,0.8779879808425903,0.8781161308288574,0.8785467743873596,0.8786128163337708
2636,22,0.18791522085666656,41,1.1595946907997132,0.7114233514841866,0.6463526487350464,0.021643221378326416,0.5777895450592041,0.613154411315918,0.5643481016159058,0.5919572114944458
2637,13,0.10905246436595917,34,1.277850439151128,0.6216115823813847,0.8414525985717773,0.4373418688774109,0.841402530670166,0.8393950462341309,0.837815523147583,0.8441936373710632
2638,11,0.2911216616630554,151,0.6896425088246664,0.38461543805897236,0.578475832939148,0.5586625933647156,0.5759515762329102,0.5799472332000732,0.5777095556259155,0.581634521484375
2639,9,0.21427017450332642,112,0.9673665940761567,0.8434884175658226,0.6836354732513428,0.4770733118057251,0.6929981708526611,0.6771047115325928,0.6908887624740601,0.6812725067138672
2640,4,0.39394140243530273,93,1.1083437601725261,0.4902688264846802,0.14599162340164185,0.017053544521331787,0.15303516387939453,0.14099770784378052,0.15080630779266357,0.1544783115386963
2641,4,0.35298994183540344,54,0.41290730237960815,0.3922356963157654,-0.02249133586883545,-0.02905416488647461,-0.028655290603637695,-0.021950244903564453,-0.029776334762573242,-0.023785114288330078
2642,7,0.29366379976272583,16,1.0507934987545013,0.5146594345569611,0.2970035672187805,-0.05436086654663086,0.221560537815094,0.2644379138946533,0.1435038447380066,0.30088067054748535
2643,10,0.23595954477787018,69,1.8698177933692932,0.6421184812982877,0.7544306516647339,0.6061123013496399,0.7661927938461304,0.7629444599151611,0.7564972639083862,0.75593501329422
2644,4,0.2966099679470062,152,0.5337197780609131,0.5562572479248047,-0.039370059967041016,-0.0047795772552490234,-0.03431272506713867,-0.031737565994262695,-0.026758909225463867,-0.030014872550964355
2645,9,0.1398669183254242,163,0.965160584449768,0.5796405524015427,0.8263275623321533,0.6521016359329224,0.8267224431037903,0.827303409576416,0.826974630355835,0.8268073797225952
2646,12,0.22442486882209778,161,0.6560366451740265,0.6851708910294941,0.30779802799224854,0.015056788921356201,0.29486197233200073,0.2781851291656494,0.2899722456932068,0.2813032269477844
2647,14,0.11487558484077454,190,0.9677831113338471,0.6557396815882789,0.10179305076599121,0.07235908508300781,0.06674373149871826,0.06955951452255249,0.07908004522323608,0.08943432569503784
2648,10,0.22268979251384735,72,1.8628422915935516,0.4606290360291799,0.8451235294342041,0.44727039337158203,0.8426325917243958,0.847204864025116,0.8455556631088257,0.8450176119804382
2649,11,0.1074962317943573,195,0.7443824876099825,1.271638850371043,0.06719356775283813,0.013605177402496338,0.0675208568572998,0.07394009828567505,0.06861311197280884,0.07428896427154541
2650,6,0.18588918447494507,195,1.1832122579216957,0.4706123173236847,-0.006112337112426758,-0.015371084213256836,-0.0053212642669677734,-0.012490034103393555,-0.005214214324951172,-0.014288067817687988
2651,14,0.24860119819641113,88,1.1013911366462708,0.39716116189956663,0.8976923823356628,0.691504955291748,0.8880986571311951,0.7996170520782471,0.8763611316680908,0.8199056386947632
2652,11,0.1807362586259842,198,1.0218426287174225,0.7580757566860744,0.15652871131896973,0.13882142305374146,0.15770071744918823,0.15908491611480713,0.15831881761550903,0.16006481647491455
2653,18,0.11100061237812042,2,0.4227898195385933,0.6173230175461087,-0.6125426292419434,-0.2833578586578369,-0.560326099395752,-0.6216640472412109,-0.46791768074035645,-0.34802937507629395
2654,17,0.11828042566776276,24,1.0785308155146511,0.33507129549980164,-0.005110263824462891,-0.0209883451461792,-0.005670070648193359,-0.006457924842834473,-0.010186195373535156,-0.006112217903137207
2655,10,0.13796164095401764,70,0.878718501329422,0.47139596939086914,0.14826494455337524,0.33148980140686035,0.17443060874938965,0.2539827823638916,0.19910210371017456,0.25244224071502686
2656,8,0.3452761769294739,136,0.9637292822202047,0.5988901555538177,0.024108052253723145,-0.003382444381713867,0.014964580535888672,0.04890239238739014,0.0073923468589782715,0.042157769203186035
2657,5,0.16923373937606812,142,1.1627502242724101,0.4962928593158722,0.0160752534866333,-0.019756317138671875,0.0182226300239563,0.019536077976226807,0.01756608486175537,0.01875215768814087
2658,3,0.17218798398971558,63,1.4634041786193848,0.33658701181411743,0.16754508018493652,0.13871771097183228,0.18899035453796387,0.18170177936553955,0.1722334623336792,0.18642503023147583
2659,9,0.26855432987213135,78,0.8294084444642067,0.4453113943338394,0.513153076171875,0.4980134963989258,0.5272079706192017,0.4844161868095398,0.5139423608779907,0.5293052196502686
2660,6,0.2628611922264099,117,1.248753805955251,0.4425966540972392,0.8629158139228821,0.744310200214386,0.8553482294082642,0.8529949188232422,0.8607557415962219,0.8558799028396606
2661,14,0.2557155191898346,23,1.280524233977,0.5273530916734175,0.17086762189865112,0.15414845943450928,0.23341894149780273,0.24206650257110596,0.20202749967575073,0.2703757882118225
2662,14,0.16469736397266388,41,0.7612480670213699,0.3907358263220106,0.36327803134918213,0.20857787132263184,0.3495768904685974,0.3692576289176941,0.32815104722976685,0.3610532283782959
2663,7,0.14234954118728638,56,1.412305772304535,0.3446656862894694,0.9069668054580688,0.8332585096359253,0.9066495299339294,0.9076134562492371,0.9091907143592834,0.9055492281913757
2664,19,0.12186284363269806,7,0.8684753527243932,0.6377223649850259,0.2713767886161804,0.2536523938179016,0.19375276565551758,0.23164492845535278,0.1298883557319641,0.35520225763320923
2665,19,0.18593734502792358,24,0.7730338708920912,0.46590008959174156,-0.11718690395355225,-0.3451845645904541,-0.09865283966064453,-0.10919928550720215,-0.10181188583374023,-0.11530792713165283
2666,4,0.280415415763855,30,0.5436401218175888,0.4338441640138626,0.7000133991241455,0.5348907709121704,0.7010279893875122,0.7081695199012756,0.6978602409362793,0.715010404586792
2667,6,0.20943397283554077,49,1.4513952732086182,0.6368297636508942,0.4976550340652466,0.566015362739563,0.4924469590187073,0.5686808228492737,0.4835732579231262,0.5835076570510864
2668,14,0.10980232805013657,165,1.059441363811493,0.4909087187714047,0.17152565717697144,0.14752113819122314,0.17815637588500977,0.1711047887802124,0.17787611484527588,0.17647957801818848
2669,7,0.16445007920265198,22,1.2553335229555767,0.3239055201411247,0.23914027214050293,0.1792147159576416,0.25017815828323364,0.25396430492401123,0.24794870615005493,0.2431706190109253
2670,6,0.13013121485710144,35,1.4125165462493896,1.3679637908935547,0.0467262864112854,0.040428876876831055,0.04284125566482544,0.056298255920410156,0.05690896511077881,0.05761641263961792
2671,5,0.190226748585701,120,0.5578497648239136,0.7382787764072418,-0.017937898635864258,-0.010929703712463379,-0.015551209449768066,-0.01098489761352539,-0.01710951328277588,-0.012910246849060059
2672,3,0.37686774134635925,192,0.6309041976928711,1.0587058067321777,0.006259739398956299,-0.0013138055801391602,0.001996278762817383,0.013303875923156738,-0.0018297433853149414,0.003742694854736328
2673,11,0.18210168182849884,59,1.3165132602055867,0.6379108130931854,0.7304617166519165,0.7134653329849243,0.7295719385147095,0.7321970462799072,0.728533923625946,0.7324724197387695
2674,6,0.1926976442337036,127,1.5164916813373566,0.6526603400707245,0.41373008489608765,0.013097763061523438,0.41156864166259766,0.4101622700691223,0.40674889087677,0.40459585189819336
2675,6,0.16718001663684845,124,1.4927156567573547,0.6985189914703369,0.024477481842041016,0.010394454002380371,0.027248620986938477,0.028938770294189453,0.023564457893371582,0.027356445789337158
2676,5,0.32142800092697144,7,0.34628018736839294,0.919305332005024,0.04569828510284424,0.04191434383392334,0.029616057872772217,0.08810389041900635,0.05867654085159302,0.056343138217926025
2677,8,0.3651878535747528,99,0.6467242985963821,0.47062355279922485,-0.16888809204101562,-0.07355141639709473,-0.04414868354797363,-0.09045350551605225,-0.19846796989440918,-0.10727512836456299
2678,7,0.1669977903366089,13,0.8516047894954681,0.40066071848074597,-0.12005794048309326,-0.20814502239227295,-0.11655247211456299,-0.13069236278533936,-0.11700928211212158,-0.11126232147216797
2679,14,0.14678682386875153,116,1.321868618329366,0.5949369072914124,0.1422116756439209,0.11873877048492432,0.13919174671173096,0.14023393392562866,0.14370721578598022,0.13360732793807983
2680,17,0.1212601512670517,73,1.0064594199260075,0.5845364982431586,0.05435061454772949,0.010222077369689941,0.06349706649780273,0.07493245601654053,0.062424659729003906,0.06242954730987549
2681,7,0.16303135454654694,78,0.6084982305765152,0.878237247467041,0.02292454242706299,0.00878363847732544,0.02052783966064453,0.014934957027435303,0.021104395389556885,0.017077207565307617
2682,4,0.37579619884490967,94,1.5604007840156555,0.36271677911281586,0.21210068464279175,-0.01418769359588623,0.22369450330734253,0.22845041751861572,0.20005840063095093,0.23837530612945557
2683,5,0.13446128368377686,185,0.5996638139088949,0.3926977887749672,0.6780702471733093,0.6393916606903076,0.6779623031616211,0.6792105436325073,0.6875834465026855,0.6789819002151489
2684,5,0.22226884961128235,98,0.9773573279380798,0.3020230531692505,0.8182157874107361,0.25783371925354004,0.8114299178123474,0.7755981683731079,0.7843881845474243,0.8094371557235718
2685,15,0.1698925793170929,8,0.9882916301488877,0.5047440558671952,-0.046568989753723145,-0.07477021217346191,-0.037680625915527344,-0.027312397956848145,-0.043522000312805176,-0.01955115795135498
2686,15,0.15434730052947998,105,1.9936918497085572,0.7592012315988541,0.8485726118087769,0.6705918312072754,0.8186525106430054,0.7842914462089539,0.8296195268630981,0.7837893962860107
2687,5,0.3531840443611145,91,0.23738157749176025,0.5992373451590538,-0.011751294136047363,0.011613786220550537,-0.017774105072021484,0.007032930850982666,-0.018169522285461426,-0.003155231475830078
2688,7,0.18864308297634125,37,0.8783730864524841,0.6314572989940643,0.20084381103515625,0.2233414649963379,0.20537501573562622,0.22432976961135864,0.21503019332885742,0.22215312719345093
2689,5,0.25422507524490356,74,0.5110745131969452,0.3138747016588847,0.31596487760543823,0.16926735639572144,0.3220285177230835,0.314876914024353,0.3152719736099243,0.3181345462799072
2690,14,0.1282242387533188,38,2.048177707195282,0.5183413641320335,0.5681478381156921,0.06232309341430664,0.5628516674041748,0.5704145431518555,0.5476002097129822,0.5445009469985962
2691,12,0.10026322305202484,2,1.0319982596806117,0.5356614708900451,-0.04434216022491455,-0.0999377965927124,-0.04693603515625,-0.04751145839691162,-0.06048905849456787,-0.06284666061401367
2692,9,0.3906640410423279,126,1.0912464037537575,0.3940613035644804,0.41313815116882324,0.2124907374382019,0.3962886929512024,0.3686904311180115,0.3864351511001587,0.3831143379211426
2693,15,0.18270918726921082,136,0.705392986536026,0.4025515897406472,0.7829432487487793,0.281318724155426,0.7865135669708252,0.7950147390365601,0.7829734086990356,0.7925249338150024
2694,7,0.10388752073049545,24,1.0903126895427704,0.6150080561637878,-0.14005732536315918,-0.14416837692260742,-0.132857084274292,-0.20059490203857422,-0.1158515214920044,-0.2248384952545166
2695,10,0.16236919164657593,138,1.6995273232460022,0.4945188487569491,0.8121792078018188,0.8177424669265747,0.8144949674606323,0.8168225288391113,0.8155450224876404,0.8110266327857971
2696,9,0.25653332471847534,88,0.9146786133448283,0.5980134606361389,0.6640923023223877,0.25362181663513184,0.6682523488998413,0.6555953621864319,0.663650393486023,0.6768828630447388
2697,3,0.2987229824066162,73,0.20123545825481415,0.5583656802773476,0.8511500954627991,0.8027379512786865,0.8519367575645447,0.8512241840362549,0.8513295650482178,0.8520361185073853
2698,4,0.25495320558547974,93,0.5032415638367335,0.5810806751251221,0.013792157173156738,-0.009667515754699707,0.012859761714935303,0.012462019920349121,0.01350170373916626,0.014996528625488281
2699,5,0.3232249617576599,5,1.2325483957926433,0.7722227275371552,-0.49709010124206543,-0.3210357427597046,-0.48579227924346924,-0.2707946300506592,-0.461989164352417,-0.2865482568740845
2700,4,0.23050124943256378,129,0.5073682144284248,0.5873921662569046,-0.00568389892578125,0.004099249839782715,-0.006871700286865234,0.002178013324737549,-0.003913760185241699,0.0031806230545043945
2701,6,0.10448013991117477,105,1.7332719683647155,0.27441704273223877,0.19358551502227783,0.003406226634979248,0.1904289722442627,0.19797730445861816,0.19674533605575562,0.20652097463607788
2702,8,0.14801809191703796,29,0.7009078363577524,0.38509534299373627,0.07154935598373413,-0.007274627685546875,0.07763499021530151,0.0543440580368042,0.07751810550689697,0.06436830759048462
2703,5,0.11922002583742142,17,1.1089679151773453,0.5489346981048584,-0.08723592758178711,0.004086911678314209,-0.06547904014587402,-0.019211649894714355,-0.06427299976348877,-0.029178261756896973
2704,13,0.11790435761213303,149,1.1144292865480696,0.6989574780066808,0.27905595302581787,0.09255623817443848,0.28086888790130615,0.29039448499679565,0.268592894077301,0.2704727053642273
2705,4,0.2603515386581421,113,1.6013938188552856,0.43866516649723053,0.35634684562683105,0.36850160360336304,0.38793355226516724,0.2914170026779175,0.3677554130554199,0.3559049963951111
2706,3,0.34533992409706116,5,0.5752279460430145,0.7081084847450256,-0.03495192527770996,-0.11199915409088135,-0.037856221199035645,-0.13599729537963867,-0.030794858932495117,-0.12343752384185791
2707,7,0.3853277266025543,180,0.38580578565597534,0.6607951819896698,-0.10165071487426758,-0.11092424392700195,-0.10391533374786377,-0.10289144515991211,-0.10757637023925781,-0.09723305702209473
2708,9,0.1026025116443634,6,0.9700626544654369,0.32060420513153076,0.0014262199401855469,0.17386293411254883,0.008933305740356445,0.2060590386390686,0.013720571994781494,0.2133464217185974
2709,12,0.1961536705493927,200,1.2766396701335907,0.8135252315551043,0.7563266158103943,0.6346336603164673,0.752376139163971,0.7494909763336182,0.7532073855400085,0.7512292861938477
2710,15,0.15019449591636658,120,1.1632576485474904,0.4426977468861474,0.43589460849761963,0.4303799867630005,0.43801403045654297,0.4295107126235962,0.43885236978530884,0.43135470151901245
2711,23,0.10002253204584122,174,1.1013093180954456,0.6657151659329732,0.4546973705291748,0.05552798509597778,0.45868974924087524,0.4557327628135681,0.4575994610786438,0.45688140392303467
2712,14,0.13308072090148926,38,1.0412975421973638,0.5984533556870052,0.751095175743103,0.3402387499809265,0.7469056844711304,0.7698284983634949,0.748712420463562,0.7728948593139648
2713,5,0.1582830846309662,105,0.9504641989866892,0.7425088584423065,-0.005227565765380859,-0.010585188865661621,-0.004541635513305664,-0.008916735649108887,-0.008349418640136719,-0.00860905647277832
2714,7,0.148127943277359,76,1.540599837899208,0.6499966681003571,-0.03612542152404785,-0.036724090576171875,-0.036661386489868164,-0.04006075859069824,-0.03983187675476074,-0.03727364540100098
2715,12,0.14751732349395752,70,0.8866840203603109,0.6129684448242188,0.2589222192764282,0.2733108401298523,0.2622947096824646,0.2530823349952698,0.2555801272392273,0.24493205547332764
2716,4,0.19445286691188812,9,0.8230033914248148,1.2136784791946411,-0.16414058208465576,-0.13684093952178955,-0.14433681964874268,-0.13170063495635986,-0.1615595817565918,-0.11581230163574219
2717,13,0.15671251714229584,81,1.2133115381002426,0.39203646779060364,0.2918064594268799,0.049474895000457764,0.28776681423187256,0.28755050897598267,0.28791606426239014,0.2852410674095154
2718,13,0.22797070443630219,81,0.848078727722168,0.583708626528581,0.1755860447883606,0.13270598649978638,0.18480050563812256,0.16688579320907593,0.12815463542938232,0.19133496284484863
2719,7,0.33295851945877075,44,1.2015927314758301,0.6298948228359222,0.007832825183868408,-0.017320752143859863,-0.002109050750732422,-0.0003679990768432617,0.004871547222137451,0.0019030570983886719
2720,9,0.3497661352157593,169,1.959213525056839,0.8152317319597516,-0.003657221794128418,0.004788696765899658,0.05728501081466675,0.012245416641235352,0.09709209203720093,0.06597632169723511
2721,5,0.20721186697483063,57,0.6330121358235677,1.0284976661205292,0.883452832698822,0.8507892489433289,0.8832552433013916,0.8850957751274109,0.8856082558631897,0.8854802250862122
2722,6,0.13901759684085846,136,1.1120644211769104,0.3719110091527303,0.19856739044189453,0.09786200523376465,0.21714216470718384,0.24938112497329712,0.2382531762123108,0.25581908226013184
2723,7,0.3889152407646179,189,0.5559861858685812,0.5984520018100739,0.35012680292129517,0.28630387783050537,0.3581099510192871,0.3235996961593628,0.3467094898223877,0.3334025740623474
2724,14,0.10316213965415955,4,0.7521567605435848,0.844902237256368,0.005169272422790527,0.11332708597183228,-0.01324450969696045,0.14949077367782593,-0.011848211288452148,0.15893763303756714
2725,8,0.20144341886043549,154,1.0258085012435914,0.6632993022600809,-0.021039843559265137,-0.038103342056274414,-0.012756824493408203,-0.02479386329650879,-0.019414305686950684,-0.03205084800720215
2726,15,0.1375299096107483,114,0.9498594522476196,0.5285778433084488,0.5875719785690308,0.17313873767852783,0.5827804207801819,0.5905216336250305,0.5888941287994385,0.5966792702674866
2727,8,0.39389392733573914,119,2.9782767295837402,0.5316521277030309,0.9259624481201172,0.871334433555603,0.9221600294113159,0.9264240264892578,0.9249715209007263,0.9249626994132996
2728,6,0.11597058176994324,131,0.5865950683752695,0.6749573051929474,0.6279717683792114,0.3381955027580261,0.6266705989837646,0.6385595798492432,0.6314802169799805,0.6318914890289307
2729,4,0.3748706877231598,33,1.7787375450134277,0.26643094420433044,0.3711091876029968,0.024470806121826172,0.37249481678009033,0.3706625699996948,0.3671618103981018,0.36932438611984253
2730,3,0.22841541469097137,40,1.0025523900985718,1.251948595046997,-0.006921172142028809,0.001880943775177002,-0.01098179817199707,-0.03113269805908203,-0.00327455997467041,-0.020189762115478516
2731,11,0.1671086996793747,174,1.1737480238080025,0.5143472467150006,0.31586188077926636,0.047161638736724854,0.3172958493232727,0.3172244429588318,0.31882935762405396,0.3182453513145447
2732,15,0.15892836451530457,2,0.6251196682453155,0.5604746505618096,0.05885082483291626,0.09307605028152466,0.049296677112579346,0.11844587326049805,0.047730088233947754,0.13688033819198608
2733,24,0.1167052835226059,118,1.199354777733485,0.7467136507232984,-0.014621615409851074,-0.014708995819091797,-0.012920975685119629,-0.013138890266418457,-0.00860595703125,-0.012633442878723145
2734,12,0.14227785170078278,52,1.317859947681427,0.8658628463745117,-0.001201629638671875,0.012070536613464355,-0.0024091005325317383,0.04372280836105347,-0.0010777711868286133,0.024577617645263672
2735,7,0.22982792556285858,105,0.7557278722524643,0.4450809856255849,-0.0014022588729858398,-0.006120800971984863,-0.0028884410858154297,-0.001760721206665039,-0.0008779764175415039,-0.0024765729904174805
2736,17,0.12148001044988632,194,0.5555064007639885,0.6033381246603452,0.7099604606628418,0.706722617149353,0.7091805934906006,0.7090122699737549,0.7105213403701782,0.708634078502655
2737,19,0.11340118944644928,163,1.1497657125194867,0.5893222873027508,0.009874522686004639,-0.0004037618637084961,0.017951488494873047,0.029443562030792236,0.019106745719909668,0.02975541353225708
2738,18,0.11731718480587006,72,1.5366936326026917,0.44330236315727234,0.043732404708862305,0.006484687328338623,0.032758235931396484,0.016632139682769775,0.049401044845581055,0.05445736646652222
2739,14,0.10343970358371735,95,0.752428392569224,0.44899176359176635,0.8762045502662659,0.865628719329834,0.8728125691413879,0.8658624887466431,0.8692494630813599,0.8711007833480835
2740,9,0.31267014145851135,79,0.8565460244814554,0.3374188964565595,0.7701513767242432,0.3418083190917969,0.7613067030906677,0.7579495310783386,0.7413654327392578,0.7278541326522827
2741,7,0.14350491762161255,9,1.0220139722029369,0.33275238424539566,0.006863415241241455,0.13772451877593994,-0.004850625991821289,0.03728276491165161,0.004629790782928467,0.04248034954071045
2742,6,0.19278235733509064,139,0.434392637014389,0.2817178964614868,0.005226016044616699,-0.014476299285888672,0.007433593273162842,0.01450568437576294,0.005063772201538086,0.014714479446411133
2743,6,0.21455082297325134,22,1.535750076174736,0.458858922123909,0.2656099200248718,-0.039256930351257324,0.2664499282836914,0.2628575563430786,0.26553434133529663,0.27303099632263184
2744,7,0.21044331789016724,97,1.3182554244995117,0.4321901003519694,0.5052298307418823,0.4691827893257141,0.5038619041442871,0.5116699934005737,0.497398316860199,0.4971926808357239
2745,4,0.21583184599876404,196,1.7479547262191772,0.35373034079869586,0.17573195695877075,0.11780107021331787,0.17226886749267578,0.17406857013702393,0.17487859725952148,0.17031419277191162
2746,11,0.1468740552663803,43,0.9016837080319723,0.4555246904492378,-0.036101341247558594,-0.04096364974975586,-0.027388453483581543,-0.024978280067443848,-0.019721150398254395,-0.016407251358032227
2747,13,0.12307076901197433,127,0.6020374745130539,0.5455112142695321,0.28881633281707764,0.09716176986694336,0.2933337092399597,0.28777390718460083,0.2959495782852173,0.28643184900283813
2748,4,0.2547016441822052,168,0.739582896232605,0.34791719913482666,0.37724804878234863,0.3712882995605469,0.37845683097839355,0.37175214290618896,0.3755505084991455,0.3754681944847107
2749,3,0.16662533581256866,9,0.5903205126523972,0.27323028445243835,0.37184906005859375,0.2834293842315674,0.27654558420181274,0.32362550497055054,0.275287926197052,0.19565165042877197
2750,3,0.37166762351989746,55,0.3402065336704254,0.5076597630977631,0.07168662548065186,0.005880296230316162,0.06001925468444824,0.04505515098571777,0.07468748092651367,0.053676486015319824
2751,6,0.16249221563339233,170,0.865273505449295,0.32952065765857697,0.2970716953277588,0.22447127103805542,0.29914963245391846,0.29962509870529175,0.3008451461791992,0.29842180013656616
2752,7,0.378726065158844,95,0.6567673832178116,0.41096391280492145,0.4534337520599365,0.3518238067626953,0.4479248523712158,0.4545966386795044,0.4570455551147461,0.45988160371780396
2753,9,0.1443626433610916,180,0.9864602046353477,0.6310656815767288,0.21472376585006714,0.21630775928497314,0.2084638476371765,0.21337836980819702,0.20818430185317993,0.21661055088043213
2754,12,0.13601833581924438,96,0.8875224441289902,0.7259255852550268,0.024954140186309814,-0.0024268627166748047,0.020776808261871338,0.02307415008544922,0.02814573049545288,0.03601032495498657
2755,11,0.1371888667345047,10,1.6455832481384278,0.552150676647822,0.18659573793411255,0.10098779201507568,0.19065439701080322,0.17305415868759155,0.20939618349075317,0.16504216194152832
2756,6,0.1194772869348526,8,1.8161155184110005,0.35856735706329346,-0.17826664447784424,-0.14848995208740234,-0.1815357208251953,-0.13662827014923096,-0.188240647315979,-0.1990189552307129
2757,22,0.1214272528886795,136,0.8154848963022232,0.7127028182148933,0.8064948916435242,0.531403660774231,0.8088286519050598,0.8106635808944702,0.8099486827850342,0.812951922416687
2758,21,0.1364927738904953,99,0.7254101485013962,0.8294470619696838,0.20983928442001343,0.08060067892074585,0.2199222445487976,0.27656179666519165,0.21562671661376953,0.2645021080970764
2759,11,0.14484764635562897,169,0.34682177752256393,0.8980747972215924,0.7154206037521362,0.22289150953292847,0.7133423089981079,0.7149426937103271,0.7153909206390381,0.7181925773620605
2760,24,0.11388230323791504,111,0.9428692294491662,0.6623226632674535,0.5262647867202759,0.3402663469314575,0.4902547001838684,0.4879722595214844,0.4777076244354248,0.5205370187759399
2761,8,0.276728093624115,112,0.6369639138380686,0.5403006076812744,0.7888120412826538,0.7314301133155823,0.7870832681655884,0.7811184525489807,0.7911620140075684,0.7790502905845642
2762,6,0.3118763566017151,108,1.0399574041366577,0.5754604339599609,0.4631061553955078,0.01770681142807007,0.4685683846473694,0.45655912160873413,0.4593580365180969,0.46249842643737793
2763,11,0.11322836577892303,59,0.9577856719493866,0.9132698575655619,0.2962343692779541,-0.015055537223815918,0.13471686840057373,0.23887473344802856,0.008892655372619629,0.18328732252120972
2764,22,0.1596692055463791,114,0.9974105000495911,0.5560715461478514,0.83305424451828,0.09501457214355469,0.8330965042114258,0.8331902027130127,0.8355405330657959,0.8325852155685425
2765,3,0.11874429881572723,28,2.225482225418091,0.4956558048725128,0.5179486870765686,0.46766066551208496,0.5194740295410156,0.5136309862136841,0.5104459524154663,0.514896035194397
2766,10,0.226971834897995,31,1.4589291214942932,1.0735228317124503,0.5513828992843628,0.5328295230865479,0.5502736568450928,0.5805804133415222,0.5494391322135925,0.587859570980072
2767,4,0.1298665553331375,180,0.8651423652966818,0.5617759823799133,0.007589578628540039,-0.013173699378967285,0.005062460899353027,0.006361067295074463,0.006709933280944824,0.003623783588409424
2768,4,0.3199741244316101,14,1.0747075378894806,0.2305988147854805,0.009622573852539062,0.015102565288543701,0.015299618244171143,0.017469465732574463,0.006926596164703369,0.02624589204788208
2769,11,0.22680293023586273,163,0.4619027376174927,0.7876442819833755,0.04540228843688965,0.04141348600387573,0.043726563453674316,0.046693384647369385,0.04585999250411987,0.04326063394546509
2770,11,0.3598323166370392,200,0.705181896686554,0.5482164886262682,0.4291706681251526,0.42406517267227173,0.4453832507133484,0.43569570779800415,0.4374457001686096,0.43485087156295776
2771,8,0.10796526819467545,5,0.9429449364542961,0.6093670427799225,0.30967748165130615,0.4836292266845703,0.2941201329231262,0.5665381550788879,0.35118424892425537,0.5693267583847046
2772,17,0.11912024021148682,170,1.0176005181339052,0.5936532896012068,0.7530829906463623,0.393158495426178,0.7539730668067932,0.7414705753326416,0.7515188455581665,0.746772289276123
2773,7,0.11822257936000824,90,1.0902461806933086,1.794734001159668,-0.01177513599395752,0.006818056106567383,-0.01866602897644043,5.054473876953125e-05,-0.021221518516540527,-0.001954793930053711
2774,23,0.1028624102473259,66,1.1152571539084117,0.9064387959592483,0.40791815519332886,0.3897324204444885,0.40775513648986816,0.40812021493911743,0.4047973155975342,0.4119471311569214
2775,3,0.15041734278202057,144,1.7588344812393188,0.5549269318580627,0.11208629608154297,0.010837852954864502,0.11270374059677124,0.1146363615989685,0.11333560943603516,0.1124565601348877
2776,21,0.10339480638504028,118,0.7303464710712433,0.667998081445694,0.05127835273742676,0.014570236206054688,0.043945908546447754,0.0383114218711853,0.0394519567489624,0.042814552783966064
2777,3,0.1656004637479782,122,0.5872688293457031,0.6276815533638,-0.007181882858276367,-0.0028769969940185547,-0.005852460861206055,-0.007906079292297363,-0.005393266677856445,-0.005091547966003418
2778,4,0.15564902126789093,163,0.8598679304122925,0.7733572125434875,0.2150213122367859,-0.01623213291168213,0.21579360961914062,0.21401602029800415,0.20861691236495972,0.210649311542511
2779,10,0.12940402328968048,92,0.6873785803715388,0.5354620441794395,0.4494009017944336,0.04325228929519653,0.44972074031829834,0.44897526502609253,0.45067018270492554,0.44720542430877686
2780,18,0.14690475165843964,35,0.7004868884881338,0.5499123993019263,0.007147848606109619,0.00038176774978637695,0.0076790452003479,-0.0005029439926147461,0.003679037094116211,0.0021112561225891113
2781,16,0.11144962161779404,95,1.056275036599901,0.6808813831635884,0.6939160227775574,0.6737592816352844,0.6871247291564941,0.6914415955543518,0.6879673004150391,0.6898670196533203
2782,11,0.12169046700000763,29,0.6390936566250665,0.5003235302865505,0.19369393587112427,-0.06345391273498535,0.24565011262893677,0.12850874662399292,0.29926276206970215,0.218619704246521
2783,4,0.2393433153629303,148,0.4529944062232971,0.582864299416542,-0.018038153648376465,-0.05210423469543457,-0.030939340591430664,-0.023709893226623535,-0.029587745666503906,-0.024253487586975098
2784,10,0.18731822073459625,160,0.650102898478508,0.49449261526266736,0.44700801372528076,0.1036374568939209,0.4220731258392334,0.46839141845703125,0.4141544699668884,0.443861186504364
2785,9,0.28667008876800537,44,1.0023000463843346,0.6225149750709533,0.4648645520210266,0.228346049785614,0.4417766332626343,0.43345797061920166,0.4170186519622803,0.4074462652206421
2786,6,0.21218714118003845,19,0.639777476588885,0.4620445966720581,0.04398787021636963,0.0020786523818969727,0.07500219345092773,0.09883791208267212,0.07539856433868408,0.1157107949256897
2787,19,0.10314632207155228,152,1.0799069069325924,0.5877583365548741,0.5670621395111084,-0.007167458534240723,0.5690000057220459,0.5663982629776001,0.5639499425888062,0.572429895401001
2788,3,0.2368011325597763,142,1.024062991142273,0.5368473529815674,0.11361807584762573,-0.01597452163696289,0.12079906463623047,0.11305296421051025,0.11949479579925537,0.11823403835296631
2789,10,0.10728832334280014,13,0.8266702368855476,0.6793126165866852,-0.30423617362976074,-0.41409921646118164,-0.3365236520767212,-0.14747166633605957,-0.2993515729904175,-0.14342308044433594
2790,4,0.19645938277244568,8,1.0832455853621166,0.4727047085762024,-0.10332202911376953,-0.012303590774536133,-0.11154627799987793,-0.09811019897460938,-0.1374291181564331,-0.14341211318969727
2791,11,0.11293584108352661,74,1.0897211730480194,0.6713735818862915,-0.01426708698272705,-0.02612125873565674,-0.02744448184967041,-0.012666702270507812,-0.0257796049118042,-0.016609549522399902
2792,9,0.30325791239738464,136,0.7571671307086945,0.6245266735553742,0.5159144401550293,0.24615412950515747,0.5228610038757324,0.5200130939483643,0.5236828923225403,0.5168846845626831
2793,13,0.15560385584831238,172,1.2244219382603962,0.48535798117518425,0.5338127613067627,0.038390934467315674,0.5348189473152161,0.5398470759391785,0.5327239036560059,0.5371147990226746
2794,7,0.18503832817077637,158,0.8598170503973961,0.44224055608113605,-0.004378080368041992,-0.012103796005249023,-0.0007838010787963867,-0.0004407167434692383,0.0006232857704162598,0.0017334222793579102
2795,6,0.12174206227064133,152,1.0774558385213215,1.1992848912874858,-0.014434814453125,-0.021688342094421387,-0.007362842559814453,-0.012418985366821289,-0.008893609046936035,-0.011233806610107422
2796,11,0.2605351209640503,178,1.276140034198761,0.46391306817531586,0.26504987478256226,0.2507389783859253,0.25958752632141113,0.24797415733337402,0.25696033239364624,0.2597770690917969
2797,12,0.2018495798110962,33,1.1854591608047484,0.6754714569875172,0.0631217360496521,0.1265447735786438,-0.2062845230102539,0.1538447141647339,-0.08030641078948975,-0.034340739250183105
2798,8,0.24435172975063324,87,1.0011025071144104,0.46227020025253296,-0.048427581787109375,-0.052734971046447754,-0.04915201663970947,-0.04771697521209717,-0.04769706726074219,-0.04551815986633301
2799,21,0.1439192146062851,85,1.076976552605629,0.5937460599576726,0.6464874744415283,0.06337785720825195,0.6571970582008362,0.6470253467559814,0.6653828024864197,0.6554789543151855
2800,4,0.31601235270500183,61,1.5752719044685364,0.4612138271331787,0.09007149934768677,-0.014991402626037598,0.10183817148208618,0.0989675521850586,0.08180123567581177,0.08309251070022583
2801,6,0.19879452884197235,171,0.6566441148519516,0.2652510404586792,0.08389943838119507,0.023617446422576904,0.08168643712997437,0.08262795209884644,0.08215945959091187,0.07894617319107056
2802,6,0.17297311127185822,164,0.9570543169975281,0.7056475281715393,0.47195351123809814,0.1699926257133484,0.46989351511001587,0.46983611583709717,0.4718194007873535,0.4700092673301697
2803,21,0.17414610087871552,104,0.797550642490387,0.3950102347880602,0.16163700819015503,0.12447875738143921,0.14469027519226074,0.1340978741645813,0.1545708179473877,0.13281410932540894
2804,3,0.38036873936653137,59,0.8630085289478302,0.40458452701568604,0.2163703441619873,0.13353049755096436,0.21229010820388794,0.2100886106491089,0.21447241306304932,0.21467119455337524
2805,22,0.12441928684711456,161,1.0124184985955555,0.5609089843928814,0.8565041422843933,0.7947447299957275,0.8377133011817932,0.864202082157135,0.8463218212127686,0.851952075958252
2806,8,0.18481825292110443,52,0.6405258476734161,0.6822307854890823,0.5640928745269775,-0.02273547649383545,0.5661822557449341,0.5168945789337158,0.5690001249313354,0.5357159376144409
2807,4,0.14691217243671417,32,0.4904678761959076,0.9721833169460297,-0.44023704528808594,-0.0313265323638916,-0.41810476779937744,-0.002920389175415039,-0.4463071823120117,0.008268594741821289
2808,6,0.17415641248226166,43,0.6255167350172997,0.922601968050003,-0.004689693450927734,-0.010646700859069824,-0.004043221473693848,-0.013560771942138672,-0.005875587463378906,-0.009415268898010254
2809,6,0.19522109627723694,117,0.4691741267840068,0.260556826988856,-0.0001283884048461914,-0.030599594116210938,0.0005928874015808105,0.01907140016555786,0.009096980094909668,0.021320581436157227
2810,7,0.2019614279270172,82,1.0353240668773651,0.5340831488370895,-0.02378368377685547,-0.00266873836517334,-0.025529980659484863,-0.02599799633026123,-0.01723766326904297,-0.02915501594543457
2811,7,0.26191890239715576,118,0.9525793194770813,0.9884128570556641,-0.019554972648620605,-0.07206106185913086,-0.011293411254882812,-0.029593825340270996,-0.020051956176757812,-0.014441490173339844
2812,7,0.11112543940544128,54,1.1114395081996917,0.39554786682128906,0.5919173955917358,0.47431403398513794,0.5928540229797363,0.5954254865646362,0.5913011431694031,0.5829149484634399
2813,11,0.2704205811023712,27,1.3562390208244324,0.4540877441565196,0.02577286958694458,0.027456223964691162,0.026555776596069336,0.03761333227157593,0.022483348846435547,0.035094499588012695
2814,8,0.20392470061779022,179,0.5033548474311829,0.4203857531150182,-0.038403868675231934,-0.029717087745666504,-0.0300217866897583,-0.03600656986236572,-0.038985490798950195,-0.04107952117919922
2815,9,0.11125114560127258,49,1.0989406829078991,0.36854998270670575,0.27203232049942017,0.1221572756767273,0.2874496579170227,0.2813259959220886,0.2692570090293884,0.27216821908950806
2816,11,0.2133338749408722,54,0.3394905626773834,0.48890595469209885,0.18826442956924438,0.17994117736816406,0.18669021129608154,0.2184830904006958,0.18698251247406006,0.23084062337875366
2817,9,0.255562961101532,123,0.5965548932552338,0.31781477853655815,0.3150865435600281,0.014052093029022217,0.3193243741989136,0.31042593717575073,0.31324702501296997,0.32815736532211304
2818,7,0.18394753336906433,121,1.2641606330871582,0.5887269973754883,0.4929882884025574,0.23304080963134766,0.4901665449142456,0.48803216218948364,0.4882439374923706,0.48631060123443604
2819,5,0.1702653020620346,166,0.6947985962033272,0.20285984873771667,-0.030692219734191895,-0.019664287567138672,-0.02776515483856201,-0.036216139793395996,-0.03355205059051514,-0.03925001621246338
2820,21,0.10351714491844177,23,1.0643829926848412,0.7696651701743786,-0.08270573616027832,-0.12221753597259521,-0.09827113151550293,-0.12240374088287354,-0.07542896270751953,-0.07041823863983154
2821,23,0.1098092645406723,173,1.3341715998119779,0.5685961299708912,0.5810637474060059,0.1894562840461731,0.5731627941131592,0.5835724472999573,0.5771548748016357,0.5810351371765137
2822,9,0.10983756929636002,106,1.4064912647008896,0.9448774099349976,0.24492686986923218,-0.03258156776428223,0.24459725618362427,0.2562263607978821,0.2507702112197876,0.2552403211593628
2823,10,0.23340900242328644,22,0.763695240020752,0.6167817456381661,-0.028115153312683105,-0.2068115472793579,-0.03849196434020996,0.030335724353790283,-0.01655113697052002,-0.012937068939208984
2824,7,0.32601678371429443,24,3.5984885692596436,0.7257162580887476,-0.013723254203796387,0.05332469940185547,-0.004590392112731934,-0.010347485542297363,0.0015581846237182617,-0.018497943878173828
2825,6,0.2207697629928589,111,0.9671017328898112,0.5423048635323843,-0.01308298110961914,0.0008112192153930664,-0.00955653190612793,-0.019353151321411133,-0.014608263969421387,-0.021206259727478027
2826,6,0.1717434972524643,185,1.401395606994629,2.015592098236084,0.09200417995452881,0.09582549333572388,0.09282076358795166,0.08819913864135742,0.0897594690322876,0.0900927186012268
2827,5,0.1034865453839302,55,1.0916949212551117,0.7182669639587402,0.5158178210258484,0.010058045387268066,0.5153537392616272,0.5147356986999512,0.5182827711105347,0.5158513784408569
2828,19,0.12642866373062134,41,1.0261085544313704,0.5258962462345759,0.1951187252998352,0.2051442265510559,0.20260125398635864,0.24244582653045654,0.20927977561950684,0.22842764854431152
2829,11,0.22751247882843018,144,0.49697813391685486,0.635540926030704,0.4966999292373657,0.012118339538574219,0.49686044454574585,0.5006153583526611,0.4903930425643921,0.5001606941223145
2830,6,0.27032896876335144,4,0.2538831830024719,0.8673234820365906,-0.36866867542266846,-0.22782611846923828,-0.3342292308807373,-0.2348918914794922,-0.30706071853637695,-0.2805294990539551
2831,9,0.1502695381641388,134,1.1285632371902465,0.6537248939275742,-0.07984435558319092,-0.16240441799163818,-0.08019721508026123,-0.07321035861968994,-0.09497952461242676,-0.06808853149414062
2832,11,0.10960030555725098,24,1.428393006324768,0.5471630692481995,-0.258703351020813,-0.06711411476135254,-0.17728173732757568,-0.10265016555786133,-0.07580137252807617,-0.13158345222473145
2833,3,0.2451290786266327,97,0.5221658796072006,0.5709453225135803,0.1478952169418335,0.11882674694061279,0.15036022663116455,0.15127718448638916,0.15106701850891113,0.15028375387191772
2834,7,0.22653207182884216,70,2.642306923866272,0.6789609670639039,0.6968423128128052,0.34227824211120605,0.694217324256897,0.6960304379463196,0.6954878568649292,0.6924453377723694
2835,14,0.18763886392116547,23,1.048237042767661,0.5035929083824158,0.5544664859771729,-0.10479307174682617,0.574600100517273,0.5660808086395264,0.5315282940864563,0.576616644859314
2836,9,0.13749580085277557,44,1.0284571886062621,1.0134863406419754,0.19144856929779053,0.27530449628829956,0.1846003532409668,0.16514867544174194,0.19804388284683228,0.1769580841064453
2837,14,0.1126699149608612,73,1.0533389925956727,0.9791127393643061,-0.14948976039886475,-0.10795283317565918,-0.10856139659881592,-0.05602705478668213,-0.11787915229797363,-0.12221121788024902
2838,5,0.1806914210319519,48,1.2581795752048492,0.5558427025874456,0.03258746862411499,0.023319721221923828,0.02274233102798462,0.05671060085296631,0.026409506797790527,0.05674344301223755
2839,8,0.1275087147951126,34,1.3155015309651692,0.5822678923606872,-0.026238441467285156,-0.021793484687805176,-0.03136777877807617,-0.02182459831237793,-0.025040149688720703,-0.02071976661682129
2840,14,0.13700538873672485,179,1.0453399817148845,0.6544651605866172,0.8992661237716675,0.3179295063018799,0.8998277187347412,0.898110568523407,0.898798942565918,0.8999752998352051
2841,8,0.10353481769561768,139,1.2983670433362324,0.6931369841098786,0.1252899169921875,-0.0013823509216308594,0.14851564168930054,0.10977178812026978,0.12181669473648071,0.132271409034729
2842,13,0.22571545839309692,170,1.9480043252309163,0.6724209517240525,0.4841325879096985,0.41869670152664185,0.49139606952667236,0.4789625406265259,0.49026674032211304,0.480074405670166
2843,20,0.10775087773799896,12,0.9731061259905497,0.5409613911594663,0.3426458239555359,0.22463053464889526,0.33487170934677124,0.28260254859924316,0.3196072578430176,0.262661874294281
2844,21,0.12693029642105103,178,1.2044992049535115,0.4618680626153946,0.6479013562202454,0.46868032217025757,0.6504378318786621,0.6494278907775879,0.646629273891449,0.636553168296814
2845,15,0.1243869811296463,133,0.8197607398033142,0.45186113317807514,0.27208995819091797,0.07403188943862915,0.2820562720298767,0.2967711091041565,0.2732672691345215,0.2958625555038452
2846,8,0.27577540278434753,56,1.1543986648321152,0.4443089924752712,-0.1621798276901245,-0.16132724285125732,-0.15633893013000488,-0.16332650184631348,-0.1742779016494751,-0.1604701280593872
2847,12,0.13687361776828766,53,0.8959946632385254,0.4154659528285265,-0.046626925468444824,-0.0984182357788086,-0.05263686180114746,-0.031058192253112793,-0.041828155517578125,-0.03519892692565918
2848,25,0.10676878690719604,8,0.9369555049472384,0.49112336803227663,-0.13227546215057373,-0.12184250354766846,-0.135390043258667,-0.09667444229125977,-0.1291426420211792,-0.08812177181243896
2849,4,0.39689600467681885,134,0.26673491299152374,0.5650383234024048,0.24548548460006714,0.14038491249084473,0.24656009674072266,0.24379897117614746,0.25131386518478394,0.254876971244812
2850,8,0.3166215419769287,188,0.989323079586029,0.6996689587831497,0.4263443946838379,0.2701297998428345,0.43117159605026245,0.42956727743148804,0.4304584264755249,0.43004411458969116
2851,9,0.12186839431524277,166,0.9211605787277222,0.5450526972611746,0.12495946884155273,0.0009379386901855469,0.12499362230300903,0.12800604104995728,0.12701928615570068,0.12702780961990356
2852,3,0.21263346076011658,167,0.4185764789581299,0.24272319674491882,0.3545958399772644,0.36629635095596313,0.3603448271751404,0.3776892423629761,0.36212241649627686,0.3673514723777771
2853,15,0.11314986646175385,127,1.0389438599348069,0.6752729669213295,0.7220475673675537,0.030295968055725098,0.7091636061668396,0.7257261276245117,0.6901931762695312,0.7126052379608154
2854,10,0.24728919565677643,186,1.0742295607924461,0.8931460032860438,0.08754205703735352,-0.06436264514923096,0.1178625226020813,0.08000719547271729,0.10467815399169922,0.06135469675064087
2855,9,0.16729576885700226,38,0.7021869570016861,0.6281381368637085,-0.003778696060180664,0.006139934062957764,-0.016027212142944336,-0.035558104515075684,-0.0033420324325561523,-0.031109929084777832
2856,10,0.34620779752731323,162,1.865934133529663,0.6977566983550787,0.11732184886932373,-0.004833221435546875,0.030225515365600586,0.041027724742889404,0.014090538024902344,0.010290026664733887
2857,6,0.3328002095222473,13,0.48233647644519806,0.3737541437149048,-0.4237769842147827,-0.034480929374694824,-0.44285285472869873,-0.3419073820114136,-0.34650754928588867,-0.38435661792755127
2858,3,0.18488268554210663,34,1.2161014080047607,0.2832925245165825,0.7112607955932617,0.6091577410697937,0.7032567262649536,0.7121557593345642,0.709860622882843,0.7110088467597961
2859,7,0.1296454519033432,141,1.1296868175268173,0.6253711382548014,0.9166637063026428,0.896814227104187,0.9157968759536743,0.917792558670044,0.9172984957695007,0.915907084941864
2860,10,0.12514053285121918,79,1.4332017421722412,0.6972702980041504,0.9060948491096497,0.31113314628601074,0.9067103266716003,0.9042942523956299,0.9049768447875977,0.9056909084320068
2861,15,0.13598386943340302,47,0.8929866701364517,0.42911002337932586,0.05627256631851196,0.07440382242202759,0.053626418113708496,0.09038525819778442,0.06202530860900879,0.08821290731430054
2862,4,0.3548625707626343,74,0.4705672065416972,0.26166266202926636,0.4303979277610779,0.3804042339324951,0.43299299478530884,0.43557995557785034,0.43890106678009033,0.4330790042877197
2863,13,0.19330251216888428,80,0.8597017228603363,0.6068703002399869,0.47991102933883667,0.013014793395996094,0.4794265031814575,0.42512601613998413,0.4820106625556946,0.4693489074707031
2864,3,0.24035301804542542,82,0.6604245603084564,1.167218565940857,-0.15647637844085693,-0.05030667781829834,-0.13228905200958252,-0.16013872623443604,-0.16104662418365479,-0.15507936477661133
2865,11,0.24717585742473602,54,0.6074898958206176,0.6635381132364273,0.29876279830932617,0.23300880193710327,0.3022756576538086,0.3017522692680359,0.3030102849006653,0.32084476947784424
2866,7,0.14625850319862366,32,0.9045699735482534,0.8496080189943314,0.377052366733551,0.3766666650772095,0.37486326694488525,0.3874012231826782,0.38080281019210815,0.38840752840042114
2867,7,0.12092635035514832,193,1.029264211654663,0.5827123125394186,0.22766077518463135,0.03680551052093506,0.2260226011276245,0.2203938364982605,0.22506314516067505,0.22174155712127686
2868,7,0.15095092356204987,10,1.3168473988771439,0.7964955369631449,0.09178578853607178,-0.057935476303100586,0.13570022583007812,0.1356322169303894,-0.008319258689880371,0.08380550146102905
2869,14,0.10801248252391815,55,1.3717745410071478,0.30514676570892335,-0.03439199924468994,-0.15460443496704102,-0.03175842761993408,-0.05432462692260742,-0.031313180923461914,-0.04951441287994385
2870,14,0.26760563254356384,148,1.0043320655822754,0.7080817452885888,0.7987428307533264,0.07590866088867188,0.7985836267471313,0.8000392317771912,0.7999210357666016,0.7993367314338684
2871,18,0.12075771391391754,105,1.05932979285717,0.6393775365182331,0.44397664070129395,0.38928425312042236,0.4393007755279541,0.4583684802055359,0.4548773169517517,0.44579529762268066
2872,10,0.3174377679824829,130,1.6961046010255814,0.4627424056331317,0.48601365089416504,0.4210866093635559,0.48139631748199463,0.4616060256958008,0.4669201970100403,0.4709833860397339
2873,25,0.11531540751457214,69,1.1211522420247395,0.5617422147801048,0.7397499084472656,0.07129162549972534,0.7377288937568665,0.6348406076431274,0.6983402967453003,0.6802389025688171
2874,17,0.12649507820606232,2,0.46972373127937317,0.5116636076798806,0.10614824295043945,0.05433046817779541,0.08606213331222534,0.14810991287231445,0.10968804359436035,0.21291232109069824
2875,17,0.2602044939994812,181,1.0489095896482468,0.5382194576355127,0.019046664237976074,0.0034470558166503906,0.03547924757003784,0.04810535907745361,0.03883463144302368,0.06058603525161743
2876,10,0.11842738837003708,145,0.7369334816932678,0.53304423391819,0.6854757070541382,0.6969096064567566,0.6914573311805725,0.6908623576164246,0.6884981989860535,0.6879295110702515
2877,11,0.1395893692970276,101,1.1392920315265656,0.6741003811359405,0.22373372316360474,0.1003957986831665,0.22091984748840332,0.22414368391036987,0.22069382667541504,0.23138272762298584
2878,12,0.13064676523208618,30,1.544025495648384,0.8630923070013523,0.752727210521698,0.7509803771972656,0.6841443181037903,0.7667678594589233,0.6791167855262756,0.7352256774902344
2879,3,0.1812867522239685,90,1.2818093299865723,0.8594692945480347,-0.05084121227264404,-0.02417731285095215,-0.06108427047729492,-0.07304167747497559,-0.055718064308166504,-0.06122183799743652
2880,5,0.3182709813117981,125,1.4073440432548523,0.33085130900144577,0.3302164673805237,-0.02886807918548584,0.3312377333641052,0.3318766951560974,0.3446747064590454,0.349088191986084
2881,25,0.11145652830600739,164,1.3770005192075456,0.6683858947621452,0.20875239372253418,0.2114274501800537,0.23406118154525757,0.23530614376068115,0.22729283571243286,0.24112653732299805
2882,5,0.1685783565044403,45,0.8509785532951355,0.27822688966989517,0.15958088636398315,0.25580495595932007,0.194729745388031,0.2835223078727722,0.1471201777458191,0.2877865433692932
2883,8,0.331438273191452,98,0.5703174074490865,0.5588440835475922,-0.006645083427429199,-0.03770864009857178,-0.01276552677154541,-0.0022965669631958008,-0.006159067153930664,-0.0015118122100830078
2884,8,0.19082960486412048,76,1.1310361921787262,0.4328278973698616,0.4009394645690918,0.1344202756881714,0.42034703493118286,0.4028030037879944,0.42444151639938354,0.41675692796707153
2885,12,0.22410520911216736,18,1.5247840881347656,0.5100018514527215,0.25347888469696045,0.28372007608413696,0.3230826258659363,0.2773348093032837,0.34232765436172485,0.3282959461212158
2886,8,0.15841782093048096,42,1.771748661994934,1.0026114284992218,0.33506399393081665,0.09127956628799438,0.31471019983291626,0.3039049506187439,0.2981542944908142,0.2969934344291687
2887,16,0.10760898143053055,127,1.0087094567716122,0.4833311028778553,0.005165696144104004,-0.0005441904067993164,0.0040381550788879395,0.003809988498687744,0.006191551685333252,0.006445944309234619
2888,16,0.18466025590896606,107,1.5780468881130219,0.6921211133400599,0.4715460538864136,0.19546782970428467,0.4763091206550598,0.4559975266456604,0.4877217411994934,0.45122987031936646
2889,8,0.2762071192264557,43,0.9419852693875631,0.7923474788665772,-0.043219685554504395,-0.026166796684265137,-0.035626888275146484,-0.0451204776763916,-0.03783714771270752,-0.03875696659088135
2890,7,0.24870745837688446,90,1.3623901903629303,0.3337336480617523,0.634091854095459,0.5525591373443604,0.6297401189804077,0.6261322498321533,0.6280392408370972,0.6341584324836731
2891,10,0.1267344057559967,39,1.078231583038966,0.5751026123762131,-0.11748826503753662,-0.1079256534576416,-0.11267948150634766,-0.09384477138519287,-0.10333943367004395,-0.09855198860168457
2892,9,0.22671601176261902,30,0.9327419996261597,0.501882071296374,0.09571188688278198,0.08301657438278198,0.0937201976776123,0.08657920360565186,0.09082883596420288,0.0810423493385315
2893,21,0.10646048188209534,64,0.7675771361047571,0.8040930241346359,-0.02707040309906006,-0.0017992258071899414,-0.017293930053710938,-0.012204885482788086,-0.023671746253967285,-0.01169586181640625
2894,3,0.3182210922241211,25,0.9577873349189758,0.5920650959014893,0.01538783311843872,0.02266514301300049,0.019319891929626465,0.01910269260406494,0.01100534200668335,0.016289889812469482
2895,7,0.10239888727664948,27,0.989684009552002,0.4095878601074219,0.13417237997055054,0.004432499408721924,0.14533191919326782,0.11278045177459717,0.09717154502868652,0.15361475944519043
2896,18,0.10049580037593842,53,1.2705935421917174,0.6043881906403435,0.8075273036956787,0.15830594301223755,0.7848471403121948,0.7453990578651428,0.7811146974563599,0.767339825630188
2897,8,0.1595996469259262,98,1.2379889686902363,0.7701582461595535,-0.001247406005859375,-0.001718282699584961,-0.0024306774139404297,-0.001317739486694336,-0.003254532814025879,-0.0024291276931762695
2898,12,0.15116819739341736,72,1.516176442305247,0.5710954368114471,0.43699491024017334,0.37883538007736206,0.43119996786117554,0.4660101532936096,0.4399781823158264,0.4270946979522705
2899,10,0.11225219815969467,142,0.81468748797973,0.645444706082344,0.26544874906539917,0.28477221727371216,0.25845813751220703,0.2492346167564392,0.2696184515953064,0.2601759433746338
2900,15,0.1753941923379898,85,1.2660920023918152,0.6628604481617609,0.4181329607963562,0.3587620258331299,0.43990403413772583,0.4344610571861267,0.418773889541626,0.4522578716278076
2901,16,0.11148855090141296,161,1.2829463801213674,0.7171046038468679,0.2824792265892029,0.17887163162231445,0.29376959800720215,0.29876917600631714,0.29284948110580444,0.3025463819503784
2902,6,0.2849843204021454,14,0.5233306586742401,0.9048677235841751,0.5420886278152466,0.27343446016311646,0.5537867546081543,0.4831849932670593,0.5390109419822693,0.5080242156982422
2903,12,0.23071253299713135,169,1.5255800485610962,0.7340292662382126,0.8428984880447388,0.8425976037979126,0.843266487121582,0.8438777923583984,0.8422765135765076,0.8442090749740601
2904,11,0.13828590512275696,129,1.5036961026489735,0.6382879912853241,0.7627984285354614,0.6395161747932434,0.7593095898628235,0.7664428353309631,0.7657149434089661,0.7636219263076782
2905,14,0.10327856242656708,101,1.1404789345605033,0.6368224365370614,0.704900860786438,0.6456313133239746,0.7024679183959961,0.7003453373908997,0.7042875289916992,0.7022095918655396
2906,12,0.2740628719329834,113,0.4087642580270767,0.5175745278596878,0.024235308170318604,-0.0024873018264770508,0.015338242053985596,0.020705997943878174,0.020739316940307617,0.016196072101593018
2907,13,0.11287888139486313,89,0.7803556855235781,0.46073965231577557,0.5151057243347168,0.11838173866271973,0.5197122693061829,0.5198033452033997,0.5189187526702881,0.5454501509666443
2908,8,0.21077995002269745,124,1.2856340631842613,0.39391442760825157,0.37897616624832153,0.02862870693206787,0.38942205905914307,0.431934654712677,0.4009932279586792,0.3977866768836975
2909,16,0.12657421827316284,41,0.6960771560668946,0.6371110799637708,-0.01128089427947998,0.0009902715682983398,-0.007320523262023926,-0.00567173957824707,-0.01227116584777832,-0.007764697074890137
2910,9,0.21167288720607758,64,1.8923482497533162,0.4405845155318578,-0.022658824920654297,-0.03952527046203613,-0.018390178680419922,-0.07515537738800049,-0.027538418769836426,-0.09633052349090576
2911,18,0.1972406953573227,80,1.3081701000531514,0.44924065470695496,0.7644251585006714,0.5733960270881653,0.7622564435005188,0.7542624473571777,0.7630622386932373,0.7577864527702332
2912,15,0.12858138978481293,192,0.8012712001800537,0.5806935050270774,0.44523221254348755,0.18124711513519287,0.4457343816757202,0.44665396213531494,0.4478134512901306,0.4462374448776245
2913,12,0.10332033783197403,177,1.1501818696657817,0.6721159468094507,0.35590213537216187,-0.025138139724731445,0.3619951009750366,0.3324589729309082,0.3542940020561218,0.35707807540893555
2914,8,0.24149879813194275,173,0.8661220371723175,0.8770427604516348,0.01981210708618164,0.031337738037109375,0.01175612211227417,0.0338972806930542,0.02925288677215576,0.036349475383758545
2915,11,0.14606070518493652,12,1.3419867157936096,0.4749492513281958,0.6092832088470459,0.6406944990158081,0.6086367964744568,0.6755603551864624,0.5802499651908875,0.6826023459434509
2916,11,0.13611102104187012,15,0.9690252542495728,0.5132991323868433,-0.017582416534423828,-0.011146187782287598,-0.014764904975891113,-0.015160441398620605,-0.01746082305908203,-0.014683246612548828
2917,9,0.10330063104629517,196,1.2495386600494385,0.5515025496482849,0.9430168271064758,0.8071885108947754,0.9410078525543213,0.9412721395492554,0.9435927867889404,0.9428673982620239
2918,9,0.16524554789066315,110,0.7881553322076797,0.6187034249305725,0.7718400955200195,0.5813600420951843,0.7741681933403015,0.7535972595214844,0.7086493968963623,0.7786331176757812
2919,16,0.10733583569526672,99,1.267690646648407,0.411491490223191,0.45752060413360596,0.31035685539245605,0.44549721479415894,0.43324100971221924,0.4482322931289673,0.44214338064193726
2920,10,0.13861870765686035,158,1.5608588814735413,0.8081754982471466,0.026371240615844727,0.007414817810058594,0.02284562587738037,0.024574100971221924,0.02388817071914673,0.02460002899169922
2921,8,0.1465013176202774,138,1.4297414620717366,0.8005768537521363,0.6398444175720215,0.6434229612350464,0.6410868167877197,0.6394177675247192,0.6406528949737549,0.639451265335083
2922,13,0.17423833906650543,167,1.2914729714393616,0.5034111849963665,0.04435783624649048,-0.22377145290374756,0.04889047145843506,0.007496774196624756,0.038423776626586914,0.009878993034362793
2923,8,0.11467932164669037,81,0.9326822757720947,0.6757248838742574,-0.047391414642333984,-0.038730502128601074,-0.04607975482940674,-0.039689064025878906,-0.04868447780609131,-0.04253184795379639
2924,3,0.2609790861606598,120,1.3571045100688934,0.6872771978378296,0.5532381534576416,0.49426573514938354,0.5533227324485779,0.5512593984603882,0.5517361164093018,0.5524140000343323
2925,9,0.1503046602010727,61,1.401542643706004,0.8131305376688639,0.1373898983001709,-0.004910826683044434,0.1386803388595581,0.12820708751678467,0.13540899753570557,0.13330894708633423
2926,7,0.20423275232315063,84,1.0598082318902016,0.7665272951126099,0.03508472442626953,-0.01601696014404297,0.03554505109786987,0.022861957550048828,0.038912177085876465,0.0381893515586853
2927,7,0.29987481236457825,198,1.1260179057717323,0.5170175631841024,0.002033829689025879,-0.006188035011291504,0.003705441951751709,0.0006874203681945801,0.003917098045349121,8.976459503173828e-05
2928,17,0.1141396090388298,159,0.7081468105316162,0.7558892396363345,0.4969690442085266,0.16998088359832764,0.4996908903121948,0.5108686089515686,0.5002445578575134,0.5103921294212341
2929,8,0.22274315357208252,198,1.0694265216588974,0.7099799141287804,-0.007283449172973633,0.014103353023529053,-0.007895112037658691,-0.01117408275604248,-0.009630322456359863,-0.010097146034240723
2930,9,0.11266389489173889,91,1.20186135917902,0.7229014754295349,0.9182555675506592,0.14877921342849731,0.9204910397529602,0.9213283658027649,0.9212501049041748,0.9203779101371765
2931,18,0.11549265682697296,8,1.288677203655243,0.5803995934816507,0.6418270468711853,-0.4655895233154297,0.6326072812080383,0.6249153017997742,0.6108413934707642,0.5564478635787964
2932,3,0.2315443456172943,130,0.5297832041978836,0.23608186841011047,0.12587928771972656,0.018522024154663086,0.12453746795654297,0.13965129852294922,0.1253570318222046,0.14074164628982544
2933,10,0.12536202371120453,100,1.4035377353429794,0.8225391507148743,0.02206873893737793,-0.004193782806396484,0.028889596462249756,0.01500856876373291,0.02520298957824707,0.008444428443908691
2934,3,0.3391558527946472,147,0.46601754426956177,0.41342705488204956,0.003805398941040039,-0.004923582077026367,0.002216339111328125,0.002329111099243164,0.0013980865478515625,0.0025959014892578125
2935,4,0.3178793489933014,186,0.5914191901683807,1.2636293768882751,-0.00372314453125,0.004334211349487305,0.004242122173309326,-0.018723368644714355,0.0009549856185913086,-0.01683497428894043
2936,6,0.3224658966064453,163,0.6916484236717224,0.7905127853155136,0.06389713287353516,-0.008130669593811035,0.07543814182281494,0.08457815647125244,0.07565397024154663,0.08257758617401123
2937,7,0.139191135764122,107,1.3677791754404705,0.7081927061080933,0.7156060934066772,0.3905262351036072,0.7152013778686523,0.7243460416793823,0.7145853042602539,0.7168866395950317
2938,4,0.2159634828567505,26,1.430671493212382,1.7904176712036133,0.07521998882293701,0.0538288950920105,0.07125622034072876,0.0877562165260315,0.09497684240341187,0.1047176718711853
2939,4,0.1701342761516571,108,1.9087228775024414,1.4960945844650269,0.12077915668487549,-0.0343022346496582,0.11704450845718384,0.08724093437194824,0.1263449788093567,0.12557297945022583
2940,6,0.24843166768550873,73,0.9762555162111918,0.8220479389031728,0.041995346546173096,-0.07172989845275879,0.022414028644561768,0.014610588550567627,0.022626221179962158,-0.015223860740661621
2941,18,0.10901287198066711,119,1.180894911289215,0.5756920859217644,0.7222746014595032,0.7229982614517212,0.732964277267456,0.734407901763916,0.7340176105499268,0.7130841612815857
2942,12,0.11160802096128464,178,1.3902506530284882,0.42798702120780946,0.9307018518447876,0.8617674112319946,0.9307411313056946,0.9312661290168762,0.930474579334259,0.9314208626747131
2943,9,0.12026429921388626,195,0.8834473192691803,0.6443256497383117,0.45361679792404175,0.3418155908584595,0.4577450752258301,0.44381093978881836,0.4494907855987549,0.44822579622268677
2944,5,0.33650097250938416,123,0.3402674198150635,0.5771253705024719,0.06034904718399048,0.037058889865875244,0.055206120014190674,0.05599778890609741,0.055902063846588135,0.0564388632774353
2945,3,0.31690365076065063,15,0.28691208362579346,0.34248483180999756,-0.034519195556640625,0.13521945476531982,0.04739660024642944,0.09954202175140381,0.012307822704315186,0.1426977515220642
2946,20,0.12435433268547058,87,1.2801991403102875,0.6118280614415804,-0.13739311695098877,-0.09927117824554443,-0.12898409366607666,-0.10664379596710205,-0.1454850435256958,-0.11218583583831787
2947,17,0.11712521314620972,148,1.2092323700586955,0.5115454603325237,0.7521318793296814,0.28992563486099243,0.7535220980644226,0.7560052275657654,0.7534878849983215,0.7580455541610718
2948,5,0.2925961911678314,151,1.6321686133742332,0.7706759572029114,0.13182783126831055,0.07352662086486816,0.12155717611312866,0.1268465518951416,0.12597918510437012,0.12865376472473145
2949,9,0.1506699174642563,75,1.5111935675144195,0.6862494945526123,0.5895793437957764,0.04158222675323486,0.5844026207923889,0.5902150869369507,0.5940759181976318,0.5930168032646179
2950,13,0.2670641243457794,133,1.3335140347480774,0.5591140873730183,0.9115415811538696,0.7805101871490479,0.908668041229248,0.8884989619255066,0.9054533243179321,0.892571747303009
2951,7,0.29152894020080566,162,0.9435897022485733,0.6456907987594604,0.06647753715515137,-0.012764930725097656,0.06750845909118652,0.06951254606246948,0.06818526983261108,0.0650743842124939
2952,22,0.11135604977607727,125,1.1657710522413254,0.49377729412582183,0.4352930188179016,0.37837064266204834,0.3766127824783325,0.452339768409729,0.363986611366272,0.4128837585449219
2953,14,0.14482738077640533,177,0.5800608783960343,0.5456483893924289,0.005683004856109619,-0.0007426738739013672,0.006574094295501709,-0.00038695335388183594,0.006944596767425537,0.00039118528366088867
2954,7,0.11780589818954468,125,1.5072490374247234,0.24494615197181702,0.022273361682891846,0.028856754302978516,0.023442327976226807,0.024254977703094482,0.025618135929107666,0.023212969303131104
2955,6,0.22014804184436798,35,1.892310639222463,1.1131834983825684,0.09479427337646484,0.03362065553665161,0.1273474097251892,0.11923420429229736,0.07627767324447632,0.09843689203262329
2956,19,0.22222401201725006,36,1.414215199649334,0.5787700821955999,0.7357540130615234,0.05590105056762695,0.6526234149932861,0.7291347980499268,0.7030262351036072,0.7268925905227661
2957,4,0.29450008273124695,160,1.3138302167256672,0.4694162607192993,0.2580633759498596,0.04521369934082031,0.26636868715286255,0.2689700722694397,0.2630113363265991,0.25480782985687256
2958,8,0.10459266602993011,70,0.525369385878245,0.25312722474336624,-0.06101059913635254,-0.07437658309936523,-0.06651735305786133,-0.08893656730651855,-0.06722187995910645,-0.09171116352081299
2959,10,0.19153089821338654,32,1.02275746067365,0.6544525240148816,0.11616802215576172,0.0010653138160705566,0.1616193652153015,0.2587093710899353,0.2233067750930786,0.25798189640045166
2960,21,0.11375147849321365,42,0.7045716792345047,0.4550340952617781,0.683515727519989,0.12373894453048706,0.4999316334724426,0.4771203398704529,0.5058645009994507,0.5184948444366455
2961,8,0.1770118623971939,170,0.5264063676198324,0.4303411394357681,-0.036244750022888184,-0.005629301071166992,-0.036579012870788574,-0.04660987854003906,-0.043105483055114746,-0.04278111457824707
2962,10,0.15660187602043152,117,1.3110993802547455,0.6023895690838496,0.3599247932434082,0.09438848495483398,0.36148005723953247,0.37284672260284424,0.358584463596344,0.3764649033546448
2963,7,0.2121860831975937,182,0.9654908120632172,0.361878365278244,0.9027867317199707,0.17064541578292847,0.9021210074424744,0.9014049768447876,0.9038242101669312,0.9044011831283569
2964,20,0.10068204253911972,15,1.0113636468138014,0.6759392687907586,0.34479832649230957,0.134674072265625,0.27570515871047974,0.5115559101104736,0.3589363098144531,0.4767392873764038
2965,5,0.3423144817352295,151,0.2748088091611862,0.34850119551022846,0.055211424827575684,0.07454192638397217,0.051387250423431396,0.03922480344772339,0.05713897943496704,0.06037092208862305
2966,11,0.13653774559497833,175,1.4365583807229996,0.5483439990452358,0.7812057137489319,0.7803817987442017,0.7829087376594543,0.7748132348060608,0.7803745269775391,0.78141188621521
2967,10,0.3419620990753174,48,0.8568175882101059,0.5417882924278578,-0.02479100227355957,-0.027474403381347656,-0.027811646461486816,-0.010070085525512695,-0.030493497848510742,-0.009690046310424805
2968,12,0.1157757043838501,171,1.0869977325201035,0.45691874623298645,0.8682165145874023,-0.0665597915649414,0.8637807369232178,0.8605698347091675,0.8670329451560974,0.8666486740112305
2969,14,0.14104965329170227,5,1.369544764359792,0.3184847254306078,0.8210626244544983,0.8143506050109863,0.7918756008148193,0.8684769868850708,0.7546352744102478,0.9034254550933838
2970,7,0.261787086725235,134,1.04021418094635,0.5610464215278625,0.3865807056427002,0.008624017238616943,0.3959888219833374,0.38193440437316895,0.38320600986480713,0.3943319320678711
2971,4,0.16641375422477722,22,1.6746551394462585,0.8233584761619568,-0.09821534156799316,-0.027446985244750977,-0.09464704990386963,-0.11842143535614014,-0.14320695400238037,-0.1220170259475708
2972,25,0.11878807842731476,49,1.0522257089614868,0.6020381458495793,0.8142812848091125,0.41782379150390625,0.7832272052764893,0.8222306966781616,0.7705522775650024,0.8170896172523499
2973,8,0.17140315473079681,32,0.8349097073078156,0.6380134105682373,0.8808284997940063,0.22359013557434082,0.8839947581291199,0.879037082195282,0.8824928998947144,0.8824403285980225
2974,3,0.1085335984826088,133,1.0286470651626587,0.3122182786464691,-0.008326530456542969,-0.006136298179626465,0.0022616982460021973,-0.016960978507995605,-0.014483809471130371,-0.012256860733032227
2975,11,0.2594168782234192,135,2.279879927635193,0.4479924920532439,0.8179308176040649,0.7889270186424255,0.8131060004234314,0.8209443688392639,0.8192654848098755,0.8179852366447449
2976,5,0.3468356430530548,56,0.8323714137077332,0.5348637104034424,-0.01167285442352295,0.0029020309448242188,-0.010800480842590332,-0.012336969375610352,-0.019465923309326172,-0.03609657287597656
2977,8,0.3077659606933594,44,2.033160388469696,1.2095222373803456,0.23108041286468506,0.12565940618515015,0.2256353497505188,0.22392606735229492,0.2237127423286438,0.2269347906112671
2978,10,0.13749882578849792,153,1.4847187598546345,0.4255384568657194,0.7265229821205139,0.7235733866691589,0.7296972274780273,0.7295435667037964,0.7292830944061279,0.7301894426345825
2979,22,0.12541751563549042,62,0.6359526440501213,0.6215295559830136,0.9184826612472534,0.2542439103126526,0.9134602546691895,0.9119158983230591,0.9124534726142883,0.9097742438316345
2980,5,0.3979552090167999,81,0.9303739368915558,0.2986129919687907,0.6749873161315918,0.6648755073547363,0.681891679763794,0.7053667902946472,0.6839856505393982,0.7068456411361694
2981,17,0.10592290759086609,44,0.9712124268213908,0.6307069144465707,0.692143440246582,0.5531445145606995,0.7166852355003357,0.6890022158622742,0.7261510491371155,0.6951192617416382
2982,21,0.15324410796165466,97,1.1946806758642197,0.6561144888401031,-0.0005518198013305664,0.026537001132965088,-0.006683230400085449,0.00664132833480835,-0.005033016204833984,0.008085250854492188
2983,6,0.31580549478530884,92,1.3916156589984894,0.504861315091451,0.15724188089370728,0.19618570804595947,0.14968866109848022,0.16785699129104614,0.1406843662261963,0.16987544298171997
2984,7,0.14278455078601837,171,1.1373569816350937,0.6235013008117676,0.16544580459594727,-0.021499276161193848,0.1595531702041626,0.16663169860839844,0.16797584295272827,0.16637247800827026
2985,7,0.2873211205005646,129,1.3959503769874573,0.9097310304641724,0.06320494413375854,0.04913860559463501,0.06846213340759277,0.0637173056602478,0.06983238458633423,0.06496924161911011
2986,8,0.301766574382782,33,0.9708278328180313,0.9949167519807816,0.26326459646224976,0.06074655055999756,0.16830909252166748,0.2870194911956787,0.21657723188400269,0.285045325756073
2987,15,0.11463110148906708,36,0.6706909075379371,0.5164549350738525,-0.009647965431213379,-0.03299117088317871,-0.012220501899719238,-0.015185832977294922,-0.014995217323303223,-0.021479010581970215
2988,10,0.11521056294441223,75,0.7807621002197266,0.5142469882965088,0.10081994533538818,0.009765982627868652,0.08617258071899414,0.11118948459625244,0.09563010931015015,0.11258113384246826
2989,25,0.11567119508981705,186,0.7904336963381086,0.5728306008709801,0.8559852838516235,0.4917263388633728,0.8532648682594299,0.8576770424842834,0.8429006934165955,0.8502727746963501
2990,20,0.11992157250642776,192,1.0988190720478694,0.6173887497612408,0.5876607894897461,0.5993009805679321,0.5914304852485657,0.5897175669670105,0.5876564979553223,0.59865403175354
2991,11,0.24933239817619324,21,1.1146739162504673,0.5964254098279136,0.9570607542991638,0.7611686587333679,0.9577552080154419,0.9531901478767395,0.9552077054977417,0.9556028246879578
2992,8,0.19636528193950653,40,0.7497996389865875,0.48104554414749146,0.3795887231826782,0.33818531036376953,0.37407857179641724,0.39047741889953613,0.38729166984558105,0.39885300397872925
2993,16,0.1400485634803772,26,1.301471585035324,0.7028170837597414,0.021028220653533936,-0.004783034324645996,0.02119678258895874,0.0022643208503723145,0.013965964317321777,0.006285548210144043
2994,9,0.3769632875919342,103,1.2287007570266724,0.5730761935313543,-0.010995745658874512,0.00911802053451538,-0.02183365821838379,-0.0038247108459472656,-0.017429113388061523,-0.021802306175231934
2995,10,0.17200462520122528,29,1.1751445134480794,0.5684517323970795,0.2063535451889038,0.030412673950195312,0.18441826105117798,0.24794727563858032,0.18157577514648438,0.241493821144104
2996,9,0.13463187217712402,62,0.3685825339385441,0.7216103971004486,0.603710949420929,0.5777866244316101,0.6090813875198364,0.6090859174728394,0.6088683009147644,0.6048709750175476
2997,10,0.1202971339225769,200,1.2021476370947701,0.9735656181971232,0.01790410280227661,-0.02357661724090576,0.01957845687866211,0.0460587739944458,0.01114743947982788,0.05019170045852661
2998,13,0.2640102803707123,61,1.8575489103794098,0.6946284361183643,0.8922993540763855,0.8218342661857605,0.8816842436790466,0.8871840238571167,0.8898930549621582,0.8874937891960144
2999,5,0.24046191573143005,165,0.6939514577388763,0.682708223660787,0.4856628179550171,0.07731497287750244,0.4870230555534363,0.47942715883255005,0.4857019782066345,0.4823281764984131
